{
"type": "FeatureCollection",
"name": "CLIMB",
"crs": { "type": "name", "properties": { "name": "urn:ogc:def:crs:OGC:1.3:CRS84" } },
"features": [
{"type":"Feature","properties":{"X":19.552513767222099,"Y":50.4379690075965,"aktualnosc":null,"Name":"Gruczowa Skała","wysokosc":null,"LINK":"<a href=\"\" target=\"_blank\">LINK</a>","TOPO":null,"rejon":null,"wojewodztwo":null,"powiat":"zawierciański","gmina":"Ogrodzieniec-gmina miejsko-wiejska","nazwaOboczna":null,"foto":null,"KAT":"Skała","skaloplan":null},"geometry":{"type":"Point","coordinates":[19.552513767222099,50.4379690075965]}},
{"type":"Feature","properties":{"X":19.5633333181,"Y":50.440277807299999,"aktualnosc":null,"Name":"Gurdziel","wysokosc":null,"LINK":"<a href=\"\" target=\"_blank\">LINK</a>","TOPO":null,"rejon":null,"wojewodztwo":null,"powiat":"zawierciański","gmina":"Ogrodzieniec-gmina miejsko-wiejska","nazwaOboczna":null,"foto":null,"KAT":"Skała","skaloplan":null},"geometry":{"type":"Point","coordinates":[19.5633333181,50.440277807299999]}},
{"type":"Feature","properties":{"X":19.574562350499999,"Y":50.443002896499998,"aktualnosc":"2014-10-10","Name":"Kopaniny","wysokosc":null,"LINK":"<a href=\"\" target=\"_blank\">LINK</a>","TOPO":null,"rejon":null,"wojewodztwo":null,"powiat":null,"gmina":null,"nazwaOboczna":null,"foto":null,"KAT":"Skała","skaloplan":null},"geometry":{"type":"Point","coordinates":[19.574562350499999,50.443002896499998]}},
{"type":"Feature","properties":{"X":19.559660980038799,"Y":50.435590398094298,"aktualnosc":null,"Name":"Mała Skała","wysokosc":null,"LINK":"<a href=\"\" target=\"_blank\">LINK</a>","TOPO":null,"rejon":null,"wojewodztwo":null,"powiat":"zawierciański","gmina":"Ogrodzieniec-gmina miejsko-wiejska","nazwaOboczna":null,"foto":null,"KAT":"Skała","skaloplan":null},"geometry":{"type":"Point","coordinates":[19.559660980038799,50.435590398094298]}},
{"type":"Feature","properties":{"X":19.502802819100001,"Y":50.51833393,"aktualnosc":"2013-06-18","Name":"Kopciowe","wysokosc":null,"LINK":"<a href=\"\" target=\"_blank\">LINK</a>","TOPO":null,"rejon":null,"wojewodztwo":"śląskie","powiat":"zawierciański","gmina":null,"nazwaOboczna":null,"foto":null,"KAT":"Skała","skaloplan":null},"geometry":{"type":"Point","coordinates":[19.502802819100001,50.51833393]}},
{"type":"Feature","properties":{"X":19.511164988899999,"Y":50.567660460799999,"aktualnosc":"2014-10-10","Name":"Ukryte Skały","wysokosc":null,"LINK":"<a href=\"\" target=\"_blank\">LINK</a>","TOPO":null,"rejon":"Podlesice","wojewodztwo":"śląskie","powiat":"zawierciański","gmina":"Kroczyce","nazwaOboczna":null,"foto":null,"KAT":"Skała","skaloplan":null},"geometry":{"type":"Point","coordinates":[19.510996799339722,50.567655903679977]}},
{"type":"Feature","properties":{"X":19.5128190806,"Y":50.565638548599999,"aktualnosc":"2014-10-10","Name":"Bukowe Skały","wysokosc":"12","LINK":"<a href=\"\" target=\"_blank\">LINK</a>","TOPO":null,"rejon":"Góra Apteka","wojewodztwo":"śląskie","powiat":"zawierciański","gmina":"Kroczyce","nazwaOboczna":"","foto":"<a href=\"./Skaly/Kroczyce/Gora_Apteka/Bukowe/img/O.jpg\" target=\"_blank\">FOTO</a>","KAT":"Skała","skaloplan":null},"geometry":{"type":"Point","coordinates":[19.5128190806,50.565638548599999]}},
{"type":"Feature","properties":{"X":19.5231237343,"Y":50.536290513600001,"aktualnosc":"2014-10-10","Name":"Lewe Nietoperze","wysokosc":null,"LINK":"<a href=\"\" target=\"_blank\">LINK</a>","TOPO":null,"rejon":"Piaseczno","wojewodztwo":"śląskie","powiat":"zawierciański","gmina":"Kroczyce","nazwaOboczna":null,"foto":null,"KAT":"Skała","skaloplan":null},"geometry":{"type":"Point","coordinates":[19.5231237343,50.536290513600001]}},
{"type":"Feature","properties":{"X":19.523924091600001,"Y":50.536151885499997,"aktualnosc":"2014-10-10","Name":"Prawe Nietoperze","wysokosc":null,"LINK":"<a href=\"\" target=\"_blank\">LINK</a>","TOPO":null,"rejon":"Piaseczno","wojewodztwo":"śląskie","powiat":"zawierciański","gmina":"Kroczyce","nazwaOboczna":null,"foto":null,"KAT":"Skała","skaloplan":null},"geometry":{"type":"Point","coordinates":[19.523924091600001,50.536151885499997]}},
{"type":"Feature","properties":{"X":19.5167389223,"Y":50.564861605799997,"aktualnosc":"2014-10-10","Name":"Zwornikowe Sakały","wysokosc":null,"LINK":"<a href=\"\" target=\"_blank\">LINK</a>","TOPO":null,"rejon":"Podlesice","wojewodztwo":"śląskie","powiat":"zawierciański","gmina":"Kroczyce","nazwaOboczna":null,"foto":null,"KAT":"Skała","skaloplan":null},"geometry":{"type":"Point","coordinates":[19.5167389223,50.564861605799997]}},
{"type":"Feature","properties":{"X":19.487674468000002,"Y":50.573694631199999,"aktualnosc":"2014-10-10","Name":"Mała Grań","wysokosc":null,"LINK":"<a href=\"\" target=\"_blank\">LINK</a>","TOPO":null,"rejon":"Rzędkowice","wojewodztwo":"śląskie","powiat":"zawierciański","gmina":"Włodowice (gm. miejsko-wiejska)","nazwaOboczna":null,"foto":"<a href=\"./Skaly/18//O.jpg\" target=\"_blank\"><a/>","KAT":"Skała","skaloplan":"<a href=\"./Skaly/18/T-RZEDKOWICE_.pdf\" target=\"_blank\"><a/>"},"geometry":{"type":"Point","coordinates":[19.487674468,50.573694631199999]}},
{"type":"Feature","properties":{"X":19.651666736799999,"Y":50.420277734499997,"aktualnosc":"2013-06-18","Name":"Ruskowa Skała","wysokosc":null,"LINK":"<a href=\"\" target=\"_blank\">LINK</a>","TOPO":null,"rejon":null,"wojewodztwo":null,"powiat":null,"gmina":null,"nazwaOboczna":null,"foto":null,"KAT":"Skała","skaloplan":null},"geometry":{"type":"Point","coordinates":[19.65184503743572,50.421486512254859]}},
{"type":"Feature","properties":{"X":19.659656888499999,"Y":50.4271892796,"aktualnosc":"2013-06-18","Name":"Smylowa Skała","wysokosc":null,"LINK":"<a href=\"\" target=\"_blank\">LINK</a>","TOPO":null,"rejon":null,"wojewodztwo":null,"powiat":null,"gmina":null,"nazwaOboczna":null,"foto":null,"KAT":"Skała","skaloplan":null},"geometry":{"type":"Point","coordinates":[19.659656888499999,50.4271892796]}},
{"type":"Feature","properties":{"X":19.688119037500002,"Y":50.435538548799997,"aktualnosc":"2013-06-18","Name":"Zawsie","wysokosc":null,"LINK":"<a href=\"\" target=\"_blank\">LINK</a>","TOPO":null,"rejon":null,"wojewodztwo":null,"powiat":null,"gmina":null,"nazwaOboczna":null,"foto":null,"KAT":"Skała","skaloplan":null},"geometry":{"type":"Point","coordinates":[19.688119037500002,50.435538548799997]}},
{"type":"Feature","properties":{"X":19.655555263499998,"Y":50.425473687699998,"aktualnosc":"2024-05-05","Name":"Skała Gaj I","wysokosc":"20","LINK":"<a href=\"https://wspinanie.pl/2018/09/w-rejonie-smolenia-nowe-drogi-na-gaju/\" target=\"_blank\">LINK</a>","TOPO":null,"rejon":"Smoleń","wojewodztwo":null,"powiat":null,"gmina":null,"nazwaOboczna":null,"foto":null,"KAT":"Skała","skaloplan":null},"geometry":{"type":"Point","coordinates":[19.655555263499998,50.425473687699998]}},
{"type":"Feature","properties":{"X":19.690592415000001,"Y":50.441354958799998,"aktualnosc":"2013-06-18","Name":"Wypaleniec","wysokosc":null,"LINK":"<a href=\"\" target=\"_blank\">LINK</a>","TOPO":null,"rejon":null,"wojewodztwo":null,"powiat":null,"gmina":null,"nazwaOboczna":null,"foto":null,"KAT":"Skała","skaloplan":null},"geometry":{"type":"Point","coordinates":[19.690592415,50.441354958799998]}},
{"type":"Feature","properties":{"X":19.694039145600001,"Y":50.443591146599999,"aktualnosc":"2013-06-18","Name":"Pośrednica","wysokosc":null,"LINK":"<a href=\"\" target=\"_blank\">LINK</a>","TOPO":null,"rejon":null,"wojewodztwo":null,"powiat":null,"gmina":null,"nazwaOboczna":null,"foto":null,"KAT":"Skała","skaloplan":null},"geometry":{"type":"Point","coordinates":[19.694039145600001,50.443591146599999]}},
{"type":"Feature","properties":{"X":19.5548453169,"Y":50.453951693699999,"aktualnosc":"2025-02-16","Name":"Garnek","wysokosc":null,"LINK":"<a href=\"\" target=\"_blank\">LINK</a>","TOPO":null,"rejon":"Podzamcze","wojewodztwo":"śląskie","powiat":"zawierciański","gmina":"Ogrodzieniec (gm. miejsko-wiejska)","nazwaOboczna":null,"foto":null,"KAT":"Skała","skaloplan":null},"geometry":{"type":"Point","coordinates":[19.5548453169,50.453951693699999]}},
{"type":"Feature","properties":{"X":19.5546349900686,"Y":50.453796281376597,"aktualnosc":"2025-02-16","Name":"Okiennik","wysokosc":null,"LINK":"<a href=\"\" target=\"_blank\">LINK</a>","TOPO":null,"rejon":"Podzamcze","wojewodztwo":"śląskie","powiat":"zawierciański","gmina":"Ogrodzieniec (gm. miejsko-wiejska)","nazwaOboczna":null,"foto":null,"KAT":"Skała","skaloplan":null},"geometry":{"type":"Point","coordinates":[19.5546349900686,50.453796281376597]}},
{"type":"Feature","properties":{"X":19.6043225766105,"Y":50.438809947638497,"aktualnosc":"2013-06-18","Name":"Dupnica","wysokosc":"15","LINK":"<a href=\"\" target=\"_blank\">LINK</a>","TOPO":null,"rejon":"Ryczów","wojewodztwo":"śląskie","powiat":"zawierciański","gmina":"Ogrodzieniec","nazwaOboczna":null,"foto":null,"KAT":"Skała","skaloplan":null},"geometry":{"type":"Point","coordinates":[19.612731826911588,50.431498375214964]}},
{"type":"Feature","properties":{"X":19.485046493199999,"Y":50.566855295300002,"aktualnosc":"2014-10-10","Name":"Polne Turniczki","wysokosc":null,"LINK":"<a href=\"\" target=\"_blank\">LINK</a>","TOPO":null,"rejon":null,"wojewodztwo":null,"powiat":null,"gmina":null,"nazwaOboczna":null,"foto":null,"KAT":"Skała","skaloplan":null},"geometry":{"type":"Point","coordinates":[19.485046493199999,50.566855295300002]}},
{"type":"Feature","properties":{"X":19.532710427600001,"Y":50.576204688300002,"aktualnosc":"2014-10-10","Name":"Baba","wysokosc":null,"LINK":"<a href=\"\" target=\"_blank\">LINK</a>","TOPO":null,"rejon":"Podlesice | Kołoczek","wojewodztwo":"śląskie","powiat":"zawierciański","gmina":"Kroczyce","nazwaOboczna":null,"foto":null,"KAT":"Skała","skaloplan":null},"geometry":{"type":"Point","coordinates":[19.532710427600001,50.576204688300002]}},
{"type":"Feature","properties":{"X":19.502967456,"Y":50.564863418400002,"aktualnosc":"2014-10-10","Name":"Sarnie Skały","wysokosc":null,"LINK":"<a href=\"\" target=\"_blank\">LINK</a>","TOPO":null,"rejon":null,"wojewodztwo":null,"powiat":null,"gmina":null,"nazwaOboczna":null,"foto":null,"KAT":"Skała","skaloplan":null},"geometry":{"type":"Point","coordinates":[19.502967456,50.564863418400002]}},
{"type":"Feature","properties":{"X":19.680277741400001,"Y":50.440555590099997,"aktualnosc":"2020-11-13","Name":"Sikorowa Skała","wysokosc":null,"LINK":"<a href=\"\" target=\"_blank\">LINK</a>","TOPO":null,"rejon":null,"wojewodztwo":null,"powiat":null,"gmina":null,"nazwaOboczna":null,"foto":null,"KAT":"Skała","skaloplan":null},"geometry":{"type":"Point","coordinates":[19.680277741400001,50.440555590099997]}},
{"type":"Feature","properties":{"X":19.641283464699999,"Y":50.434988786600002,"aktualnosc":"2020-11-13","Name":"Skała Lisia Buda","wysokosc":null,"LINK":"<a href=\"\" target=\"_blank\">LINK</a>","TOPO":null,"rejon":null,"wojewodztwo":null,"powiat":null,"gmina":null,"nazwaOboczna":null,"foto":null,"KAT":"Skała","skaloplan":null},"geometry":{"type":"Point","coordinates":[19.641283464699999,50.434988786600002]}},
{"type":"Feature","properties":{"X":19.663468215599998,"Y":50.431615704099997,"aktualnosc":"2020-11-13","Name":"Dziurawa Skała","wysokosc":null,"LINK":"<a href=\"\" target=\"_blank\">LINK</a>","TOPO":null,"rejon":null,"wojewodztwo":null,"powiat":null,"gmina":null,"nazwaOboczna":null,"foto":null,"KAT":"Skała","skaloplan":null},"geometry":{"type":"Point","coordinates":[19.663349827819026,50.431646509378844]}},
{"type":"Feature","properties":{"X":19.6694443809,"Y":50.419444423500003,"aktualnosc":"2025-02-18","Name":"Bezpańska","wysokosc":"16","LINK":"<a href=\"https://topo.wspinka.org/okolice-smolenia/bezpanska\" target=\"_blank\">LINK</a>","TOPO":"<a href=\"./Skaly/23/Bezpanska/T-SMOLEN_BEZPAŃSKA.pdf\" target=\"_blank\">TOPO</a>","rejon":"Smoleń","wojewodztwo":"śląskie","powiat":"zawierciański","gmina":"Pilica (gm. miejsko-wiejska)","nazwaOboczna":null,"foto":null,"KAT":"Skała","skaloplan":null},"geometry":{"type":"Point","coordinates":[19.6694443809,50.419444423500003]}},
{"type":"Feature","properties":{"X":19.6681977002,"Y":50.437385145599997,"aktualnosc":"2020-11-13","Name":"Oczko w Smoleniu","wysokosc":null,"LINK":"<a href=\"\" target=\"_blank\">LINK</a>","TOPO":null,"rejon":null,"wojewodztwo":null,"powiat":null,"gmina":null,"nazwaOboczna":null,"foto":null,"KAT":"Skała","skaloplan":null},"geometry":{"type":"Point","coordinates":[19.6681977002,50.437385145599997]}},
{"type":"Feature","properties":{"X":19.524625081899998,"Y":50.538822283000002,"aktualnosc":"2020-11-13","Name":"Wielka Jamnicza","wysokosc":null,"LINK":"<a href=\"\" target=\"_blank\">LINK</a>","TOPO":null,"rejon":"Piaseczno","wojewodztwo":"śląskie","powiat":"zawierciański","gmina":"Kroczyce","nazwaOboczna":null,"foto":null,"KAT":"Skała","skaloplan":null},"geometry":{"type":"Point","coordinates":[19.524625081899998,50.538822283]}},
{"type":"Feature","properties":{"X":19.5297068729,"Y":50.539833126700003,"aktualnosc":"2020-11-13","Name":"Sowi Mur Lewy","wysokosc":null,"LINK":"<a href=\"\" target=\"_blank\">LINK</a>","TOPO":null,"rejon":"Piaseczno","wojewodztwo":"śląskie","powiat":"zawierciański","gmina":"Kroczyce","nazwaOboczna":null,"foto":null,"KAT":"Skała","skaloplan":null},"geometry":{"type":"Point","coordinates":[19.5297068729,50.539833126700003]}},
{"type":"Feature","properties":{"X":19.518697120700001,"Y":50.538114461200003,"aktualnosc":"2020-11-13","Name":"Lwica","wysokosc":null,"LINK":"<a href=\"\" target=\"_blank\">LINK</a>","TOPO":null,"rejon":"Piaseczno","wojewodztwo":"śląskie","powiat":"zawierciański","gmina":"Kroczyce","nazwaOboczna":null,"foto":null,"KAT":"Skała","skaloplan":null},"geometry":{"type":"Point","coordinates":[19.518697120700001,50.538114461200003]}},
{"type":"Feature","properties":{"X":19.5161568979,"Y":50.537658094999998,"aktualnosc":"2020-11-13","Name":"Lew","wysokosc":null,"LINK":"<a href=\"\" target=\"_blank\">LINK</a>","TOPO":null,"rejon":"Piaseczno","wojewodztwo":"śląskie","powiat":"zawierciański","gmina":"Kroczyce","nazwaOboczna":null,"foto":null,"KAT":"Skała","skaloplan":null},"geometry":{"type":"Point","coordinates":[19.5161568979,50.537658095]}},
{"type":"Feature","properties":{"X":19.5023316443,"Y":50.567896534299997,"aktualnosc":"2020-11-13","Name":"Faszystowski Ogródek","wysokosc":null,"LINK":"<a href=\"\" target=\"_blank\">LINK</a>","TOPO":null,"rejon":"Rzędkowice","wojewodztwo":"śląskie","powiat":"zawierciański","gmina":"Włodowice","nazwaOboczna":null,"foto":null,"KAT":"Skała","skaloplan":null},"geometry":{"type":"Point","coordinates":[19.5023316443,50.567896534299997]}},
{"type":"Feature","properties":{"X":19.5731988272018,"Y":50.421483180068599,"aktualnosc":null,"Name":"Tapir","wysokosc":null,"LINK":"<a href=\"\" target=\"_blank\">LINK</a>","TOPO":null,"rejon":null,"wojewodztwo":null,"powiat":"zawierciański","gmina":"Ogrodzieniec-gmina miejsko-wiejska","nazwaOboczna":null,"foto":null,"KAT":"Skała","skaloplan":null},"geometry":{"type":"Point","coordinates":[19.5731988272018,50.421483180068599]}},
{"type":"Feature","properties":{"X":19.543649027602498,"Y":50.597249873242603,"aktualnosc":null,"Name":"Młyńska Skała","wysokosc":null,"LINK":"<a href=\"\" target=\"_blank\">LINK</a>","TOPO":null,"rejon":null,"wojewodztwo":null,"powiat":"zawierciański","gmina":"Włodowice-gmina miejsko-wiejska","nazwaOboczna":null,"foto":null,"KAT":"Skała","skaloplan":null},"geometry":{"type":"Point","coordinates":[19.543649027602498,50.597249873242603]}},
{"type":"Feature","properties":{"X":19.485693284178399,"Y":50.575271617355199,"aktualnosc":"2013-06-18","Name":"Skała Wysoka","wysokosc":null,"LINK":"<a href=\"\" target=\"_blank\">LINK</a>","TOPO":null,"rejon":"Rzędkowice","wojewodztwo":"śląskie","powiat":"zawierciański","gmina":"Włodowice (gm. miejsko-wiejska)","nazwaOboczna":null,"foto":"<a href=\"./Skaly/18//O.jpg\" target=\"_blank\"><a/>","KAT":"Skała","skaloplan":"<a href=\"./Skaly/18/T-RZEDKOWICE_.pdf\" target=\"_blank\"><a/>"},"geometry":{"type":"Point","coordinates":[19.485693284178399,50.575271617355199]}},
{"type":"Feature","properties":{"X":19.573547702254199,"Y":50.421256825713698,"aktualnosc":null,"Name":"Nosorożec","wysokosc":null,"LINK":"<a href=\"\" target=\"_blank\">LINK</a>","TOPO":null,"rejon":null,"wojewodztwo":null,"powiat":"zawierciański","gmina":"Ogrodzieniec-gmina miejsko-wiejska","nazwaOboczna":null,"foto":null,"KAT":"Skała","skaloplan":null},"geometry":{"type":"Point","coordinates":[19.573547702254199,50.421256825713698]}},
{"type":"Feature","properties":{"X":19.554983040587,"Y":50.454126350824701,"aktualnosc":"2025-02-16","Name":"Adept","wysokosc":null,"LINK":"<a href=\"\" target=\"_blank\">LINK</a>","TOPO":null,"rejon":"Podzamcze","wojewodztwo":"śląskie","powiat":"zawierciański","gmina":"Ogrodzieniec (gm. miejsko-wiejska)","nazwaOboczna":null,"foto":null,"KAT":"Skała","skaloplan":null},"geometry":{"type":"Point","coordinates":[19.554983040587,50.454126350824701]}},
{"type":"Feature","properties":{"X":19.5720518392,"Y":50.5915312395,"aktualnosc":"2013-06-18","Name":"Wielbłąd","wysokosc":"14","LINK":"<a href=\"https://topo.portalgorski.pl/G%C3%B3ra-S%C5%82upska,Podlesice,Jura-Krakowsko-Cz%C4%99stochowska,skala,654\" target=\"_blank\">LINK</a>","TOPO":null,"rejon":null,"wojewodztwo":null,"powiat":null,"gmina":null,"nazwaOboczna":null,"foto":null,"KAT":"Skała","skaloplan":null},"geometry":{"type":"Point","coordinates":[19.5720518392,50.5915312395]}},
{"type":"Feature","properties":{"X":19.5722222546,"Y":50.591371804700003,"aktualnosc":"2013-06-18","Name":"Słupska","wysokosc":"12","LINK":"<a href=\"https://topo.portalgorski.pl/G%C3%B3ra-S%C5%82upska,Podlesice,Jura-Krakowsko-Cz%C4%99stochowska,skala,654\" target=\"_blank\">LINK</a>","TOPO":null,"rejon":null,"wojewodztwo":null,"powiat":null,"gmina":null,"nazwaOboczna":null,"foto":null,"KAT":"Skała","skaloplan":null},"geometry":{"type":"Point","coordinates":[19.5722222546,50.591371804700003]}},
{"type":"Feature","properties":{"X":19.488345992300001,"Y":50.573768898300003,"aktualnosc":"2013-06-18","Name":"Baszta","wysokosc":null,"LINK":"<a href=\"\" target=\"_blank\">LINK</a>","TOPO":null,"rejon":"Rzędkowice","wojewodztwo":"śląskie","powiat":"zawierciański","gmina":"Włodowice (gm. miejsko-wiejska)","nazwaOboczna":null,"foto":"<a href=\"./Skaly/18//O.jpg\" target=\"_blank\"><a/>","KAT":"Skała","skaloplan":"<a href=\"./Skaly/18/T-RZEDKOWICE_.pdf\" target=\"_blank\"><a/>"},"geometry":{"type":"Point","coordinates":[19.488345992300001,50.573768898300003]}},
{"type":"Feature","properties":{"X":19.5115349131,"Y":50.544351897799999,"aktualnosc":"2025-02-16","Name":"Okiennik Morski (Mały)","wysokosc":null,"LINK":"<a href=\"\" target=\"_blank\">LINK</a>","TOPO":null,"rejon":"Skały Morskie","wojewodztwo":"śląskie","powiat":"zawierciański","gmina":" Zawiercie (gm. miejska)","nazwaOboczna":null,"foto":null,"KAT":"Skała","skaloplan":null},"geometry":{"type":"Point","coordinates":[19.5115349131,50.544351897799999]}},
{"type":"Feature","properties":{"X":19.511341350591199,"Y":50.5626134102991,"aktualnosc":"2013-06-18","Name":"Skała Okólnik","wysokosc":null,"LINK":"<a href=\"\" target=\"_blank\">LINK</a>","TOPO":null,"rejon":null,"wojewodztwo":null,"powiat":null,"gmina":null,"nazwaOboczna":null,"foto":null,"KAT":"Skała","skaloplan":null},"geometry":{"type":"Point","coordinates":[19.511341350591199,50.5626134102991]}},
{"type":"Feature","properties":{"X":19.492435537,"Y":50.517141504900003,"aktualnosc":"2013-06-18","Name":"Lipie","wysokosc":"12","LINK":"<a href=\"\" target=\"_blank\">LINK</a>","TOPO":null,"rejon":"Skarżyce","wojewodztwo":"śląskie","powiat":"zawierciański","gmina":"Zawiercie","nazwaOboczna":null,"foto":"<a href=\"./Skaly/Zawiercie/Skarzyce/Lipie/img/O.jpg\" target=\"_blank\">FOTO</a>","KAT":"Skała","skaloplan":null},"geometry":{"type":"Point","coordinates":[19.492323865830102,50.517153811993914]}},
{"type":"Feature","properties":{"X":19.4945275204274,"Y":50.530327623138703,"aktualnosc":"2013-06-18","Name":"Czubata Skała","wysokosc":"10","LINK":"<a href=\"\" target=\"_blank\">LINK</a>","TOPO":"<a href=\"./Skaly/20/Czubata/T-CZUBATA.pdf\" target=\"_blank\">TOPO</a>","rejon":"Skarżyce","wojewodztwo":"śląkie","powiat":"zawierciański","gmina":"Zawiercie (gm. miejska)","nazwaOboczna":null,"foto":null,"KAT":"Skała","skaloplan":null},"geometry":{"type":"Point","coordinates":[19.4945275204274,50.530327623138703]}},
{"type":"Feature","properties":{"X":19.5066150032,"Y":50.542590346399997,"aktualnosc":"2013-06-18","Name":"Skała Hyla","wysokosc":null,"LINK":"<a href=\"\" target=\"_blank\">LINK</a>","TOPO":null,"rejon":null,"wojewodztwo":null,"powiat":null,"gmina":null,"nazwaOboczna":null,"foto":null,"KAT":"Skała","skaloplan":null},"geometry":{"type":"Point","coordinates":[19.5066150032,50.542590346399997]}},
{"type":"Feature","properties":{"X":19.491404504399998,"Y":50.558451262799998,"aktualnosc":"2013-06-18","Name":"Zakrętki","wysokosc":null,"LINK":"<a href=\"\" target=\"_blank\">LINK</a>","TOPO":null,"rejon":null,"wojewodztwo":null,"powiat":null,"gmina":null,"nazwaOboczna":null,"foto":null,"KAT":"Skała","skaloplan":null},"geometry":{"type":"Point","coordinates":[19.491404504399998,50.558451262799998]}},
{"type":"Feature","properties":{"X":19.544000853299998,"Y":50.4772430692,"aktualnosc":"2013-06-18","Name":"Kopaniny","wysokosc":null,"LINK":"<a href=\"\" target=\"_blank\">LINK</a>","TOPO":null,"rejon":"Karlin","wojewodztwo":"śląskie","powiat":"zawierciański","gmina":"Zawiercie-gmina miejska","nazwaOboczna":null,"foto":null,"KAT":"Skała","skaloplan":null},"geometry":{"type":"Point","coordinates":[19.544000853299998,50.4772430692]}},
{"type":"Feature","properties":{"X":19.5531198266,"Y":50.459371704299997,"aktualnosc":"2013-06-18","Name":"Ostaniec wapienny Suchy Połeć","wysokosc":null,"LINK":"<a href=\"\" target=\"_blank\">LINK</a>","TOPO":null,"rejon":null,"wojewodztwo":null,"powiat":null,"gmina":null,"nazwaOboczna":null,"foto":null,"KAT":"Skała","skaloplan":null},"geometry":{"type":"Point","coordinates":[19.5531198266,50.459371704299997]}},
{"type":"Feature","properties":{"X":19.570084438,"Y":50.437535737600001,"aktualnosc":null,"Name":"Młocarnia","wysokosc":null,"LINK":"<a href=\"\" target=\"_blank\">LINK</a>","TOPO":null,"rejon":null,"wojewodztwo":null,"powiat":"zawierciański","gmina":"Ogrodzieniec-gmina miejsko-wiejska","nazwaOboczna":null,"foto":null,"KAT":"Skała","skaloplan":null},"geometry":{"type":"Point","coordinates":[19.570084438,50.437535737600001]}},
{"type":"Feature","properties":{"X":19.565089764100001,"Y":50.445539323600002,"aktualnosc":"2014-10-10","Name":"Ukryta Baszta","wysokosc":"10","LINK":"<a href=\"\" target=\"_blank\">LINK</a>","TOPO":null,"rejon":"Podzamcze","wojewodztwo":"śląskie","powiat":"zawierciański","gmina":"Ogrodzieniec (gm. miejsko-wiejska)","nazwaOboczna":null,"foto":"<a href=\".Skaly/Ogrodzieniec/Podzamcze/Ukryta_Baszta/img/O.jpg\" target=\"_blank\">FOTO</a>","KAT":"Skała","skaloplan":null},"geometry":{"type":"Point","coordinates":[19.563951631081043,50.447458253880768]}},
{"type":"Feature","properties":{"X":19.564645484900002,"Y":50.445426599400001,"aktualnosc":"2014-10-10","Name":"Sitownia","wysokosc":"12","LINK":"<a href=\"\" target=\"_blank\">LINK</a>","TOPO":null,"rejon":"Podzamcze","wojewodztwo":"śląskie","powiat":"zawierciański","gmina":"Ogrodzieniec","nazwaOboczna":"","foto":"<a href=\"./Skaly/zawiercianski/Podzamcze/Sitownia/img/O.jpg\" target=\"_blank\">FOTO</a>","KAT":"Skała","skaloplan":""},"geometry":{"type":"Point","coordinates":[19.559122550139648,50.445390931182828]}},
{"type":"Feature","properties":{"X":19.5123220115,"Y":50.549767643899997,"aktualnosc":"2025-02-16","Name":"Popielarka","wysokosc":"20","LINK":"<a href=\"https://topo.portalgorski.pl/Popielarka,Podlesice,Jura-Krakowsko-Cz%C4%99stochowska,skala,454\" target=\"_blank\">LINK</a>","TOPO":null,"rejon":"Skały Morskie","wojewodztwo":"śląskie","powiat":"zawierciański","gmina":" Zawiercie (gm. miejska)","nazwaOboczna":null,"foto":null,"KAT":"Skała","skaloplan":null},"geometry":{"type":"Point","coordinates":[19.5123220115,50.549767643899997]}},
{"type":"Feature","properties":{"X":19.497094639099998,"Y":50.573927475300003,"aktualnosc":"2013-06-18","Name":"Skała Świdowa","wysokosc":null,"LINK":"<a href=\"\" target=\"_blank\">LINK</a>","TOPO":null,"rejon":null,"wojewodztwo":null,"powiat":null,"gmina":null,"nazwaOboczna":null,"foto":null,"KAT":"Skała","skaloplan":null},"geometry":{"type":"Point","coordinates":[19.497094639099998,50.573927475300003]}},
{"type":"Feature","properties":{"X":19.554300770906,"Y":50.454366249627697,"aktualnosc":"2025-02-16","Name":"Dziurawa","wysokosc":null,"LINK":"<a href=\"\" target=\"_blank\">LINK</a>","TOPO":null,"rejon":"Podzamcze","wojewodztwo":"śląskie","powiat":"zawierciański","gmina":"Ogrodzieniec (gm. miejsko-wiejska)","nazwaOboczna":null,"foto":null,"KAT":"Skała","skaloplan":null},"geometry":{"type":"Point","coordinates":[19.554300770906,50.454366249627697]}},
{"type":"Feature","properties":{"X":19.497421887200002,"Y":50.572176728000002,"aktualnosc":"2014-10-10","Name":"Złomiskowa","wysokosc":null,"LINK":"<a href=\"\" target=\"_blank\">LINK</a>","TOPO":null,"rejon":"Rzędkowice","wojewodztwo":"śląskie","powiat":"zawierciański","gmina":"Włodowice (gm. miejsko-wiejska)","nazwaOboczna":null,"foto":"<a href=\".Skaly/18//O.jpg\" target=\"_blank\"></a>","KAT":"Skała","skaloplan":"<a href=\".Skaly/18//T-RZEDKOWICE_.pdf\" target=\"_blank\"></a>"},"geometry":{"type":"Point","coordinates":[19.497421887200002,50.572176728]}},
{"type":"Feature","properties":{"X":19.495258185200001,"Y":50.569211986,"aktualnosc":"2014-10-10","Name":"W Zagajnikach","wysokosc":null,"LINK":"<a href=\"\" target=\"_blank\">LINK</a>","TOPO":null,"rejon":null,"wojewodztwo":null,"powiat":null,"gmina":null,"nazwaOboczna":null,"foto":null,"KAT":"Skała","skaloplan":null},"geometry":{"type":"Point","coordinates":[19.495258185200001,50.569211986]}},
{"type":"Feature","properties":{"X":19.554094064818599,"Y":50.453669969833399,"aktualnosc":"2025-02-16","Name":"Kaczor","wysokosc":null,"LINK":"<a href=\"\" target=\"_blank\">LINK</a>","TOPO":null,"rejon":"Podzamcze","wojewodztwo":"śląskie","powiat":"zawierciański","gmina":"Ogrodzieniec (gm. miejsko-wiejska)","nazwaOboczna":null,"foto":null,"KAT":"Skała","skaloplan":null},"geometry":{"type":"Point","coordinates":[19.554094064818599,50.453669969833399]}},
{"type":"Feature","properties":{"X":19.555135768976399,"Y":50.454451012321201,"aktualnosc":"2025-02-16","Name":"Zakonnik","wysokosc":null,"LINK":"<a href=\"\" target=\"_blank\">LINK</a>","TOPO":null,"rejon":"Podzamcze","wojewodztwo":"śląskie","powiat":"zawierciański","gmina":"Ogrodzieniec (gm. miejsko-wiejska)","nazwaOboczna":null,"foto":null,"KAT":"Skała","skaloplan":null},"geometry":{"type":"Point","coordinates":[19.555135768976399,50.454451012321201]}},
{"type":"Feature","properties":{"X":19.520530343600001,"Y":50.5621854328,"aktualnosc":"2013-06-18","Name":"Ściana Nad Złomami","wysokosc":null,"LINK":"<a href=\"\" target=\"_blank\">LINK</a>","TOPO":null,"rejon":"Podlesice - Góra Apteka","wojewodztwo":"śląskie","powiat":"zawierciański","gmina":"Kroczyce","nazwaOboczna":null,"foto":null,"KAT":"Skała","skaloplan":null},"geometry":{"type":"Point","coordinates":[19.520530343600001,50.5621854328]}},
{"type":"Feature","properties":{"X":19.541422260499999,"Y":50.588500167900001,"aktualnosc":"2013-06-18","Name":"Bogdanka","wysokosc":"15","LINK":"<a href=\"https://topo.portalgorski.pl/Bogdanka,Podlesice,Jura-Krakowsko-Cz%C4%99stochowska,skala,572\" target=\"_blank\">LINK Portal Górski</a>","TOPO":null,"rejon":"Podlesice | Popielowa","wojewodztwo":"śląskie","powiat":"zawierciański","gmina":"Kroczyce","nazwaOboczna":null,"foto":"<a href=\"./Skaly/Kroczyce/Popielowa/Bogdanka/img/O.jpg\" target=\"_blank\">FOTO</a>","KAT":"Skała","skaloplan":null},"geometry":{"type":"Point","coordinates":[19.541422260499999,50.588500167900001]}},
{"type":"Feature","properties":{"X":19.529501441600001,"Y":50.577757333000001,"aktualnosc":"2013-06-18","Name":"Tata","wysokosc":null,"LINK":"<a href=\"\" target=\"_blank\">LINK</a>","TOPO":null,"rejon":"Podlesice | Kołoczek","wojewodztwo":"śląskie","powiat":"zawierciański","gmina":"Kroczyce","nazwaOboczna":null,"foto":null,"KAT":"Skała","skaloplan":null},"geometry":{"type":"Point","coordinates":[19.529501441600001,50.577757333]}},
{"type":"Feature","properties":{"X":19.531512059299999,"Y":50.574275767400003,"aktualnosc":"2013-06-18","Name":"Blocheńska (Baba)","wysokosc":null,"LINK":"<a href=\"\" target=\"_blank\">LINK</a>","TOPO":null,"rejon":"Podlesice | Góra Zborów","wojewodztwo":"śląskie","powiat":"zawierciański","gmina":"Kroczyce","nazwaOboczna":"Baba","foto":null,"KAT":"Skała","skaloplan":null},"geometry":{"type":"Point","coordinates":[19.531512059299999,50.574275767400003]}},
{"type":"Feature","properties":{"X":19.528363500600001,"Y":50.573088380199998,"aktualnosc":null,"Name":"Turnia nad Kaskadami","wysokosc":null,"LINK":"<a href=\"\" target=\"_blank\">LINK</a>","TOPO":null,"rejon":"Podlesice | Góra Zborów","wojewodztwo":"śląskie","powiat":"zawierciański","gmina":"Kroczyce","nazwaOboczna":null,"foto":null,"KAT":"Skała","skaloplan":null},"geometry":{"type":"Point","coordinates":[19.528363500600001,50.573088380199998]}},
{"type":"Feature","properties":{"X":19.529064163000001,"Y":50.577262766300002,"aktualnosc":"2014-10-10","Name":"Okręt","wysokosc":null,"LINK":"<a href=\"\" target=\"_blank\">LINK</a>","TOPO":null,"rejon":"Podlesice | Kołoczek","wojewodztwo":"śląskie","powiat":"zawierciański","gmina":"Kroczyce","nazwaOboczna":null,"foto":null,"KAT":"Skała","skaloplan":null},"geometry":{"type":"Point","coordinates":[19.529064163,50.577262766300002]}},
{"type":"Feature","properties":{"X":19.552414447899999,"Y":50.450074681099998,"aktualnosc":"2025-02-16","Name":"Kapelusz","wysokosc":null,"LINK":"<a href=\"\" target=\"_blank\">LINK</a>","TOPO":null,"rejon":"Podzamcze","wojewodztwo":"śląskie","powiat":"zawierciański","gmina":"Ogrodzieniec (gm. miejsko-wiejska)","nazwaOboczna":null,"foto":null,"KAT":"Skała","skaloplan":null},"geometry":{"type":"Point","coordinates":[19.552414447899999,50.450074681099998]}},
{"type":"Feature","properties":{"X":19.55560939,"Y":50.452381462699996,"aktualnosc":"2025-02-16","Name":"Ratusz","wysokosc":null,"LINK":"<a href=\"\" target=\"_blank\">LINK</a>","TOPO":null,"rejon":"Podzamcze","wojewodztwo":"śląskie","powiat":"zawierciański","gmina":"Ogrodzieniec (gm. miejsko-wiejska)","nazwaOboczna":null,"foto":null,"KAT":"Skała","skaloplan":null},"geometry":{"type":"Point","coordinates":[19.55560939,50.452381462699996]}},
{"type":"Feature","properties":{"X":19.551147499,"Y":50.417865903,"aktualnosc":"2013-06-18","Name":"Kuniwa Skała","wysokosc":null,"LINK":"<a href=\"\" target=\"_blank\">LINK</a>","TOPO":null,"rejon":null,"wojewodztwo":null,"powiat":null,"gmina":null,"nazwaOboczna":null,"foto":null,"KAT":"Skała","skaloplan":null},"geometry":{"type":"Point","coordinates":[19.551147499,50.417865903]}},
{"type":"Feature","properties":{"X":19.554277427700001,"Y":50.451585629299998,"aktualnosc":"2025-02-16","Name":"Bigos","wysokosc":null,"LINK":"<a href=\"\" target=\"_blank\">LINK</a>","TOPO":null,"rejon":"Podzamcze","wojewodztwo":"śląskie","powiat":"zawierciański","gmina":"Ogrodzieniec (gm. miejsko-wiejska)","nazwaOboczna":null,"foto":null,"KAT":"Skała","skaloplan":null},"geometry":{"type":"Point","coordinates":[19.554277427700001,50.451585629299998]}},
{"type":"Feature","properties":{"X":19.555956327299999,"Y":50.452348139500003,"aktualnosc":"2025-02-16","Name":"Obelisk","wysokosc":null,"LINK":"<a href=\"\" target=\"_blank\">LINK</a>","TOPO":null,"rejon":"Podzamcze","wojewodztwo":"śląskie","powiat":"zawierciański","gmina":"Ogrodzieniec (gm. miejsko-wiejska)","nazwaOboczna":null,"foto":null,"KAT":"Skała","skaloplan":null},"geometry":{"type":"Point","coordinates":[19.555956327299999,50.452348139500003]}},
{"type":"Feature","properties":{"X":19.5539750756,"Y":50.451466880700004,"aktualnosc":"2025-02-16","Name":"Pierdolnik","wysokosc":null,"LINK":"<a href=\"\" target=\"_blank\">LINK</a>","TOPO":null,"rejon":"Podzamcze","wojewodztwo":"śląskie","powiat":"zawierciański","gmina":"Ogrodzieniec (gm. miejsko-wiejska)","nazwaOboczna":null,"foto":null,"KAT":"Skała","skaloplan":null},"geometry":{"type":"Point","coordinates":[19.5539750756,50.451466880700004]}},
{"type":"Feature","properties":{"X":19.5255826223,"Y":50.564276638599999,"aktualnosc":"2014-10-10","Name":"Kitowa Skała","wysokosc":null,"LINK":"<a href=\"\" target=\"_blank\">LINK</a>","TOPO":null,"rejon":"Podlesice | Góra Apteka","wojewodztwo":"śląskie","powiat":"zawierciański","gmina":"Kroczyce","nazwaOboczna":null,"foto":null,"KAT":"Skała","skaloplan":null},"geometry":{"type":"Point","coordinates":[19.5255826223,50.564276638599999]}},
{"type":"Feature","properties":{"X":19.529595197300001,"Y":50.577500184500003,"aktualnosc":"2014-10-10","Name":"Jarzębinka (Głowa Cukru)","wysokosc":null,"LINK":"<a href=\"\" target=\"_blank\">LINK</a>","TOPO":null,"rejon":"Podlesice | Kołoczek","wojewodztwo":"śląskie","powiat":"zawierciański","gmina":"Kroczyce","nazwaOboczna":null,"foto":null,"KAT":"Skała","skaloplan":null},"geometry":{"type":"Point","coordinates":[19.529595197300001,50.577500184500003]}},
{"type":"Feature","properties":{"X":19.528617351600001,"Y":50.572561961700004,"aktualnosc":null,"Name":"Długa Grań","wysokosc":null,"LINK":"<a href=\"\" target=\"_blank\">LINK</a>","TOPO":null,"rejon":"Podlesice | Góra Zborów","wojewodztwo":"śląskie","powiat":"zawierciański","gmina":"Kroczyce","nazwaOboczna":null,"foto":null,"KAT":"Skała","skaloplan":null},"geometry":{"type":"Point","coordinates":[19.528617351600001,50.572561961700004]}},
{"type":"Feature","properties":{"X":19.525064526800001,"Y":50.575087741700003,"aktualnosc":"2013-06-18","Name":"Kruk","wysokosc":null,"LINK":"<a href=\"\" target=\"_blank\">LINK</a>","TOPO":null,"rejon":"Podlesice | Góra Zborów","wojewodztwo":"śląskie","powiat":"zawierciański","gmina":"Kroczyce","nazwaOboczna":null,"foto":null,"KAT":"Skała","skaloplan":null},"geometry":{"type":"Point","coordinates":[19.525064526800001,50.575087741700003]}},
{"type":"Feature","properties":{"X":19.5816666676,"Y":50.434722264599998,"aktualnosc":null,"Name":"Czubatka","wysokosc":null,"LINK":"<a href=\"\" target=\"_blank\">LINK</a>","TOPO":null,"rejon":null,"wojewodztwo":null,"powiat":"zawierciański","gmina":"Ogrodzieniec-gmina miejsko-wiejska","nazwaOboczna":null,"foto":null,"KAT":"Skała","skaloplan":null},"geometry":{"type":"Point","coordinates":[19.5816666676,50.434722264599998]}},
{"type":"Feature","properties":{"X":19.592016082400001,"Y":50.421456485199997,"aktualnosc":"2013-06-18","Name":"Firkowa Skała","wysokosc":null,"LINK":"<a href=\"\" target=\"_blank\">LINK</a>","TOPO":null,"rejon":null,"wojewodztwo":null,"powiat":null,"gmina":null,"nazwaOboczna":null,"foto":null,"KAT":"Skała","skaloplan":null},"geometry":{"type":"Point","coordinates":[19.592016082400001,50.421456485199997]}},
{"type":"Feature","properties":{"X":19.5612699321,"Y":50.416812369100001,"aktualnosc":"2013-06-18","Name":"Firkowa Skała","wysokosc":null,"LINK":"<a href=\"\" target=\"_blank\">LINK</a>","TOPO":null,"rejon":null,"wojewodztwo":null,"powiat":null,"gmina":null,"nazwaOboczna":null,"foto":null,"KAT":"Skała","skaloplan":null},"geometry":{"type":"Point","coordinates":[19.5612699321,50.416812369100001]}},
{"type":"Feature","properties":{"X":19.521189555199999,"Y":50.532150925400003,"aktualnosc":"2013-06-18","Name":"Skała Bez Krzyża","wysokosc":null,"LINK":"<a href=\"https://topo.portalgorski.pl/Ska%C5%82a-z-Krzy%C5%BCem,Skar%C5%BCyce,Jura-Krakowsko-Cz%C4%99stochowska,skala,519\" target=\"_blank\">LINK</a>","TOPO":null,"rejon":"Piaseczno","wojewodztwo":"śląskie","powiat":"zawierciański","gmina":"Kroczyce","nazwaOboczna":null,"foto":null,"KAT":"Skała","skaloplan":null},"geometry":{"type":"Point","coordinates":[19.521189555199999,50.532150925400003]}},
{"type":"Feature","properties":{"X":19.6072847513,"Y":50.418602648099998,"aktualnosc":"2013-06-18","Name":"Weselna","wysokosc":"12","LINK":"<a href=\"https://topo.portalgorski.pl/Weselna,Straszykowe-Ska%C5%82y,Rycz%C3%B3w,Jura-Krakowsko-Cz%C4%99stochowska,skala,580\" target=\"_blank\">LINK</a>","TOPO":null,"rejon":null,"wojewodztwo":null,"powiat":null,"gmina":null,"nazwaOboczna":null,"foto":null,"KAT":"Skała","skaloplan":null},"geometry":{"type":"Point","coordinates":[19.6072847513,50.418602648099998]}},
{"type":"Feature","properties":{"X":19.5598255564,"Y":50.449113473600001,"aktualnosc":"2025-02-16","Name":"Skała Gołębnik","wysokosc":null,"LINK":"<a href=\"\" target=\"_blank\">LINK</a>","TOPO":null,"rejon":"Podzamcze","wojewodztwo":"śląskie","powiat":"zawierciański","gmina":"Ogrodzieniec (gm. miejsko-wiejska)","nazwaOboczna":null,"foto":null,"KAT":"Skała","skaloplan":null},"geometry":{"type":"Point","coordinates":[19.5598255564,50.449113473600001]}},
{"type":"Feature","properties":{"X":19.416111107399999,"Y":50.397499967999998,"aktualnosc":"2013-06-18","Name":"Snopkowa Skała","wysokosc":null,"LINK":"<a href=\"\" target=\"_blank\">LINK</a>","TOPO":null,"rejon":null,"wojewodztwo":null,"powiat":null,"gmina":null,"nazwaOboczna":null,"foto":null,"KAT":"Skała","skaloplan":null},"geometry":{"type":"Point","coordinates":[19.416111107399999,50.397499968]}},
{"type":"Feature","properties":{"X":19.5547683526,"Y":50.451804594899997,"aktualnosc":"2025-02-16","Name":"Wielbłąd","wysokosc":null,"LINK":"<a href=\"\" target=\"_blank\">LINK</a>","TOPO":null,"rejon":"Podzamcze","wojewodztwo":"śląskie","powiat":"zawierciański","gmina":"Ogrodzieniec (gm. miejsko-wiejska)","nazwaOboczna":null,"foto":null,"KAT":"Skała","skaloplan":null},"geometry":{"type":"Point","coordinates":[19.5547683526,50.451804594899997]}},
{"type":"Feature","properties":{"X":19.5330292425,"Y":50.546427878499998,"aktualnosc":"2025-02-16","Name":"Dziadowa Skała","wysokosc":null,"LINK":"<a href=\"\" target=\"_blank\">LINK</a>","TOPO":null,"rejon":"Skały Morskie","wojewodztwo":"śląskie","powiat":"zawierciański","gmina":" Zawiercie (gm. miejska)","nazwaOboczna":null,"foto":null,"KAT":"Skała","skaloplan":null},"geometry":{"type":"Point","coordinates":[19.5330292425,50.546427878499998]}},
{"type":"Feature","properties":{"X":19.523147465299999,"Y":50.537590848999997,"aktualnosc":"2014-10-10","Name":"Cydzownik","wysokosc":null,"LINK":"<a href=\"\" target=\"_blank\">LINK</a>","TOPO":null,"rejon":"Piaseczno","wojewodztwo":"śląskie","powiat":"zawierciański","gmina":"Kroczyce","nazwaOboczna":null,"foto":null,"KAT":"Skała","skaloplan":null},"geometry":{"type":"Point","coordinates":[19.523147465299999,50.537590849]}},
{"type":"Feature","properties":{"X":19.522775130900001,"Y":50.550813412300002,"aktualnosc":"2025-02-16","Name":"Przy Zamku","wysokosc":null,"LINK":"<a href=\"\" target=\"_blank\">LINK</a>","TOPO":null,"rejon":"Skały Morskie","wojewodztwo":"śląskie","powiat":"zawierciański","gmina":" Zawiercie (gm. miejska)","nazwaOboczna":null,"foto":null,"KAT":"Skała","skaloplan":null},"geometry":{"type":"Point","coordinates":[19.522775130900001,50.550813412300002]}},
{"type":"Feature","properties":{"X":19.5256679596,"Y":50.5523404391,"aktualnosc":"2025-02-16","Name":"Łężec I, Łężec II","wysokosc":"14","LINK":"<a href=\"\" target=\"_blank\">LINK</a>","TOPO":null,"rejon":"Skały Morskie","wojewodztwo":"śląskie","powiat":"zawierciański","gmina":" Zawiercie (gm. miejska)","nazwaOboczna":null,"foto":null,"KAT":"Skała","skaloplan":null},"geometry":{"type":"Point","coordinates":[19.5256679596,50.5523404391]}},
{"type":"Feature","properties":{"X":19.525390015799999,"Y":50.551822063899998,"aktualnosc":"2025-02-16","Name":"Ropusza","wysokosc":"14","LINK":"<a href=\"\" target=\"_blank\">LINK</a>","TOPO":null,"rejon":"Skały Morskie","wojewodztwo":"śląskie","powiat":"zawierciański","gmina":" Zawiercie (gm. miejska)","nazwaOboczna":null,"foto":null,"KAT":"Skała","skaloplan":null},"geometry":{"type":"Point","coordinates":[19.525390015799999,50.551822063899998]}},
{"type":"Feature","properties":{"X":19.524825831200001,"Y":50.551750018,"aktualnosc":"2025-02-16","Name":"Słupkowa","wysokosc":"18","LINK":"<a href=\"\" target=\"_blank\">LINK</a>","TOPO":null,"rejon":"Skały Morskie","wojewodztwo":"śląskie","powiat":"zawierciański","gmina":" Zawiercie (gm. miejska)","nazwaOboczna":null,"foto":null,"KAT":"Skała","skaloplan":null},"geometry":{"type":"Point","coordinates":[19.524825831200001,50.551750018]}},
{"type":"Feature","properties":{"X":19.492956786200001,"Y":50.572445494500002,"aktualnosc":"2014-10-10","Name":"Narożna","wysokosc":null,"LINK":"<a href=\"\" target=\"_blank\">LINK</a>","TOPO":null,"rejon":null,"wojewodztwo":null,"powiat":null,"gmina":null,"nazwaOboczna":null,"foto":null,"KAT":"Skała","skaloplan":null},"geometry":{"type":"Point","coordinates":[19.492956786200001,50.572445494500002]}},
{"type":"Feature","properties":{"X":19.492144426599999,"Y":50.572641748499997,"aktualnosc":"2014-10-10","Name":"Brzuchata","wysokosc":null,"LINK":"<a href=\"\" target=\"_blank\">LINK</a>","TOPO":null,"rejon":null,"wojewodztwo":null,"powiat":null,"gmina":null,"nazwaOboczna":null,"foto":null,"KAT":"Skała","skaloplan":null},"geometry":{"type":"Point","coordinates":[19.492144426599999,50.572641748499997]}},
{"type":"Feature","properties":{"X":19.495155099800002,"Y":50.5731288339,"aktualnosc":"2014-10-10","Name":"Flaszka","wysokosc":null,"LINK":"<a href=\"\" target=\"_blank\">LINK</a>","TOPO":null,"rejon":null,"wojewodztwo":null,"powiat":null,"gmina":null,"nazwaOboczna":null,"foto":null,"KAT":"Skała","skaloplan":null},"geometry":{"type":"Point","coordinates":[19.495155099800002,50.5731288339]}},
{"type":"Feature","properties":{"X":19.494838966,"Y":50.572506082700002,"aktualnosc":"2014-10-10","Name":"Turnia Nad Garażem","wysokosc":null,"LINK":"<a href=\"\" target=\"_blank\">LINK</a>","TOPO":null,"rejon":null,"wojewodztwo":null,"powiat":null,"gmina":null,"nazwaOboczna":null,"foto":null,"KAT":"Skała","skaloplan":null},"geometry":{"type":"Point","coordinates":[19.494838966,50.572506082700002]}},
{"type":"Feature","properties":{"X":19.578530644699999,"Y":50.421653006,"aktualnosc":"2013-06-18","Name":"Pancernik","wysokosc":"12","LINK":"<a href=\"https://wspinanie.pl/topo/polska/polnoc/grochowiec/pancernik.htm\" target=\"_blank\">LINK</a>","TOPO":null,"rejon":null,"wojewodztwo":"śląskie","powiat":"zawierciański","gmina":"Ogrodzieniec-gmina miejsko-wiejska","nazwaOboczna":null,"foto":null,"KAT":"Skała","skaloplan":null},"geometry":{"type":"Point","coordinates":[19.578530644699999,50.421653006]}},
{"type":"Feature","properties":{"X":19.5736124,"Y":50.4208044,"aktualnosc":null,"Name":"Słoń","wysokosc":null,"LINK":"<a href=\"\" target=\"_blank\">LINK</a>","TOPO":null,"rejon":null,"wojewodztwo":null,"powiat":"zawierciański","gmina":"Ogrodzieniec-gmina miejsko-wiejska","nazwaOboczna":null,"foto":null,"KAT":"Skała","skaloplan":null},"geometry":{"type":"Point","coordinates":[19.5736124,50.4208044]}},
{"type":"Feature","properties":{"X":19.552408876299999,"Y":50.418829079600002,"aktualnosc":"2013-06-18","Name":"Średnia Skała","wysokosc":null,"LINK":"<a href=\"\" target=\"_blank\">LINK</a>","TOPO":null,"rejon":null,"wojewodztwo":null,"powiat":null,"gmina":null,"nazwaOboczna":null,"foto":null,"KAT":"Skała","skaloplan":null},"geometry":{"type":"Point","coordinates":[19.552408876299999,50.418829079600002]}},
{"type":"Feature","properties":{"X":19.460753770499998,"Y":50.4046469695,"aktualnosc":"2013-06-18","Name":"Ostry Kamień","wysokosc":null,"LINK":"<a href=\"\" target=\"_blank\">LINK</a>","TOPO":null,"rejon":null,"wojewodztwo":null,"powiat":null,"gmina":null,"nazwaOboczna":null,"foto":null,"KAT":"Skała","skaloplan":null},"geometry":{"type":"Point","coordinates":[19.460753770499998,50.4046469695]}},
{"type":"Feature","properties":{"X":19.5721738714,"Y":50.431873374399999,"aktualnosc":null,"Name":"Kołtunowa Skała","wysokosc":null,"LINK":"<a href=\"\" target=\"_blank\">LINK</a>","TOPO":null,"rejon":null,"wojewodztwo":null,"powiat":"zawierciański","gmina":"Ogrodzieniec-gmina miejsko-wiejska","nazwaOboczna":null,"foto":null,"KAT":"Skała","skaloplan":null},"geometry":{"type":"Point","coordinates":[19.5721738714,50.431873374399999]}},
{"type":"Feature","properties":{"X":19.559814887400002,"Y":50.449522759099999,"aktualnosc":"2025-02-16","Name":"Gołębnik","wysokosc":null,"LINK":"<a href=\"\" target=\"_blank\">LINK</a>","TOPO":null,"rejon":"Podzamcze","wojewodztwo":"śląskie","powiat":"zawierciański","gmina":"Ogrodzieniec (gm. miejsko-wiejska)","nazwaOboczna":null,"foto":null,"KAT":"Skała","skaloplan":null},"geometry":{"type":"Point","coordinates":[19.559814887400002,50.449522759099999]}},
{"type":"Feature","properties":{"X":19.554460074000001,"Y":50.451685335999997,"aktualnosc":"2025-02-16","Name":"Cima","wysokosc":null,"LINK":"<a href=\"\" target=\"_blank\">LINK</a>","TOPO":null,"rejon":"Podzamcze","wojewodztwo":"śląskie","powiat":"zawierciański","gmina":"Ogrodzieniec (gm. miejsko-wiejska)","nazwaOboczna":null,"foto":null,"KAT":"Skała","skaloplan":null},"geometry":{"type":"Point","coordinates":[19.554460074,50.451685336]}},
{"type":"Feature","properties":{"X":19.553104609799998,"Y":50.452399241599998,"aktualnosc":"2025-02-16","Name":"Niedźwiedź","wysokosc":null,"LINK":"<a href=\"\" target=\"_blank\">LINK</a>","TOPO":null,"rejon":"Podzamcze","wojewodztwo":"śląskie","powiat":"zawierciański","gmina":"Ogrodzieniec (gm. miejsko-wiejska)","nazwaOboczna":null,"foto":null,"KAT":"Skała","skaloplan":null},"geometry":{"type":"Point","coordinates":[19.553104609799998,50.452399241599998]}},
{"type":"Feature","properties":{"X":19.5724661653,"Y":50.4458096794,"aktualnosc":null,"Name":"Zapad","wysokosc":null,"LINK":"<a href=\"\" target=\"_blank\">LINK</a>","TOPO":null,"rejon":null,"wojewodztwo":null,"powiat":"zawierciański","gmina":"Ogrodzieniec-gmina miejsko-wiejska","nazwaOboczna":null,"foto":null,"KAT":"Skała","skaloplan":null},"geometry":{"type":"Point","coordinates":[19.5724661653,50.4458096794]}},
{"type":"Feature","properties":{"X":19.489404103599998,"Y":50.573416471100003,"aktualnosc":"2013-06-18","Name":"Zegarowa","wysokosc":null,"LINK":"<a href=\"\" target=\"_blank\">LINK</a>","TOPO":null,"rejon":"Rzędkowice","wojewodztwo":"śląskie","powiat":"zawierciański","gmina":"Włodowice (gm. miejsko-wiejska)","nazwaOboczna":null,"foto":"<a href=\"./Skaly/18//O.jpg\" target=\"_blank\"><a/>","KAT":"Skała","skaloplan":"<a href=\"./Skaly/18/T-RZEDKOWICE_.pdf\" target=\"_blank\"><a/>"},"geometry":{"type":"Point","coordinates":[19.489404103599998,50.573416471100003]}},
{"type":"Feature","properties":{"X":19.491938707,"Y":50.572597008199999,"aktualnosc":"2013-06-18","Name":"Turnia Lechwora","wysokosc":null,"LINK":"<a href=\"\" target=\"_blank\">LINK</a>","TOPO":null,"rejon":null,"wojewodztwo":null,"powiat":null,"gmina":null,"nazwaOboczna":null,"foto":null,"KAT":"Skała","skaloplan":null},"geometry":{"type":"Point","coordinates":[19.491938707,50.572597008199999]}},
{"type":"Feature","properties":{"X":19.492538680300001,"Y":50.572427505999997,"aktualnosc":"2013-06-18","Name":"Turnia Kursantów","wysokosc":null,"LINK":"<a href=\"\" target=\"_blank\">LINK</a>","TOPO":null,"rejon":null,"wojewodztwo":null,"powiat":null,"gmina":null,"nazwaOboczna":null,"foto":null,"KAT":"Skała","skaloplan":null},"geometry":{"type":"Point","coordinates":[19.492538680300001,50.572427506]}},
{"type":"Feature","properties":{"X":19.4912741261316,"Y":50.5729852599042,"aktualnosc":"2025.02.11","Name":"Mały Mur Rzędkowicki","wysokosc":"17","LINK":"<a href=\"<a href=\"https://topo.wspinka.org/rzedkowice/maly-mur\" target=\"_blank\">WSPINKA.PL</a>\" target=\"_blank\">LINK</a>","TOPO":"<a href=\"./Skaly/18/Maly_Mur/T-RZEDKOWICE_MALY_MUR.pdf\" target=\"_blank\">TOPO</a>","rejon":"Rzędkowice","wojewodztwo":"śląskie","powiat":"zawierciański","gmina":"Włodowice","nazwaOboczna":null,"foto":"<a href=\"./Skaly/18/Maly_Mur/O.jpg\" target=\"_blank\">FOTO</a>","KAT":"Skała","skaloplan":null},"geometry":{"type":"Point","coordinates":[19.4912741261316,50.5729852599042]}},
{"type":"Feature","properties":{"X":19.511424471600002,"Y":50.5252812775,"aktualnosc":"2014-12-10","Name":"Kurkowa Skała","wysokosc":null,"LINK":"<a href=\"\" target=\"_blank\">LINK</a>","TOPO":null,"rejon":null,"wojewodztwo":null,"powiat":null,"gmina":null,"nazwaOboczna":null,"foto":null,"KAT":"Skała","skaloplan":null},"geometry":{"type":"Point","coordinates":[19.511424471600002,50.5252812775]}},
{"type":"Feature","properties":{"X":19.530819424584401,"Y":50.572586130028803,"aktualnosc":null,"Name":"Sfinks","wysokosc":null,"LINK":"<a href=\"\" target=\"_blank\">LINK</a>","TOPO":null,"rejon":"Podlesice | Góra Zborów","wojewodztwo":"śląskie","powiat":"zawierciański","gmina":"Kroczyce","nazwaOboczna":null,"foto":null,"KAT":"Skała","skaloplan":null},"geometry":{"type":"Point","coordinates":[19.530819424584401,50.572586130028803]}},
{"type":"Feature","properties":{"X":19.528410973100002,"Y":50.573157859600002,"aktualnosc":"2014-12-10","Name":"Kaskady","wysokosc":null,"LINK":"<a href=\"\" target=\"_blank\">LINK</a>","TOPO":null,"rejon":"Podlesice | Góra Zborów","wojewodztwo":"śląskie","powiat":"zawierciański","gmina":"Kroczyce","nazwaOboczna":null,"foto":null,"KAT":"Skała","skaloplan":null},"geometry":{"type":"Point","coordinates":[19.528410973100002,50.573157859600002]}},
{"type":"Feature","properties":{"X":19.5304716547762,"Y":50.573142407647602,"aktualnosc":null,"Name":"Wielbłąd","wysokosc":null,"LINK":"<a href=\"\" target=\"_blank\">LINK</a>","TOPO":null,"rejon":"Podlesice | Góra Zborów","wojewodztwo":"śląskie","powiat":"zawierciański","gmina":"Kroczyce","nazwaOboczna":null,"foto":null,"KAT":"Skała","skaloplan":null},"geometry":{"type":"Point","coordinates":[19.5304716547762,50.573142407647602]}},
{"type":"Feature","properties":{"X":19.480235668799999,"Y":50.554011213499997,"aktualnosc":"2013-06-18","Name":"Kamyk","wysokosc":null,"LINK":"<a href=\"\" target=\"_blank\">LINK</a>","TOPO":null,"rejon":null,"wojewodztwo":null,"powiat":null,"gmina":null,"nazwaOboczna":null,"foto":null,"KAT":"Skała","skaloplan":null},"geometry":{"type":"Point","coordinates":[19.480235668799999,50.554011213499997]}},
{"type":"Feature","properties":{"X":19.518138290300001,"Y":50.542110176199998,"aktualnosc":"2013-06-18","Name":"Barwinek","wysokosc":"18","LINK":"<a href=\"\" target=\"_blank\">LINK</a>","TOPO":null,"rejon":"Skały Morskie","wojewodztwo":"śląskie","powiat":"zawierciański","gmina":"Zawiercie (gm. miejska)","nazwaOboczna":null,"foto":null,"KAT":"Skała","skaloplan":null},"geometry":{"type":"Point","coordinates":[19.518138290300001,50.542110176199998]}},
{"type":"Feature","properties":{"X":19.508497933299999,"Y":50.562789048100001,"aktualnosc":"2014-10-10","Name":"Jasieniec","wysokosc":"10","LINK":"<a href=\"https://wspinanie.pl/2025/04/podlesickie-znaleziska-jasiniec/\" target=\"_blank\">LINK</a>","TOPO":null,"rejon":"Podlesice","wojewodztwo":"śląskie","powiat":"zawierciański","gmina":"Włodowice","nazwaOboczna":null,"foto":null,"KAT":"Skała","skaloplan":null},"geometry":{"type":"Point","coordinates":[19.508497933299999,50.562789048100001]}},
{"type":"Feature","properties":{"X":19.491640498900001,"Y":50.572749741700001,"aktualnosc":"2013-06-18","Name":"Turnia Cyklopa","wysokosc":null,"LINK":"<a href=\"\" target=\"_blank\">LINK</a>","TOPO":null,"rejon":null,"wojewodztwo":null,"powiat":null,"gmina":null,"nazwaOboczna":null,"foto":null,"KAT":"Skała","skaloplan":null},"geometry":{"type":"Point","coordinates":[19.491640498900001,50.572749741700001]}},
{"type":"Feature","properties":{"X":19.488940122399999,"Y":50.573741411599997,"aktualnosc":"2013-06-18","Name":"Turnia Szafa","wysokosc":null,"LINK":"<a href=\"\" target=\"_blank\">LINK</a>","TOPO":null,"rejon":"Rzędkowice","wojewodztwo":"śląskie","powiat":"zawierciański","gmina":"Włodowice (gm. miejsko-wiejska)","nazwaOboczna":null,"foto":"<a href=\"./Skaly/18//O.jpg\" target=\"_blank\"><a/>","KAT":"Skała","skaloplan":"<a href=\"./Skaly/18/T-RZEDKOWICE_.pdf\" target=\"_blank\"><a/>"},"geometry":{"type":"Point","coordinates":[19.488940122399999,50.573741411599997]}},
{"type":"Feature","properties":{"X":19.490083317900002,"Y":50.57305615,"aktualnosc":"2013-06-18","Name":"Studnisko w Skałach Rzędkowickich","wysokosc":null,"LINK":"<a href=\"\" target=\"_blank\">LINK</a>","TOPO":null,"rejon":"Rzędkowice","wojewodztwo":"śląskie","powiat":"zawierciański","gmina":"Włodowice (gm. miejsko-wiejska)","nazwaOboczna":null,"foto":"<a href=\"./Skaly/18//O.jpg\" target=\"_blank\"><a/>","KAT":"Skała","skaloplan":"<a href=\"./Skaly/18/T-RZEDKOWICE_.pdf\" target=\"_blank\"><a/>"},"geometry":{"type":"Point","coordinates":[19.490083317900002,50.57305615]}},
{"type":"Feature","properties":{"X":19.4952171276,"Y":50.572814130799998,"aktualnosc":"2013-06-18","Name":"Słoneczna","wysokosc":null,"LINK":"<a href=\"\" target=\"_blank\">LINK</a>","TOPO":null,"rejon":null,"wojewodztwo":null,"powiat":null,"gmina":null,"nazwaOboczna":null,"foto":null,"KAT":"Skała","skaloplan":null},"geometry":{"type":"Point","coordinates":[19.4952171276,50.572814130799998]}},
{"type":"Feature","properties":{"X":19.497790059100002,"Y":50.5718467911,"aktualnosc":"2013-06-18","Name":"Solidarność","wysokosc":null,"LINK":"<a href=\"\" target=\"_blank\">LINK</a>","TOPO":null,"rejon":"Rzędkowice","wojewodztwo":"śląskie","powiat":"zawierciański","gmina":"Włodowice (gm. miejsko-wiejska)","nazwaOboczna":null,"foto":"<a href=\".Skaly/18//O.jpg\" target=\"_blank\"></a>","KAT":"Skała","skaloplan":"<a href=\".Skaly/18//T-RZEDKOWICE_.pdf\" target=\"_blank\"></a>"},"geometry":{"type":"Point","coordinates":[19.497790059100002,50.5718467911]}},
{"type":"Feature","properties":{"X":19.554260323299999,"Y":50.452328611200002,"aktualnosc":"2025-02-16","Name":"Kapa","wysokosc":null,"LINK":"<a href=\"\" target=\"_blank\">LINK</a>","TOPO":null,"rejon":"Podzamcze","wojewodztwo":"śląskie","powiat":"zawierciański","gmina":"Ogrodzieniec (gm. miejsko-wiejska)","nazwaOboczna":null,"foto":null,"KAT":"Skała","skaloplan":null},"geometry":{"type":"Point","coordinates":[19.554260323299999,50.452328611200002]}},
{"type":"Feature","properties":{"X":19.552465148900001,"Y":50.452601543299998,"aktualnosc":"2025-02-16","Name":"Furtki","wysokosc":null,"LINK":"<a href=\"\" target=\"_blank\">LINK</a>","TOPO":null,"rejon":"Podzamcze","wojewodztwo":"śląskie","powiat":"zawierciański","gmina":"Ogrodzieniec (gm. miejsko-wiejska)","nazwaOboczna":null,"foto":null,"KAT":"Skała","skaloplan":null},"geometry":{"type":"Point","coordinates":[19.552465148900001,50.452601543299998]}},
{"type":"Feature","properties":{"X":19.530339275300001,"Y":50.573281748,"aktualnosc":"2014-10-10","Name":"Dolny Wielbłąd","wysokosc":null,"LINK":"<a href=\"\" target=\"_blank\">LINK</a>","TOPO":null,"rejon":"Podlesice | Góra Zborów","wojewodztwo":"śląskie","powiat":"zawierciański","gmina":"Kroczyce","nazwaOboczna":null,"foto":null,"KAT":"Skała","skaloplan":null},"geometry":{"type":"Point","coordinates":[19.530339275300001,50.573281748]}},
{"type":"Feature","properties":{"X":19.5300765392,"Y":50.573246697199998,"aktualnosc":null,"Name":"Chomicza Skała","wysokosc":null,"LINK":"<a href=\"\" target=\"_blank\">LINK</a>","TOPO":null,"rejon":"Podlesice | Góra Zborów","wojewodztwo":"śląskie","powiat":"zawierciański","gmina":"Kroczyce","nazwaOboczna":null,"foto":null,"KAT":"Skała","skaloplan":null},"geometry":{"type":"Point","coordinates":[19.5300765392,50.573246697199998]}},
{"type":"Feature","properties":{"X":19.532115582,"Y":50.576000626599999,"aktualnosc":"2014-10-10","Name":"Brzuch Buddy","wysokosc":null,"LINK":"<a href=\"\" target=\"_blank\">LINK</a>","TOPO":null,"rejon":"Podlesice | Kołoczek","wojewodztwo":"śląskie","powiat":"zawierciański","gmina":"Kroczyce","nazwaOboczna":null,"foto":null,"KAT":"Skała","skaloplan":null},"geometry":{"type":"Point","coordinates":[19.532115582,50.576000626599999]}},
{"type":"Feature","properties":{"X":19.532087032900002,"Y":50.576371443600003,"aktualnosc":"2014-10-10","Name":"Wielki Dziad","wysokosc":null,"LINK":"<a href=\"\" target=\"_blank\">LINK</a>","TOPO":null,"rejon":"Podlesice | Kołoczek","wojewodztwo":"śląskie","powiat":"zawierciański","gmina":"Kroczyce","nazwaOboczna":null,"foto":null,"KAT":"Skała","skaloplan":null},"geometry":{"type":"Point","coordinates":[19.532087032900002,50.576371443600003]}},
{"type":"Feature","properties":{"X":19.553373809899998,"Y":50.452429718200001,"aktualnosc":"2025-02-16","Name":"Lalka","wysokosc":null,"LINK":"<a href=\"\" target=\"_blank\">LINK</a>","TOPO":null,"rejon":"Podzamcze","wojewodztwo":"śląskie","powiat":"zawierciański","gmina":"Ogrodzieniec (gm. miejsko-wiejska)","nazwaOboczna":null,"foto":null,"KAT":"Skała","skaloplan":null},"geometry":{"type":"Point","coordinates":[19.553373809899998,50.452429718200001]}},
{"type":"Feature","properties":{"X":19.606932539500001,"Y":50.419262355500003,"aktualnosc":"2014-10-10","Name":"Dupinek","wysokosc":"8","LINK":"<a href=\"\" target=\"_blank\">LINK</a>","TOPO":null,"rejon":null,"wojewodztwo":null,"powiat":null,"gmina":null,"nazwaOboczna":null,"foto":null,"KAT":"Skała","skaloplan":null},"geometry":{"type":"Point","coordinates":[19.60756666001463,50.419241904413695]}},
{"type":"Feature","properties":{"X":19.547586899900001,"Y":50.415153273400001,"aktualnosc":"2013-06-18","Name":"Kartynowa Skała","wysokosc":null,"LINK":"<a href=\"\" target=\"_blank\">LINK</a>","TOPO":null,"rejon":null,"wojewodztwo":null,"powiat":null,"gmina":null,"nazwaOboczna":null,"foto":null,"KAT":"Skała","skaloplan":null},"geometry":{"type":"Point","coordinates":[19.547586899900001,50.415153273400001]}},
{"type":"Feature","properties":{"X":19.529870002300001,"Y":50.573302701400003,"aktualnosc":null,"Name":"Dziurawy Blok","wysokosc":null,"LINK":"<a href=\"\" target=\"_blank\">LINK</a>","TOPO":null,"rejon":"Podlesice | Góra Zborów","wojewodztwo":"śląskie","powiat":"zawierciański","gmina":"Kroczyce","nazwaOboczna":null,"foto":null,"KAT":"Skała","skaloplan":null},"geometry":{"type":"Point","coordinates":[19.529870002300001,50.573302701400003]}},
{"type":"Feature","properties":{"X":19.548260924099999,"Y":50.5894246119,"aktualnosc":"2013-06-18","Name":"Jastrzębnik","wysokosc":null,"LINK":"<a href=\"\" target=\"_blank\">LINK</a>","TOPO":null,"rejon":"Skały Kroczyckie | Jastrzębnik","wojewodztwo":"śląskie","powiat":"zawierciański","gmina":"Kroczyce","nazwaOboczna":"Łysak","foto":null,"KAT":"Skała","skaloplan":null},"geometry":{"type":"Point","coordinates":[19.548260924099999,50.5894246119]}},
{"type":"Feature","properties":{"X":19.517600699199999,"Y":50.572122030899997,"aktualnosc":"2013-06-18","Name":"Żółta Ścianka","wysokosc":"14","LINK":"<a href=\"\" target=\"_blank\">LINK</a>","TOPO":null,"rejon":"Podlesice - Biblioteka","wojewodztwo":"śląskie","powiat":"zawierciański","gmina":"Kroczyce-gmina wiejska","nazwaOboczna":null,"foto":null,"KAT":"Skała","skaloplan":null},"geometry":{"type":"Point","coordinates":[19.517600699199999,50.572122030899997]}},
{"type":"Feature","properties":{"X":19.514139147748399,"Y":50.575338204139399,"aktualnosc":null,"Name":"Skała Apteka","wysokosc":null,"LINK":"<a href=\"\" target=\"_blank\">LINK</a>","TOPO":null,"rejon":"Podlesice - Apteka","wojewodztwo":"śląskie","powiat":"zawierciański","gmina":"Kroczyce-gmina wiejska","nazwaOboczna":null,"foto":null,"KAT":"Skała","skaloplan":null},"geometry":{"type":"Point","coordinates":[19.514139147748399,50.575338204139399]}},
{"type":"Feature","properties":{"X":19.520041539299999,"Y":50.5745393101,"aktualnosc":null,"Name":"Turnia Motocyklistów (Wilczy Kamień)","wysokosc":null,"LINK":"<a href=\"\" target=\"_blank\">LINK</a>","TOPO":null,"rejon":"Podlesice","wojewodztwo":"śląskie","powiat":"zawierciański","gmina":"Kroczyce-gmina wiejska","nazwaOboczna":"Słonkiewiczowa Skała","foto":null,"KAT":"Skała","skaloplan":null},"geometry":{"type":"Point","coordinates":[19.520041539299999,50.5745393101]}},
{"type":"Feature","properties":{"X":19.521414646261899,"Y":50.563310834886302,"aktualnosc":"2013-06-18","Name":"Lewa Ruska Baszta","wysokosc":null,"LINK":"<a href=\"\" target=\"_blank\">LINK</a>","TOPO":null,"rejon":"Podlesice - Góra Apteka","wojewodztwo":"śląskie","powiat":"zawierciański","gmina":"Kroczyce","nazwaOboczna":null,"foto":null,"KAT":"Skała","skaloplan":null},"geometry":{"type":"Point","coordinates":[19.521414646261899,50.563310834886302]}},
{"type":"Feature","properties":{"X":19.521595817800002,"Y":50.570147341199998,"aktualnosc":"2013-06-18","Name":"Lewa Noga Baby","wysokosc":null,"LINK":"<a href=\"\" target=\"_blank\">LINK</a>","TOPO":null,"rejon":"Podlesice - Dudnik","wojewodztwo":"śląskie","powiat":"zawierciański","gmina":"Kroczyce-gmina wiejska","nazwaOboczna":null,"foto":null,"KAT":"Skała","skaloplan":null},"geometry":{"type":"Point","coordinates":[19.521595817800002,50.570147341199998]}},
{"type":"Feature","properties":{"X":19.522829734599998,"Y":50.5240713078,"aktualnosc":"2013-06-18","Name":"Okiennik Wielki","wysokosc":null,"LINK":"<a href=\"\" target=\"_blank\">LINK</a>","TOPO":null,"rejon":"Skarżyce","wojewodztwo":"śląskie","powiat":"zawierciański","gmina":"Kroczyce","nazwaOboczna":null,"foto":null,"KAT":"Skała","skaloplan":null},"geometry":{"type":"Point","coordinates":[19.522829734599998,50.5240713078]}},
{"type":"Feature","properties":{"X":19.5310056635,"Y":50.574050233500003,"aktualnosc":"2013-06-18","Name":"Rygiel","wysokosc":null,"LINK":"<a href=\"\" target=\"_blank\">LINK</a>","TOPO":null,"rejon":"Podlesice | Góra Zborów","wojewodztwo":"śląskie","powiat":"zawierciański","gmina":"Kroczyce","nazwaOboczna":null,"foto":null,"KAT":"Skała","skaloplan":null},"geometry":{"type":"Point","coordinates":[19.5310056635,50.574050233500003]}},
{"type":"Feature","properties":{"X":19.6059301138,"Y":50.417957048700003,"aktualnosc":"2014-10-10","Name":"Felin","wysokosc":"11","LINK":"<a href=\"\" target=\"_blank\">LINK</a>","TOPO":null,"rejon":null,"wojewodztwo":null,"powiat":null,"gmina":null,"nazwaOboczna":null,"foto":null,"KAT":"Skała","skaloplan":null},"geometry":{"type":"Point","coordinates":[19.6059301138,50.417957048700003]}},
{"type":"Feature","properties":{"X":19.605926460700001,"Y":50.418256072600002,"aktualnosc":"2013-06-18","Name":"Fircyk","wysokosc":"12","LINK":"<a href=\"\" target=\"_blank\">LINK</a>","TOPO":null,"rejon":null,"wojewodztwo":null,"powiat":null,"gmina":null,"nazwaOboczna":null,"foto":null,"KAT":"Skała","skaloplan":null},"geometry":{"type":"Point","coordinates":[19.605926460700001,50.418256072600002]}},
{"type":"Feature","properties":{"X":19.566602080599999,"Y":50.447834262500002,"aktualnosc":"2025-02-16","Name":"Opaleńce","wysokosc":null,"LINK":"<a href=\"\" target=\"_blank\">LINK</a>","TOPO":null,"rejon":"Podzamcze","wojewodztwo":"śląskie","powiat":"zawierciański","gmina":"Ogrodzieniec (gm. miejsko-wiejska)","nazwaOboczna":null,"foto":null,"KAT":"Skała","skaloplan":null},"geometry":{"type":"Point","coordinates":[19.566587247467599,50.447579107738925]}},
{"type":"Feature","properties":{"X":19.548585429399999,"Y":50.416531902899997,"aktualnosc":"2013-06-18","Name":"Niwień","wysokosc":null,"LINK":"<a href=\"\" target=\"_blank\">LINK</a>","TOPO":null,"rejon":null,"wojewodztwo":null,"powiat":null,"gmina":null,"nazwaOboczna":null,"foto":null,"KAT":"Skała","skaloplan":null},"geometry":{"type":"Point","coordinates":[19.548585429399999,50.416531902899997]}},
{"type":"Feature","properties":{"X":19.420859945699998,"Y":50.407716840699997,"aktualnosc":"2013-06-18","Name":"Pniokowa Skała","wysokosc":null,"LINK":"<a href=\"\" target=\"_blank\">LINK</a>","TOPO":null,"rejon":null,"wojewodztwo":null,"powiat":null,"gmina":null,"nazwaOboczna":null,"foto":null,"KAT":"Skała","skaloplan":null},"geometry":{"type":"Point","coordinates":[19.420859945699998,50.407716840699997]}},
{"type":"Feature","properties":{"X":19.555555588600001,"Y":50.4566666642,"aktualnosc":"2013-06-18","Name":"Skała Matki Boskiej","wysokosc":null,"LINK":"<a href=\"\" target=\"_blank\">LINK</a>","TOPO":null,"rejon":null,"wojewodztwo":null,"powiat":null,"gmina":null,"nazwaOboczna":null,"foto":null,"KAT":"Skała","skaloplan":null},"geometry":{"type":"Point","coordinates":[19.555555588600001,50.4566666642]}},
{"type":"Feature","properties":{"X":19.494822972518701,"Y":50.572800038259203,"aktualnosc":"2013-06-18","Name":"Okiennik Rzędkowicki","wysokosc":null,"LINK":"<a href=\"\" target=\"_blank\">LINK</a>","TOPO":null,"rejon":null,"wojewodztwo":null,"powiat":null,"gmina":null,"nazwaOboczna":null,"foto":null,"KAT":"Skała","skaloplan":null},"geometry":{"type":"Point","coordinates":[19.494822972518701,50.572800038259203]}},
{"type":"Feature","properties":{"X":19.4852575041938,"Y":50.575329008855597,"aktualnosc":"2013-06-18","Name":"Kamieniem pod Wysoką","wysokosc":null,"LINK":"<a href=\"\" target=\"_blank\">LINK</a>","TOPO":null,"rejon":"Rzędkowice","wojewodztwo":"śląskie","powiat":"zawierciański","gmina":"Włodowice (gm. miejsko-wiejska)","nazwaOboczna":null,"foto":"<a href=\"./Skaly/18//O.jpg\" target=\"_blank\"><a/>","KAT":"Skała","skaloplan":"<a href=\"./Skaly/18/T-RZEDKOWICE_.pdf\" target=\"_blank\"><a/>"},"geometry":{"type":"Point","coordinates":[19.4852575041938,50.575329008855597]}},
{"type":"Feature","properties":{"X":19.498339274500001,"Y":50.571913546099999,"aktualnosc":"2013-06-18","Name":"Skała Ostatnia","wysokosc":null,"LINK":"<a href=\"\" target=\"_blank\">LINK</a>","TOPO":null,"rejon":"Rzędkowice","wojewodztwo":"śląskie","powiat":"zawierciański","gmina":"Włodowice (gm. miejsko-wiejska)","nazwaOboczna":null,"foto":"<a href=\".Skaly/18//O.jpg\" target=\"_blank\"></a>","KAT":"Skała","skaloplan":"<a href=\".Skaly/18//T-RZEDKOWICE_.pdf\" target=\"_blank\"></a>"},"geometry":{"type":"Point","coordinates":[19.498339274500001,50.571913546099999]}},
{"type":"Feature","properties":{"X":19.625643717181301,"Y":50.4393592703397,"aktualnosc":"2014-10-10","Name":"Brzuchacka Skała","wysokosc":null,"LINK":"<a href=\"\" target=\"_blank\">LINK</a>","TOPO":null,"rejon":null,"wojewodztwo":null,"powiat":null,"gmina":null,"nazwaOboczna":null,"foto":null,"KAT":"Skała","skaloplan":null},"geometry":{"type":"Point","coordinates":[19.625643717181301,50.4393592703397]}},
{"type":"Feature","properties":{"X":19.5594390505,"Y":50.447951592099997,"aktualnosc":"2025-02-16","Name":"Skała za Boiskiem","wysokosc":null,"LINK":"<a href=\"\" target=\"_blank\">LINK</a>","TOPO":null,"rejon":"Podzamcze","wojewodztwo":"śląskie","powiat":"zawierciański","gmina":"Ogrodzieniec (gm. miejsko-wiejska)","nazwaOboczna":null,"foto":"<a href=\".Skaly/Ogrodzieniec/Podzamcze/Skala_za_Boiskiem/img/O.jpg\" target=\"_blank\">FOTO</a>","KAT":"Skała","skaloplan":null},"geometry":{"type":"Point","coordinates":[19.55947804117373,50.448023537232714]}},
{"type":"Feature","properties":{"X":19.521102893199998,"Y":50.563371308699999,"aktualnosc":null,"Name":"Prawa Ruska Baszta","wysokosc":null,"LINK":"<a href=\"\" target=\"_blank\">LINK</a>","TOPO":null,"rejon":"Podlesice - Góra Apteka","wojewodztwo":"śląskie","powiat":"zawierciański","gmina":"Kroczyce","nazwaOboczna":null,"foto":null,"KAT":"Skała","skaloplan":null},"geometry":{"type":"Point","coordinates":[19.521102893199998,50.563371308699999]}},
{"type":"Feature","properties":{"X":19.5216307936,"Y":50.562860843599999,"aktualnosc":null,"Name":"Wiszące Ogrody","wysokosc":null,"LINK":"<a href=\"\" target=\"_blank\">LINK</a>","TOPO":null,"rejon":"Podlesice - Góra Apteka","wojewodztwo":"śląskie","powiat":"zawierciański","gmina":"Kroczyce","nazwaOboczna":null,"foto":null,"KAT":"Skała","skaloplan":null},"geometry":{"type":"Point","coordinates":[19.5216307936,50.562860843599999]}},
{"type":"Feature","properties":{"X":19.520847516,"Y":50.562709637499999,"aktualnosc":null,"Name":"Wielki Palec","wysokosc":null,"LINK":"<a href=\"\" target=\"_blank\">LINK</a>","TOPO":null,"rejon":"Podlesice - Góra Apteka","wojewodztwo":"śląskie","powiat":"zawierciański","gmina":"Kroczyce","nazwaOboczna":null,"foto":null,"KAT":"Skała","skaloplan":null},"geometry":{"type":"Point","coordinates":[19.520847516,50.562709637499999]}},
{"type":"Feature","properties":{"X":19.521007152,"Y":50.5627842958,"aktualnosc":null,"Name":"Mały Palec","wysokosc":null,"LINK":"<a href=\"\" target=\"_blank\">LINK</a>","TOPO":null,"rejon":"Podlesice - Góra Apteka","wojewodztwo":"śląskie","powiat":"zawierciański","gmina":"Kroczyce","nazwaOboczna":null,"foto":null,"KAT":"Skała","skaloplan":null},"geometry":{"type":"Point","coordinates":[19.521007152,50.5627842958]}},
{"type":"Feature","properties":{"X":19.520914148799999,"Y":50.562257105699999,"aktualnosc":null,"Name":"Bliźniaki","wysokosc":null,"LINK":"<a href=\"\" target=\"_blank\">LINK</a>","TOPO":null,"rejon":"Podlesice - Góra Apteka","wojewodztwo":"śląskie","powiat":"zawierciański","gmina":"Kroczyce","nazwaOboczna":null,"foto":null,"KAT":"Skała","skaloplan":null},"geometry":{"type":"Point","coordinates":[19.520914148799999,50.562257105699999]}},
{"type":"Feature","properties":{"X":19.520780551800001,"Y":50.562567126300003,"aktualnosc":null,"Name":"Narożna","wysokosc":null,"LINK":"<a href=\"\" target=\"_blank\">LINK</a>","TOPO":null,"rejon":"Podlesice - Góra Apteka","wojewodztwo":"śląskie","powiat":"zawierciański","gmina":"Kroczyce","nazwaOboczna":null,"foto":null,"KAT":"Skała","skaloplan":null},"geometry":{"type":"Point","coordinates":[19.520780551800001,50.562567126300003]}},
{"type":"Feature","properties":{"X":19.491952442300001,"Y":50.563066696699998,"aktualnosc":null,"Name":"Pyrek","wysokosc":null,"LINK":"<a href=\"\" target=\"_blank\">LINK</a>","TOPO":null,"rejon":null,"wojewodztwo":null,"powiat":null,"gmina":null,"nazwaOboczna":null,"foto":null,"KAT":"Skała","skaloplan":null},"geometry":{"type":"Point","coordinates":[19.491952442300001,50.563066696699998]}},
{"type":"Feature","properties":{"X":19.521458206399998,"Y":50.570165808699997,"aktualnosc":null,"Name":"Prawa Noga Baby","wysokosc":null,"LINK":"<a href=\"\" target=\"_blank\">LINK</a>","TOPO":null,"rejon":"Podlesice - Dudnik","wojewodztwo":"śląskie","powiat":"zawierciański","gmina":"Kroczyce-gmina wiejska","nazwaOboczna":null,"foto":null,"KAT":"Skała","skaloplan":null},"geometry":{"type":"Point","coordinates":[19.521458206399998,50.570165808699997]}},
{"type":"Feature","properties":{"X":19.497644970300001,"Y":50.572058502300003,"aktualnosc":null,"Name":"Pęknięta","wysokosc":null,"LINK":"<a href=\"\" target=\"_blank\">LINK</a>","TOPO":null,"rejon":"Rzędkowice","wojewodztwo":"śląskie","powiat":"zawierciański","gmina":"Włodowice (gm. miejsko-wiejska)","nazwaOboczna":null,"foto":"<a href=\".Skaly/18//O.jpg\" target=\"_blank\"></a>","KAT":"Skała","skaloplan":"<a href=\".Skaly/18//T-RZEDKOWICE_.pdf\" target=\"_blank\"></a>"},"geometry":{"type":"Point","coordinates":[19.497644970300001,50.572058502300003]}},
{"type":"Feature","properties":{"X":19.496728515499999,"Y":50.5737404821,"aktualnosc":null,"Name":"Leśna","wysokosc":null,"LINK":"<a href=\"\" target=\"_blank\">LINK</a>","TOPO":null,"rejon":null,"wojewodztwo":null,"powiat":null,"gmina":null,"nazwaOboczna":null,"foto":null,"KAT":"Skała","skaloplan":null},"geometry":{"type":"Point","coordinates":[19.496728515499999,50.5737404821]}},
{"type":"Feature","properties":{"X":19.529871408799998,"Y":50.572842709200003,"aktualnosc":null,"Name":"Skała z Blokiem","wysokosc":null,"LINK":"<a href=\"\" target=\"_blank\">LINK</a>","TOPO":null,"rejon":"Podlesice | Góra Zborów","wojewodztwo":"śląskie","powiat":"zawierciański","gmina":"Kroczyce","nazwaOboczna":null,"foto":null,"KAT":"Skała","skaloplan":null},"geometry":{"type":"Point","coordinates":[19.529871408799998,50.572842709200003]}},
{"type":"Feature","properties":{"X":19.527776773500001,"Y":50.573436958800002,"aktualnosc":null,"Name":"Czujnik","wysokosc":null,"LINK":"<a href=\"\" target=\"_blank\">LINK</a>","TOPO":null,"rejon":"Podlesice | Góra Zborów","wojewodztwo":"śląskie","powiat":"zawierciański","gmina":"Kroczyce","nazwaOboczna":null,"foto":null,"KAT":"Skała","skaloplan":null},"geometry":{"type":"Point","coordinates":[19.527776773500001,50.573436958800002]}},
{"type":"Feature","properties":{"X":19.527839554,"Y":50.573374645999998,"aktualnosc":null,"Name":"Świnka","wysokosc":null,"LINK":"<a href=\"\" target=\"_blank\">LINK</a>","TOPO":null,"rejon":"Podlesice | Góra Zborów","wojewodztwo":"śląskie","powiat":"zawierciański","gmina":"Kroczyce","nazwaOboczna":null,"foto":null,"KAT":"Skała","skaloplan":null},"geometry":{"type":"Point","coordinates":[19.527839554,50.573374646]}},
{"type":"Feature","properties":{"X":19.528548199399999,"Y":50.5730327156,"aktualnosc":null,"Name":"Z Mysim Trawersem","wysokosc":null,"LINK":"<a href=\"\" target=\"_blank\">LINK</a>","TOPO":null,"rejon":"Podlesice | Góra Zborów","wojewodztwo":"śląskie","powiat":"zawierciański","gmina":"Kroczyce","nazwaOboczna":null,"foto":null,"KAT":"Skała","skaloplan":null},"geometry":{"type":"Point","coordinates":[19.528548199399999,50.5730327156]}},
{"type":"Feature","properties":{"X":19.530349081000001,"Y":50.5728879276,"aktualnosc":null,"Name":"Skrzat","wysokosc":null,"LINK":"<a href=\"\" target=\"_blank\">LINK</a>","TOPO":null,"rejon":"Podlesice | Góra Zborów","wojewodztwo":"śląskie","powiat":"zawierciański","gmina":"Kroczyce","nazwaOboczna":null,"foto":null,"KAT":"Skała","skaloplan":null},"geometry":{"type":"Point","coordinates":[19.530349081,50.5728879276]}},
{"type":"Feature","properties":{"X":19.528793647299999,"Y":50.572766064299998,"aktualnosc":null,"Name":"Dziurki","wysokosc":null,"LINK":"<a href=\"\" target=\"_blank\">LINK</a>","TOPO":null,"rejon":"Podlesice | Góra Zborów","wojewodztwo":"śląskie","powiat":"zawierciański","gmina":"Kroczyce","nazwaOboczna":null,"foto":null,"KAT":"Skała","skaloplan":null},"geometry":{"type":"Point","coordinates":[19.528793647299999,50.572766064299998]}},
{"type":"Feature","properties":{"X":19.52875111,"Y":50.572681229700002,"aktualnosc":null,"Name":"Skała Gąsieckiego","wysokosc":null,"LINK":"<a href=\"\" target=\"_blank\">LINK</a>","TOPO":null,"rejon":"Podlesice | Góra Zborów","wojewodztwo":"śląskie","powiat":"zawierciański","gmina":"Kroczyce","nazwaOboczna":null,"foto":null,"KAT":"Skała","skaloplan":null},"geometry":{"type":"Point","coordinates":[19.52875111,50.572681229700002]}},
{"type":"Feature","properties":{"X":19.530365366200002,"Y":50.573455437500002,"aktualnosc":null,"Name":"Sówka (Sowia)","wysokosc":null,"LINK":"<a href=\"\" target=\"_blank\">LINK</a>","TOPO":null,"rejon":"Podlesice | Góra Zborów","wojewodztwo":"śląskie","powiat":"zawierciański","gmina":"Kroczyce","nazwaOboczna":null,"foto":null,"KAT":"Skała","skaloplan":null},"geometry":{"type":"Point","coordinates":[19.530365366200002,50.573455437500002]}},
{"type":"Feature","properties":{"X":19.528660310399999,"Y":50.5729778448,"aktualnosc":null,"Name":"Mysia Skała","wysokosc":null,"LINK":"<a href=\"\" target=\"_blank\">LINK</a>","TOPO":null,"rejon":"Podlesice | Góra Zborów","wojewodztwo":"śląskie","powiat":"zawierciański","gmina":"Kroczyce","nazwaOboczna":null,"foto":null,"KAT":"Skała","skaloplan":null},"geometry":{"type":"Point","coordinates":[19.528660310399999,50.5729778448]}},
{"type":"Feature","properties":{"X":19.528276420099999,"Y":50.573098067799997,"aktualnosc":null,"Name":"Mur Wyklętych","wysokosc":null,"LINK":"<a href=\"\" target=\"_blank\">LINK</a>","TOPO":null,"rejon":"Podlesice | Góra Zborów","wojewodztwo":"śląskie","powiat":"zawierciański","gmina":"Kroczyce","nazwaOboczna":null,"foto":null,"KAT":"Skała","skaloplan":null},"geometry":{"type":"Point","coordinates":[19.528276420099999,50.573098067799997]}},
{"type":"Feature","properties":{"X":19.528375589700001,"Y":50.572179737200003,"aktualnosc":null,"Name":"Dolna Baszta","wysokosc":null,"LINK":"<a href=\"\" target=\"_blank\">LINK</a>","TOPO":null,"rejon":"Podlesice | Góra Zborów","wojewodztwo":"śląskie","powiat":"zawierciański","gmina":"Kroczyce","nazwaOboczna":null,"foto":null,"KAT":"Skała","skaloplan":null},"geometry":{"type":"Point","coordinates":[19.528375589700001,50.572179737200003]}},
{"type":"Feature","properties":{"X":19.5297797128,"Y":50.571725221299999,"aktualnosc":null,"Name":"Skała z Sosną","wysokosc":null,"LINK":"<a href=\"\" target=\"_blank\">LINK</a>","TOPO":null,"rejon":"Podlesice | Góra Zborów","wojewodztwo":"śląskie","powiat":"zawierciański","gmina":"Kroczyce","nazwaOboczna":null,"foto":null,"KAT":"Skała","skaloplan":null},"geometry":{"type":"Point","coordinates":[19.5297797128,50.571725221299999]}},
{"type":"Feature","properties":{"X":19.526601060283301,"Y":50.5746558825414,"aktualnosc":null,"Name":"Sadek","wysokosc":null,"LINK":"<a href=\"\" target=\"_blank\">LINK</a>","TOPO":null,"rejon":"Podlesice - Góra Zborów","wojewodztwo":"śląskie","powiat":"zawierciański","gmina":"Kroczyce","nazwaOboczna":null,"foto":null,"KAT":"Skała","skaloplan":null},"geometry":{"type":"Point","coordinates":[19.526601060283301,50.5746558825414]}},
{"type":"Feature","properties":{"X":19.5247936375855,"Y":50.575475679248399,"aktualnosc":null,"Name":"Dwoista Baszta","wysokosc":null,"LINK":"<a href=\"\" target=\"_blank\">LINK</a>","TOPO":null,"rejon":"Podlesice | Góra Zborów","wojewodztwo":"śląskie","powiat":"zawierciański","gmina":"Kroczyce","nazwaOboczna":null,"foto":null,"KAT":"Skała","skaloplan":null},"geometry":{"type":"Point","coordinates":[19.5247936375855,50.575475679248399]}},
{"type":"Feature","properties":{"X":19.528955831299999,"Y":50.573175830300002,"aktualnosc":null,"Name":"Koguty","wysokosc":null,"LINK":"<a href=\"\" target=\"_blank\">LINK</a>","TOPO":null,"rejon":"Podlesice | Góra Zborów","wojewodztwo":"śląskie","powiat":"zawierciański","gmina":"Kroczyce","nazwaOboczna":null,"foto":null,"KAT":"Skała","skaloplan":null},"geometry":{"type":"Point","coordinates":[19.528955831299999,50.573175830300002]}},
{"type":"Feature","properties":{"X":19.5303405035068,"Y":50.572649797339999,"aktualnosc":null,"Name":"Ze Słupem","wysokosc":null,"LINK":"<a href=\"\" target=\"_blank\">LINK</a>","TOPO":null,"rejon":"Podlesice | Góra Zborów","wojewodztwo":"śląskie","powiat":"zawierciański","gmina":"Kroczyce","nazwaOboczna":null,"foto":null,"KAT":"Skała","skaloplan":null},"geometry":{"type":"Point","coordinates":[19.5303405035068,50.572649797339999]}},
{"type":"Feature","properties":{"X":19.526954738400001,"Y":50.571071753799998,"aktualnosc":null,"Name":"Z Tablicą","wysokosc":null,"LINK":"<a href=\"\" target=\"_blank\">LINK</a>","TOPO":null,"rejon":"Podlesice | Góra Zborów","wojewodztwo":"śląskie","powiat":"zawierciański","gmina":"Kroczyce","nazwaOboczna":null,"foto":null,"KAT":"Skała","skaloplan":null},"geometry":{"type":"Point","coordinates":[19.526954738400001,50.571071753799998]}},
{"type":"Feature","properties":{"X":19.5279371166,"Y":50.5733235589,"aktualnosc":null,"Name":"Zajączek","wysokosc":null,"LINK":"<a href=\"\" target=\"_blank\">LINK</a>","TOPO":null,"rejon":"Podlesice | Góra Zborów","wojewodztwo":"śląskie","powiat":"zawierciański","gmina":"Kroczyce","nazwaOboczna":null,"foto":null,"KAT":"Skała","skaloplan":null},"geometry":{"type":"Point","coordinates":[19.5279371166,50.5733235589]}},
{"type":"Feature","properties":{"X":19.528368890199999,"Y":50.573048397400001,"aktualnosc":null,"Name":"Filar Wyklętych","wysokosc":null,"LINK":"<a href=\"\" target=\"_blank\">LINK</a>","TOPO":null,"rejon":"Podlesice | Góra Zborów","wojewodztwo":"śląskie","powiat":"zawierciański","gmina":"Kroczyce","nazwaOboczna":null,"foto":null,"KAT":"Skała","skaloplan":null},"geometry":{"type":"Point","coordinates":[19.528368890199999,50.573048397400001]}},
{"type":"Feature","properties":{"X":19.5277473093,"Y":50.539294478000002,"aktualnosc":null,"Name":"Sowi Mur Prawy","wysokosc":null,"LINK":"<a href=\"\" target=\"_blank\">LINK</a>","TOPO":null,"rejon":"Piaseczno","wojewodztwo":"śląskie","powiat":"zawierciański","gmina":"Kroczyce","nazwaOboczna":null,"foto":null,"KAT":"Skała","skaloplan":null},"geometry":{"type":"Point","coordinates":[19.5277473093,50.539294478]}},
{"type":"Feature","properties":{"X":19.529305774699999,"Y":50.539840077400001,"aktualnosc":null,"Name":"Mała Sowia Baszta","wysokosc":null,"LINK":"<a href=\"\" target=\"_blank\">LINK</a>","TOPO":null,"rejon":"Piaseczno","wojewodztwo":"śląskie","powiat":"zawierciański","gmina":"Kroczyce","nazwaOboczna":null,"foto":null,"KAT":"Skała","skaloplan":null},"geometry":{"type":"Point","coordinates":[19.529305774699999,50.539840077400001]}},
{"type":"Feature","properties":{"X":19.5241146495,"Y":50.538575547199997,"aktualnosc":"2020-11-13","Name":"Trabant","wysokosc":null,"LINK":"<a href=\"\" target=\"_blank\">LINK</a>","TOPO":null,"rejon":"Piaseczno","wojewodztwo":"śląskie","powiat":"zawierciański","gmina":"Kroczyce","nazwaOboczna":null,"foto":null,"KAT":"Skała","skaloplan":null},"geometry":{"type":"Point","coordinates":[19.5241146495,50.538575547199997]}},
{"type":"Feature","properties":{"X":19.524866996099998,"Y":50.538717265199999,"aktualnosc":"2020-11-13","Name":"Mała Jamnicza","wysokosc":null,"LINK":"<a href=\"\" target=\"_blank\">LINK</a>","TOPO":null,"rejon":"Piaseczno","wojewodztwo":"śląskie","powiat":"zawierciański","gmina":"Kroczyce","nazwaOboczna":null,"foto":null,"KAT":"Skała","skaloplan":null},"geometry":{"type":"Point","coordinates":[19.524866996099998,50.538717265199999]}},
{"type":"Feature","properties":{"X":19.525139023800001,"Y":50.538553284000002,"aktualnosc":"2020-11-13","Name":"Jamniczek","wysokosc":null,"LINK":"<a href=\"\" target=\"_blank\">LINK</a>","TOPO":null,"rejon":"Piaseczno","wojewodztwo":"śląskie","powiat":"zawierciański","gmina":"Kroczyce","nazwaOboczna":null,"foto":null,"KAT":"Skała","skaloplan":null},"geometry":{"type":"Point","coordinates":[19.525139023800001,50.538553284]}},
{"type":"Feature","properties":{"X":19.523228691100002,"Y":50.551101600700001,"aktualnosc":"2025-02-16","Name":"Heavy Metal","wysokosc":null,"LINK":"<a href=\"\" target=\"_blank\">LINK</a>","TOPO":null,"rejon":"Skały Morskie","wojewodztwo":"śląskie","powiat":"zawierciański","gmina":" Zawiercie (gm. miejska)","nazwaOboczna":null,"foto":null,"KAT":"Skała","skaloplan":null},"geometry":{"type":"Point","coordinates":[19.523228691100002,50.551101600700001]}},
{"type":"Feature","properties":{"X":19.529441981000002,"Y":50.577913638699997,"aktualnosc":"2013-06-18","Name":"Mama","wysokosc":null,"LINK":"<a href=\"\" target=\"_blank\">LINK</a>","TOPO":null,"rejon":"Podlesice | Kołoczek","wojewodztwo":"śląskie","powiat":"zawierciański","gmina":"Kroczyce","nazwaOboczna":null,"foto":null,"KAT":"Skała","skaloplan":null},"geometry":{"type":"Point","coordinates":[19.529441981,50.577913638699997]}},
{"type":"Feature","properties":{"X":19.529162654299999,"Y":50.578090140599997,"aktualnosc":"2013-06-18","Name":"Dziewica","wysokosc":null,"LINK":"<a href=\"\" target=\"_blank\">LINK</a>","TOPO":null,"rejon":"Podlesice | Kołoczek","wojewodztwo":"śląskie","powiat":"zawierciański","gmina":"Kroczyce","nazwaOboczna":null,"foto":null,"KAT":"Skała","skaloplan":null},"geometry":{"type":"Point","coordinates":[19.529162654299999,50.578090140599997]}},
{"type":"Feature","properties":{"X":19.529262216300001,"Y":50.578025159900001,"aktualnosc":"2013-06-18","Name":"Trzy Córki","wysokosc":null,"LINK":"<a href=\"\" target=\"_blank\">LINK</a>","TOPO":null,"rejon":"Podlesice | Kołoczek","wojewodztwo":"śląskie","powiat":"zawierciański","gmina":"Kroczyce","nazwaOboczna":null,"foto":null,"KAT":"Skała","skaloplan":null},"geometry":{"type":"Point","coordinates":[19.529262216300001,50.578025159900001]}},
{"type":"Feature","properties":{"X":19.529299552099999,"Y":50.577333197500003,"aktualnosc":"2014-10-10","Name":"Kajak","wysokosc":null,"LINK":"<a href=\"\" target=\"_blank\">LINK</a>","TOPO":null,"rejon":"Podlesice | Kołoczek","wojewodztwo":"śląskie","powiat":"zawierciański","gmina":"Kroczyce","nazwaOboczna":null,"foto":null,"KAT":"Skała","skaloplan":null},"geometry":{"type":"Point","coordinates":[19.529299552099999,50.577333197500003]}},
{"type":"Feature","properties":{"X":19.5297199249,"Y":50.577378860300001,"aktualnosc":"2014-10-10","Name":"Wodna Skała","wysokosc":null,"LINK":"<a href=\"\" target=\"_blank\">LINK</a>","TOPO":null,"rejon":"Podlesice | Kołoczek","wojewodztwo":"śląskie","powiat":"zawierciański","gmina":"Kroczyce","nazwaOboczna":null,"foto":null,"KAT":"Skała","skaloplan":null},"geometry":{"type":"Point","coordinates":[19.5297199249,50.577378860300001]}},
{"type":"Feature","properties":{"X":19.529155740299998,"Y":50.577125958000003,"aktualnosc":"2014-10-10","Name":"Żaglowiec","wysokosc":null,"LINK":"<a href=\"\" target=\"_blank\">LINK</a>","TOPO":null,"rejon":"Podlesice | Kołoczek","wojewodztwo":"śląskie","powiat":"zawierciański","gmina":"Kroczyce","nazwaOboczna":null,"foto":null,"KAT":"Skała","skaloplan":null},"geometry":{"type":"Point","coordinates":[19.529155740299998,50.577125958]}},
{"type":"Feature","properties":{"X":19.482759304930401,"Y":50.615115168865103,"aktualnosc":"2025-02-16","Name":"Studnisko","wysokosc":"16","LINK":"<a href=\"\" target=\"_blank\">LINK</a>","TOPO":null,"rejon":"Grzęda Mirowska","wojewodztwo":"śląskie","powiat":"myszkowski ","gmina":"Niegowa (gm. wiejska)","nazwaOboczna":null,"foto":null,"KAT":"Skała","skaloplan":null},"geometry":{"type":"Point","coordinates":[19.482759304930401,50.615115168865103]}},
{"type":"Feature","properties":{"X":19.455354740299999,"Y":50.627922153299998,"aktualnosc":"2025-03-16","Name":"Rysia Skała","wysokosc":"8","LINK":"<a href=\"http://toprope.pl/index.php/topo/polska/1493-koci-leb-damiak-topo-rejonu-wspinaczkowego-2023\" target=\"_blank\">LINK</a>","TOPO":null,"rejon":"Mzurów|Damiak","wojewodztwo":"śląskie","powiat":"myszkowski","gmina":"Niegowa (gm. wiejska)","nazwaOboczna":null,"foto":"<a href=\".\\Skaly\\Niegowa\\Mzurow\\Rysia_Skala\\img\\O.jpg\" target=\"_blank\">FOTO</a>","KAT":"Skała","skaloplan":null},"geometry":{"type":"Point","coordinates":[19.491624166005426,50.666226242360388]}},
{"type":"Feature","properties":{"X":19.364553312999998,"Y":50.681430025499999,"aktualnosc":"2025-05-15","Name":"Alf","wysokosc":"18","LINK":"<a href=\"http://toprope.pl/index.php/topo/polska/1193-skala-alf-suliszowice-topo-rejonu-wspinaczkowego-2020\" target=\"_blank\">LINK</a>","TOPO":"http://toprope.pl/index.php/topo/polska/1193-skala-alf-suliszowice-topo-rejonu-wspinaczkowego-2020","rejon":"Suliszowice","wojewodztwo":"śląskie","powiat":"myszkowski","gmina":" Żarki","nazwaOboczna":null,"foto":null,"KAT":"Skała","skaloplan":null},"geometry":{"type":"Point","coordinates":[19.364553313,50.681430025499999]}},
{"type":"Feature","properties":{"X":19.373148646411899,"Y":50.676507320311501,"aktualnosc":"2020-10-29","Name":"Jagodowa (Malinowa)","wysokosc":null,"LINK":"<a href=\"\" target=\"_blank\">LINK</a>","TOPO":null,"rejon":"Suliszowice|Zastudnie","wojewodztwo":"śląskie","powiat":"myszkowski","gmina":" Żarki","nazwaOboczna":"Malinowa","foto":null,"KAT":"Skała","skaloplan":"<a href=\" \" target=\"_blank\">TOPO</a>"},"geometry":{"type":"Point","coordinates":[19.373148646411899,50.676507320311501]}},
{"type":"Feature","properties":{"X":19.365225047100001,"Y":50.680522002099998,"aktualnosc":"2023-05-15","Name":"Pod Prądem","wysokosc":"10","LINK":"<a href=\"https://wspinanie.pl/2019/04/skala-pod-pradem-w-suliszowicach-topo/\" target=\"_blank\">LINK</a>","TOPO":"https://wspinanie.pl/2019/04/skala-pod-pradem-w-suliszowicach-topo/","rejon":"Suliszowice","wojewodztwo":"śląskie","powiat":"myszkowski","gmina":" Żarki","nazwaOboczna":null,"foto":null,"KAT":"Skała","skaloplan":null},"geometry":{"type":"Point","coordinates":[19.365225047100001,50.680522002099998]}},
{"type":"Feature","properties":{"X":19.454618760599999,"Y":50.6275123884,"aktualnosc":"2025-03-16","Name":"Ule","wysokosc":null,"LINK":"<a href=\"\" target=\"_blank\">LINK</a>","TOPO":null,"rejon":"Łutowiec","wojewodztwo":"śląskie","powiat":"myszkowski","gmina":"Niegowa (gm. wiejska)","nazwaOboczna":null,"foto":null,"KAT":"Skała","skaloplan":null},"geometry":{"type":"Point","coordinates":[19.455065123340841,50.627477705715577]}},
{"type":"Feature","properties":{"X":19.358417502000002,"Y":50.677044909000003,"aktualnosc":"2023-05-15","Name":"Samcowizna","wysokosc":"12","LINK":"<a href=\"https://wspinanie.pl/2018/06/rejon-suliszowic-samcowizna-i-molenda/\" target=\"_blank\">LINK</a>","TOPO":"Zamknięta dla wspinaczy - Brak zgody właściciela","rejon":"Suliszowice","wojewodztwo":"śląskie","powiat":"myszkowski","gmina":" Żarki","nazwaOboczna":null,"foto":null,"KAT":"Skała","skaloplan":null},"geometry":{"type":"Point","coordinates":[19.358417502,50.677044909]}},
{"type":"Feature","properties":{"X":19.367058226311599,"Y":50.676373236747899,"aktualnosc":"2020-10-29","Name":"Skała Skorkowa","wysokosc":null,"LINK":"<a href=\"\" target=\"_blank\">LINK</a>","TOPO":"Skała pod eventy","rejon":"Suliszowice","wojewodztwo":"śląskie","powiat":"myszkowski","gmina":" Żarki","nazwaOboczna":null,"foto":null,"KAT":"Skała","skaloplan":null},"geometry":{"type":"Point","coordinates":[19.367058226311599,50.676373236747899]}},
{"type":"Feature","properties":{"X":19.357498611099999,"Y":50.678393438800001,"aktualnosc":"2020-10-29","Name":"Dziurawa","wysokosc":"13","LINK":"<a href=\"https://topo.portalgorski.pl/Dziurawa-Ska%C5%82a,Suliszowice,Dolina-Wiercicy,Jura-Krakowsko-Cz%C4%99stochowska,skala,942\" target=\"_blank\">LINK</a>","TOPO":null,"rejon":"Suliszowice","wojewodztwo":"śląskie","powiat":"myszkowski","gmina":" Żarki","nazwaOboczna":null,"foto":null,"KAT":"Skała","skaloplan":null},"geometry":{"type":"Point","coordinates":[19.357498611099999,50.678393438800001]}},
{"type":"Feature","properties":{"X":19.333333397899999,"Y":50.675277735000002,"aktualnosc":"2020-10-29","Name":"Sroga","wysokosc":"15","LINK":"<a href=\"https://topo.portalgorski.pl/Sroga-Ska%C5%82a,Suliszowice,Dolina-Wiercicy,Jura-Krakowsko-Cz%C4%99stochowska,skala,638\" target=\"_blank\">LINK</a>","TOPO":null,"rejon":"Suliszowice","wojewodztwo":"śląskie","powiat":"myszkowski","gmina":" Żarki","nazwaOboczna":null,"foto":null,"KAT":"Skała","skaloplan":null},"geometry":{"type":"Point","coordinates":[19.333333397899999,50.675277735]}},
{"type":"Feature","properties":{"X":19.455354740299999,"Y":50.627922153299998,"aktualnosc":"2025-03-16","Name":"Swinks","wysokosc":"10","LINK":"<a href=\"\" target=\"_blank\">LINK</a>","TOPO":null,"rejon":"Łutowiec","wojewodztwo":"śląskie","powiat":"myszkowski","gmina":"Niegowa (gm. wiejska)","nazwaOboczna":null,"foto":null,"KAT":"Skała","skaloplan":null},"geometry":{"type":"Point","coordinates":[19.454737391393472,50.628800940925338]}},
{"type":"Feature","properties":{"X":19.451448114800002,"Y":50.6291355993,"aktualnosc":"2025-03-16","Name":"Knur","wysokosc":"20","LINK":"<a href=\"\" target=\"_blank\">LINK</a>","TOPO":null,"rejon":"Łutowiec","wojewodztwo":"śląskie","powiat":"myszkowski","gmina":"Niegowa (gm. wiejska)","nazwaOboczna":null,"foto":null,"KAT":"Skała","skaloplan":null},"geometry":{"type":"Point","coordinates":[19.451448114800002,50.6291355993]}},
{"type":"Feature","properties":{"X":19.474983329402299,"Y":50.6141078428466,"aktualnosc":"2025-02-16","Name":"Grzyb","wysokosc":null,"LINK":"<a href=\"\" target=\"_blank\">LINK</a>","TOPO":null,"rejon":"Grzęda Mirowska","wojewodztwo":"śląskie","powiat":"myszkowski ","gmina":"Niegowa (gm. wiejska)","nazwaOboczna":null,"foto":null,"KAT":"Skała","skaloplan":null},"geometry":{"type":"Point","coordinates":[19.474983329402299,50.6141078428466]}},
{"type":"Feature","properties":{"X":19.375703083000001,"Y":50.678210412,"aktualnosc":"2020-10-29","Name":"Skała Molenda","wysokosc":null,"LINK":"<a href=\"\" target=\"_blank\">LINK</a>","TOPO":null,"rejon":"Suliszowice|Zastudnie","wojewodztwo":"śląskie","powiat":"myszkowski","gmina":" Żarki","nazwaOboczna":null,"foto":null,"KAT":"Skała","skaloplan":"<a href=\" \" target=\"_blank\">TOPO</a>"},"geometry":{"type":"Point","coordinates":[19.375703083,50.678210412]}},
{"type":"Feature","properties":{"X":19.363773033034999,"Y":50.676939894191001,"aktualnosc":"2020-10-29","Name":"Torkowa","wysokosc":"6","LINK":"<a href=\"http://toprope.pl/index.php/topo/polska/1197-torkowa-suliszowice-topo-rejonu-wspinaczkowego-2020\" target=\"_blank\">LINK</a>","TOPO":null,"rejon":"Suliszowice","wojewodztwo":"śląskie","powiat":"myszkowski","gmina":" Żarki","nazwaOboczna":null,"foto":null,"KAT":"Skała","skaloplan":null},"geometry":{"type":"Point","coordinates":[19.363773033034999,50.676939894191001]}},
{"type":"Feature","properties":{"X":19.357369642599998,"Y":50.6759008939,"aktualnosc":"2023-05-15","Name":"Skała we Wsi (U Chłopa)","wysokosc":"16","LINK":"<a href=\"http://toprope.pl/index.php/topo/polska/1278-skala-we-wsi-skala-u-chlopa-suliszowice-topo-rejonu-wspinaczkowego-2021\" target=\"_blank\">LINK</a>","TOPO":"Zamknięta dla wspinaczy - Brak zgody właściciela","rejon":"Suliszowice","wojewodztwo":"śląskie","powiat":"myszkowski","gmina":" Żarki","nazwaOboczna":"U Chłopa","foto":null,"KAT":"Skała","skaloplan":null},"geometry":{"type":"Point","coordinates":[19.357369642599998,50.6759008939]}},
{"type":"Feature","properties":{"X":19.359567890899999,"Y":50.665716353999997,"aktualnosc":"2020-10-29","Name":"Kazalnica Suliszowicka","wysokosc":"17","LINK":"<a href=\"https://topo.portalgorski.pl/Kazalnica-Suliszowicka,Suliszowice,Dolina-Wiercicy,Jura-Krakowsko-Cz%C4%99stochowska,skala,640\" target=\"_blank\">TOPO</a>","TOPO":null,"rejon":"Suliszowice","wojewodztwo":"śląskie","powiat":"myszkowski","gmina":"Żarki (gm. miejsko-wiejska)","nazwaOboczna":null,"foto":null,"KAT":"Skała","skaloplan":"<a href=\" \" target=\"_blank\">TOPO</a>"},"geometry":{"type":"Point","coordinates":[19.359567890899999,50.665716354]}},
{"type":"Feature","properties":{"X":19.393790505999998,"Y":50.6430799659,"aktualnosc":"2020-10-29","Name":"Duże Rajce","wysokosc":null,"LINK":"<a href=\"\" target=\"_blank\">LINK</a>","TOPO":null,"rejon":null,"wojewodztwo":null,"powiat":null,"gmina":null,"nazwaOboczna":null,"foto":null,"KAT":"Skała","skaloplan":null},"geometry":{"type":"Point","coordinates":[19.393790506,50.6430799659]}},
{"type":"Feature","properties":{"X":19.451585486700001,"Y":50.629007146299998,"aktualnosc":"2025-03-16","Name":"Locha","wysokosc":"16","LINK":"<a href=\"\" target=\"_blank\">LINK</a>","TOPO":null,"rejon":"Łutowiec","wojewodztwo":"śląskie","powiat":"myszkowski","gmina":"Niegowa (gm. wiejska)","nazwaOboczna":null,"foto":null,"KAT":"Skała","skaloplan":null},"geometry":{"type":"Point","coordinates":[19.451585486700001,50.629007146299998]}},
{"type":"Feature","properties":{"X":19.3567355781,"Y":50.672298609599999,"aktualnosc":"2025-05-15","Name":"Masztowa","wysokosc":"12","LINK":"<a href=\"http://toprope.pl/index.php/topo/polska/1257-masztowa-suliszowice-topo-rejonu-wspinaczkowego-2020\" target=\"_blank\">LINK</a>","TOPO":"Zamknięta dla wspinaczy - Brak zgody właściciela","rejon":"Suliszowice|Zastudnie","wojewodztwo":"śląskie","powiat":"myszkowski","gmina":" Żarki","nazwaOboczna":null,"foto":null,"KAT":"Skała","skaloplan":"<a href=\"./Skaly/13/Suliszowice\" target=\"_blank\">TOPO</a>"},"geometry":{"type":"Point","coordinates":[19.3567355781,50.672298609599999]}},
{"type":"Feature","properties":{"X":19.359272981899998,"Y":50.679652387300003,"aktualnosc":"2020-10-29","Name":"Kapuśniak","wysokosc":"15","LINK":"<a href=\"https://topo.portalgorski.pl/Kapu%C5%9Bniak-i-Brama-Suliszowicka,Suliszowice,Dolina-Wiercicy,Jura-Krakowsko-Cz%C4%99stochowska,skala,633\" target=\"_blank\">LINK</a>","TOPO":null,"rejon":"Suliszowice","wojewodztwo":"śląskie","powiat":"myszkowski","gmina":" Żarki","nazwaOboczna":"Kapuśna","foto":null,"KAT":"Skała","skaloplan":null},"geometry":{"type":"Point","coordinates":[19.359272981899998,50.679652387300003]}},
{"type":"Feature","properties":{"X":19.4491973453,"Y":50.628894303800003,"aktualnosc":"2025-03-16","Name":"Skała Zamkowa w Łutowcu","wysokosc":"18","LINK":"<a href=\"\" target=\"_blank\">LINK</a>","TOPO":null,"rejon":"Łutowiec","wojewodztwo":"śląskie","powiat":"myszkowski","gmina":"Niegowa (gm. wiejska)","nazwaOboczna":null,"foto":null,"KAT":"Skała","skaloplan":null},"geometry":{"type":"Point","coordinates":[19.450231740049617,50.629235559473905]}},
{"type":"Feature","properties":{"X":19.4516359721,"Y":50.6288737223,"aktualnosc":"2025-03-16","Name":"Warchlak","wysokosc":"12","LINK":"<a href=\"\" target=\"_blank\">LINK</a>","TOPO":null,"rejon":"Łutowiec","wojewodztwo":"śląskie","powiat":"myszkowski","gmina":"Niegowa (gm. wiejska)","nazwaOboczna":null,"foto":null,"KAT":"Skała","skaloplan":null},"geometry":{"type":"Point","coordinates":[19.4516359721,50.6288737223]}},
{"type":"Feature","properties":{"X":19.455197313199999,"Y":50.627510129599997,"aktualnosc":"2025-03-16","Name":"Słoń","wysokosc":null,"LINK":"<a href=\"\" target=\"_blank\">LINK</a>","TOPO":null,"rejon":"Łutowiec","wojewodztwo":"śląskie","powiat":"myszkowski","gmina":"Niegowa (gm. wiejska)","nazwaOboczna":null,"foto":null,"KAT":"Skała","skaloplan":null},"geometry":{"type":"Point","coordinates":[19.455246636723405,50.627468975102929]}},
{"type":"Feature","properties":{"X":19.356439859000002,"Y":50.665918833900001,"aktualnosc":"2020-10-29","Name":"Dębia","wysokosc":"12","LINK":"<a href=\"https://topo.portalgorski.pl/D%C4%99bia-Ska%C5%82a,Suliszowice,Dolina-Wiercicy,Jura-Krakowsko-Cz%C4%99stochowska,skala,943\" target=\"_blank\">LINK</a>","TOPO":null,"rejon":null,"wojewodztwo":null,"powiat":null,"gmina":null,"nazwaOboczna":null,"foto":null,"KAT":"Skała","skaloplan":"<a href=\" \" target=\"_blank\">TOPO</a>"},"geometry":{"type":"Point","coordinates":[19.356439859,50.665918833900001]}},
{"type":"Feature","properties":{"X":19.3323105662,"Y":50.672652011899999,"aktualnosc":"2020-10-29","Name":"Szyja","wysokosc":null,"LINK":"<a href=\"\" target=\"_blank\">LINK</a>","TOPO":null,"rejon":"Suliszowice","wojewodztwo":"śląskie","powiat":"myszkowski","gmina":" Żarki","nazwaOboczna":null,"foto":null,"KAT":"Skała","skaloplan":null},"geometry":{"type":"Point","coordinates":[19.3323105662,50.672652011899999]}},
{"type":"Feature","properties":{"X":19.455197313199999,"Y":50.627510129599997,"aktualnosc":"2025-03-16","Name":"Różowa Ścianka","wysokosc":null,"LINK":"<a href=\"\" target=\"_blank\">LINK</a>","TOPO":null,"rejon":"Łutowiec","wojewodztwo":"śląskie","powiat":"myszkowski","gmina":"Niegowa (gm. wiejska)","nazwaOboczna":null,"foto":null,"KAT":"Skała","skaloplan":null},"geometry":{"type":"Point","coordinates":[19.455425844910195,50.627482713633235]}},
{"type":"Feature","properties":{"X":19.361416038369999,"Y":50.679037469639603,"aktualnosc":"2020-10-29","Name":"Brama Suliszowicka (Markowa)","wysokosc":"11","LINK":"<a href=\"https://topo.portalgorski.pl/Kapu%C5%9Bniak-i-Brama-Suliszowicka,Suliszowice,Dolina-Wiercicy,Jura-Krakowsko-Cz%C4%99stochowska,skala,633\" target=\"_blank\">LINK</a>","TOPO":null,"rejon":"Suliszowice","wojewodztwo":"śląskie","powiat":"myszkowski","gmina":" Żarki","nazwaOboczna":null,"foto":null,"KAT":"Skała","skaloplan":null},"geometry":{"type":"Point","coordinates":[19.361416038369999,50.679037469639603]}},
{"type":"Feature","properties":{"X":19.3649105169,"Y":50.680699289099998,"aktualnosc":"2023-05-15","Name":"Muminek","wysokosc":"8","LINK":"<a href=\"http://toprope.pl/index.php/topo/polska/1247-muminek-suliszowice-topo-rejonu-wspinaczkowego-2020\" target=\"_blank\">LINK</a>","TOPO":null,"rejon":"Suliszowice","wojewodztwo":"śląskie","powiat":"myszkowski","gmina":" Żarki","nazwaOboczna":null,"foto":null,"KAT":"Skała","skaloplan":null},"geometry":{"type":"Point","coordinates":[19.3649105169,50.680699289099998]}},
{"type":"Feature","properties":{"X":19.27777779,"Y":50.682777819000002,"aktualnosc":"2020-10-29","Name":"Kamyk","wysokosc":null,"LINK":"<a href=\"\" target=\"_blank\">LINK</a>","TOPO":null,"rejon":null,"wojewodztwo":null,"powiat":null,"gmina":null,"nazwaOboczna":null,"foto":null,"KAT":"Skała","skaloplan":null},"geometry":{"type":"Point","coordinates":[19.27777779,50.682777819]}},
{"type":"Feature","properties":{"X":19.482605206835501,"Y":50.615629600866598,"aktualnosc":"2025-02-16","Name":"Turnia Kukuczki","wysokosc":"30","LINK":"<a href=\"\" target=\"_blank\">LINK</a>","TOPO":null,"rejon":"Grzęda Mirowska","wojewodztwo":"śląskie","powiat":"myszkowski ","gmina":"Niegowa (gm. wiejska)","nazwaOboczna":null,"foto":null,"KAT":"Skała","skaloplan":null},"geometry":{"type":"Point","coordinates":[19.482605206835501,50.615629600866598]}},
{"type":"Feature","properties":{"X":19.455354740299999,"Y":50.627922153299998,"aktualnosc":"2025-03-16","Name":"Czaszka","wysokosc":"18","LINK":"<a href=\"\" target=\"_blank\">LINK</a>","TOPO":null,"rejon":"Łutowiec","wojewodztwo":"śląskie","powiat":"myszkowski","gmina":"Niegowa (gm. wiejska)","nazwaOboczna":null,"foto":null,"KAT":"Skała","skaloplan":null},"geometry":{"type":"Point","coordinates":[19.45474392134561,50.628954929680994]}},
{"type":"Feature","properties":{"X":19.322322441299999,"Y":50.674308378,"aktualnosc":"2020-10-29","Name":"Skała Gołuchowskiego","wysokosc":null,"LINK":"<a href=\"\" target=\"_blank\">LINK</a>","TOPO":null,"rejon":null,"wojewodztwo":null,"powiat":null,"gmina":null,"nazwaOboczna":null,"foto":null,"KAT":"Skała","skaloplan":null},"geometry":{"type":"Point","coordinates":[19.322322441299999,50.674308378]}},
{"type":"Feature","properties":{"X":19.455354740299999,"Y":50.627922153299998,"aktualnosc":"2025-03-16","Name":"Łysa","wysokosc":"12","LINK":"<a href=\"\" target=\"_blank\">LINK</a>","TOPO":null,"rejon":"Łutowiec","wojewodztwo":"śląskie","powiat":"myszkowski","gmina":"Niegowa (gm. wiejska)","nazwaOboczna":null,"foto":null,"KAT":"Skała","skaloplan":null},"geometry":{"type":"Point","coordinates":[19.454740129944732,50.628561887295149]}},
{"type":"Feature","properties":{"X":19.435206164099998,"Y":50.667182373000003,"aktualnosc":"2020-10-29","Name":"Na wzgórzu","wysokosc":null,"LINK":"<a href=\"\" target=\"_blank\">LINK</a>","TOPO":null,"rejon":"Trzebniów","wojewodztwo":"śląskie","powiat":"myszkowski","gmina":"Niegowa (gm. wiejska)","nazwaOboczna":null,"foto":null,"KAT":"Skała","skaloplan":null},"geometry":{"type":"Point","coordinates":[19.435206164099998,50.667182373]}},
{"type":"Feature","properties":{"X":19.390201262000001,"Y":50.641617898500002,"aktualnosc":"2020-10-29","Name":"Małe Rajce","wysokosc":null,"LINK":"<a href=\"\" target=\"_blank\">LINK</a>","TOPO":null,"rejon":null,"wojewodztwo":null,"powiat":null,"gmina":null,"nazwaOboczna":null,"foto":null,"KAT":"Skała","skaloplan":null},"geometry":{"type":"Point","coordinates":[19.390201262,50.641617898500002]}},
{"type":"Feature","properties":{"X":19.271383437400001,"Y":50.737210852499999,"aktualnosc":"2017-11-16","Name":"Blin","wysokosc":null,"LINK":"<a href=\"\" target=\"_blank\">LINK</a>","TOPO":null,"rejon":null,"wojewodztwo":null,"powiat":null,"gmina":null,"nazwaOboczna":null,"foto":null,"KAT":"Skała","skaloplan":null},"geometry":{"type":"Point","coordinates":[19.271383437400001,50.737210852499999]}},
{"type":"Feature","properties":{"X":19.271481397399999,"Y":50.737732012899997,"aktualnosc":"2017-11-16","Name":"Swinks","wysokosc":null,"LINK":"<a href=\"\" target=\"_blank\">LINK</a>","TOPO":null,"rejon":null,"wojewodztwo":null,"powiat":null,"gmina":null,"nazwaOboczna":null,"foto":null,"KAT":"Skała","skaloplan":null},"geometry":{"type":"Point","coordinates":[19.271481397399999,50.737732012899997]}},
{"type":"Feature","properties":{"X":19.272228878899998,"Y":50.738249478599997,"aktualnosc":"2017-11-16","Name":"Mnich","wysokosc":null,"LINK":"<a href=\"\" target=\"_blank\">LINK</a>","TOPO":null,"rejon":null,"wojewodztwo":null,"powiat":null,"gmina":null,"nazwaOboczna":null,"foto":null,"KAT":"Skała","skaloplan":null},"geometry":{"type":"Point","coordinates":[19.272228878899998,50.738249478599997]}},
{"type":"Feature","properties":{"X":19.2715483932,"Y":50.741670299399999,"aktualnosc":"2017-11-16","Name":"Płetwa","wysokosc":null,"LINK":"<a href=\"\" target=\"_blank\">LINK</a>","TOPO":null,"rejon":null,"wojewodztwo":null,"powiat":null,"gmina":null,"nazwaOboczna":null,"foto":null,"KAT":"Skała","skaloplan":null},"geometry":{"type":"Point","coordinates":[19.2715483932,50.741670299399999]}},
{"type":"Feature","properties":{"X":19.2708517668,"Y":50.7376382036,"aktualnosc":"2017-11-16","Name":"Okręt","wysokosc":null,"LINK":"<a href=\"\" target=\"_blank\">LINK</a>","TOPO":null,"rejon":null,"wojewodztwo":null,"powiat":null,"gmina":null,"nazwaOboczna":null,"foto":null,"KAT":"Skała","skaloplan":null},"geometry":{"type":"Point","coordinates":[19.2708517668,50.7376382036]}},
{"type":"Feature","properties":{"X":19.2729743318,"Y":50.741973178599999,"aktualnosc":"2017-11-16","Name":"Podcięta Turnia","wysokosc":null,"LINK":"<a href=\"\" target=\"_blank\">LINK</a>","TOPO":null,"rejon":null,"wojewodztwo":null,"powiat":null,"gmina":null,"nazwaOboczna":null,"foto":null,"KAT":"Skała","skaloplan":null},"geometry":{"type":"Point","coordinates":[19.2729743318,50.741973178599999]}},
{"type":"Feature","properties":{"X":19.270626238199998,"Y":50.741482815399998,"aktualnosc":"2017-11-16","Name":"Grzybki","wysokosc":null,"LINK":"<a href=\"\" target=\"_blank\">LINK</a>","TOPO":null,"rejon":null,"wojewodztwo":null,"powiat":null,"gmina":null,"nazwaOboczna":null,"foto":null,"KAT":"Skała","skaloplan":null},"geometry":{"type":"Point","coordinates":[19.270626238199998,50.741482815399998]}},
{"type":"Feature","properties":{"X":19.2711396507,"Y":50.775389705800002,"aktualnosc":"2017-11-16","Name":"Lisica","wysokosc":"10","LINK":"<a href=\"\" target=\"_blank\">LINK</a>","TOPO":null,"rejon":null,"wojewodztwo":null,"powiat":null,"gmina":null,"nazwaOboczna":null,"foto":null,"KAT":"Skała","skaloplan":null},"geometry":{"type":"Point","coordinates":[19.2711396507,50.775389705800002]}},
{"type":"Feature","properties":{"X":19.271290041499999,"Y":50.738403638299999,"aktualnosc":"2017-11-16","Name":"Garb","wysokosc":null,"LINK":"<a href=\"\" target=\"_blank\">LINK</a>","TOPO":null,"rejon":null,"wojewodztwo":null,"powiat":null,"gmina":null,"nazwaOboczna":null,"foto":null,"KAT":"Skała","skaloplan":null},"geometry":{"type":"Point","coordinates":[19.271290041499999,50.738403638299999]}},
{"type":"Feature","properties":{"X":19.270226190300001,"Y":50.766636114199997,"aktualnosc":"2017-11-16","Name":"Kogutek","wysokosc":"8","LINK":"<a href=\"\" target=\"_blank\">LINK</a>","TOPO":null,"rejon":null,"wojewodztwo":null,"powiat":null,"gmina":null,"nazwaOboczna":null,"foto":null,"KAT":"Skała","skaloplan":null},"geometry":{"type":"Point","coordinates":[19.270226190300001,50.766636114199997]}},
{"type":"Feature","properties":{"X":19.272403676700002,"Y":50.7417703757,"aktualnosc":"2017-11-16","Name":"Urwista Turnia","wysokosc":null,"LINK":"<a href=\"\" target=\"_blank\">LINK</a>","TOPO":null,"rejon":null,"wojewodztwo":null,"powiat":null,"gmina":null,"nazwaOboczna":null,"foto":null,"KAT":"Skała","skaloplan":null},"geometry":{"type":"Point","coordinates":[19.272403676700002,50.7417703757]}},
{"type":"Feature","properties":{"X":19.270934007600001,"Y":50.737397838600003,"aktualnosc":"2017-11-16","Name":"Z Jałowcem","wysokosc":null,"LINK":"<a href=\"\" target=\"_blank\">LINK</a>","TOPO":null,"rejon":null,"wojewodztwo":null,"powiat":null,"gmina":null,"nazwaOboczna":null,"foto":null,"KAT":"Skała","skaloplan":null},"geometry":{"type":"Point","coordinates":[19.270934007600001,50.737397838600003]}},
{"type":"Feature","properties":{"X":19.271675828500001,"Y":50.738030923399997,"aktualnosc":"2017-11-16","Name":"Biakło","wysokosc":null,"LINK":"<a href=\"\" target=\"_blank\">LINK</a>","TOPO":null,"rejon":null,"wojewodztwo":null,"powiat":null,"gmina":null,"nazwaOboczna":null,"foto":null,"KAT":"Skała","skaloplan":null},"geometry":{"type":"Point","coordinates":[19.271675828500001,50.738030923399997]}},
{"type":"Feature","properties":{"X":19.366687220100001,"Y":50.687535733399997,"aktualnosc":"2013-06-18","Name":"Okap z Kominkiem","wysokosc":null,"LINK":"<a href=\"\" target=\"_blank\">LINK</a>","TOPO":null,"rejon":null,"wojewodztwo":"śląskie","powiat":"częstochowski","gmina":"Janów","nazwaOboczna":null,"foto":null,"KAT":"Skała","skaloplan":null},"geometry":{"type":"Point","coordinates":[19.366982799586623,50.68657391459795]}},
{"type":"Feature","properties":{"X":19.40418389,"Y":50.689269999399997,"aktualnosc":"2020-10-18","Name":"Brama Twardowskiego","wysokosc":null,"LINK":"<a href=\"\" target=\"_blank\">LINK</a>","TOPO":null,"rejon":null,"wojewodztwo":null,"powiat":null,"gmina":null,"nazwaOboczna":null,"foto":null,"KAT":"Skała","skaloplan":null},"geometry":{"type":"Point","coordinates":[19.40418389,50.689269999399997]}},
{"type":"Feature","properties":{"X":19.367018492542702,"Y":50.686570890640098,"aktualnosc":"2013-06-18","Name":"Palenisko","wysokosc":null,"LINK":"<a href=\"\" target=\"_blank\">LINK</a>","TOPO":null,"rejon":null,"wojewodztwo":"śląskie","powiat":"częstochowski","gmina":"Janów","nazwaOboczna":null,"foto":null,"KAT":"Skała","skaloplan":null},"geometry":{"type":"Point","coordinates":[19.365742663077892,50.685760746438049]}},
{"type":"Feature","properties":{"X":19.275456982000001,"Y":50.724579667599997,"aktualnosc":"2017-11-16","Name":"Skały Kadry","wysokosc":null,"LINK":"<a href=\"\" target=\"_blank\">LINK</a>","TOPO":null,"rejon":null,"wojewodztwo":null,"powiat":null,"gmina":null,"nazwaOboczna":null,"foto":null,"KAT":"Skała","skaloplan":null},"geometry":{"type":"Point","coordinates":[19.275456982,50.724579667599997]}},
{"type":"Feature","properties":{"X":19.273718348300001,"Y":50.728042830200003,"aktualnosc":"2017-11-16","Name":"Sokola Baszta","wysokosc":null,"LINK":"<a href=\"\" target=\"_blank\">LINK</a>","TOPO":null,"rejon":null,"wojewodztwo":null,"powiat":null,"gmina":null,"nazwaOboczna":null,"foto":null,"KAT":"Skała","skaloplan":null},"geometry":{"type":"Point","coordinates":[19.273718348300001,50.728042830200003]}},
{"type":"Feature","properties":{"X":19.269789802999998,"Y":50.728913077400001,"aktualnosc":"2017-11-16","Name":"Boniek","wysokosc":null,"LINK":"<a href=\"\" target=\"_blank\">LINK</a>","TOPO":null,"rejon":null,"wojewodztwo":null,"powiat":null,"gmina":null,"nazwaOboczna":null,"foto":null,"KAT":"Skała","skaloplan":null},"geometry":{"type":"Point","coordinates":[19.269789803,50.728913077400001]}},
{"type":"Feature","properties":{"X":19.274874058799998,"Y":50.748970347799997,"aktualnosc":"2017-11-16","Name":"Przekładaniec","wysokosc":null,"LINK":"<a href=\"\" target=\"_blank\">LINK</a>","TOPO":null,"rejon":null,"wojewodztwo":null,"powiat":null,"gmina":null,"nazwaOboczna":null,"foto":null,"KAT":"Skała","skaloplan":null},"geometry":{"type":"Point","coordinates":[19.274874058799998,50.748970347799997]}},
{"type":"Feature","properties":{"X":19.274487474499999,"Y":50.749504516499996,"aktualnosc":"2017-11-16","Name":"Grzyb","wysokosc":null,"LINK":"<a href=\"\" target=\"_blank\">LINK</a>","TOPO":null,"rejon":null,"wojewodztwo":null,"powiat":null,"gmina":null,"nazwaOboczna":null,"foto":null,"KAT":"Skała","skaloplan":null},"geometry":{"type":"Point","coordinates":[19.274487474499999,50.749504516499996]}},
{"type":"Feature","properties":{"X":19.276603753,"Y":50.748780006499999,"aktualnosc":"2017-11-16","Name":"Ganek Ewy","wysokosc":null,"LINK":"<a href=\"\" target=\"_blank\">LINK</a>","TOPO":null,"rejon":null,"wojewodztwo":null,"powiat":null,"gmina":null,"nazwaOboczna":null,"foto":null,"KAT":"Skała","skaloplan":null},"geometry":{"type":"Point","coordinates":[19.276603753,50.748780006499999]}},
{"type":"Feature","properties":{"X":19.2721410037,"Y":50.748268475300002,"aktualnosc":"2017-11-16","Name":"Długi Mur (Mur pod Basztą)","wysokosc":null,"LINK":"<a href=\"\" target=\"_blank\">LINK</a>","TOPO":null,"rejon":null,"wojewodztwo":null,"powiat":null,"gmina":null,"nazwaOboczna":null,"foto":null,"KAT":"Skała","skaloplan":null},"geometry":{"type":"Point","coordinates":[19.2721410037,50.748268475300002]}},
{"type":"Feature","properties":{"X":19.283622147599999,"Y":50.731128636800001,"aktualnosc":"2017-11-16","Name":"Przewieszony Mur","wysokosc":null,"LINK":"<a href=\"\" target=\"_blank\">LINK</a>","TOPO":null,"rejon":null,"wojewodztwo":null,"powiat":null,"gmina":null,"nazwaOboczna":null,"foto":null,"KAT":"Skała","skaloplan":null},"geometry":{"type":"Point","coordinates":[19.283622147599999,50.731128636800001]}},
{"type":"Feature","properties":{"X":19.284119983499998,"Y":50.747935754300002,"aktualnosc":"2017-11-16","Name":"Owczy Mur","wysokosc":null,"LINK":"<a href=\"\" target=\"_blank\">LINK</a>","TOPO":null,"rejon":null,"wojewodztwo":null,"powiat":null,"gmina":null,"nazwaOboczna":null,"foto":null,"KAT":"Skała","skaloplan":null},"geometry":{"type":"Point","coordinates":[19.284119983499998,50.747935754300002]}},
{"type":"Feature","properties":{"X":19.290028808599999,"Y":50.729106850100003,"aktualnosc":"2017-11-16","Name":"Soczewka","wysokosc":null,"LINK":"<a href=\"\" target=\"_blank\">LINK</a>","TOPO":null,"rejon":null,"wojewodztwo":null,"powiat":null,"gmina":null,"nazwaOboczna":null,"foto":null,"KAT":"Skała","skaloplan":null},"geometry":{"type":"Point","coordinates":[19.290028808599999,50.729106850100003]}},
{"type":"Feature","properties":{"X":19.282196754699999,"Y":50.746801576000003,"aktualnosc":"2017-11-16","Name":"Szafa","wysokosc":null,"LINK":"<a href=\"\" target=\"_blank\">LINK</a>","TOPO":null,"rejon":null,"wojewodztwo":null,"powiat":null,"gmina":null,"nazwaOboczna":null,"foto":null,"KAT":"Skała","skaloplan":null},"geometry":{"type":"Point","coordinates":[19.282196754699999,50.746801576]}},
{"type":"Feature","properties":{"X":19.270466358499998,"Y":50.768752536000001,"aktualnosc":"2017-11-16","Name":"Płyta","wysokosc":null,"LINK":"<a href=\"\" target=\"_blank\">LINK</a>","TOPO":null,"rejon":null,"wojewodztwo":null,"powiat":null,"gmina":null,"nazwaOboczna":null,"foto":null,"KAT":"Skała","skaloplan":null},"geometry":{"type":"Point","coordinates":[19.270466358499998,50.768752536]}},
{"type":"Feature","properties":{"X":19.289842804300001,"Y":50.719932739500003,"aktualnosc":"2017-11-16","Name":"Kaplata Skała","wysokosc":null,"LINK":"<a href=\"\" target=\"_blank\">LINK</a>","TOPO":null,"rejon":null,"wojewodztwo":null,"powiat":null,"gmina":null,"nazwaOboczna":null,"foto":null,"KAT":"Skała","skaloplan":null},"geometry":{"type":"Point","coordinates":[19.289842804300001,50.719932739500003]}},
{"type":"Feature","properties":{"X":19.2899875793,"Y":50.729223985899999,"aktualnosc":"2017-11-16","Name":"Skrzat","wysokosc":null,"LINK":"<a href=\"\" target=\"_blank\">LINK</a>","TOPO":null,"rejon":null,"wojewodztwo":null,"powiat":null,"gmina":null,"nazwaOboczna":null,"foto":null,"KAT":"Skała","skaloplan":null},"geometry":{"type":"Point","coordinates":[19.2899875793,50.729223985899999]}},
{"type":"Feature","properties":{"X":19.275289751900001,"Y":50.749138346499997,"aktualnosc":"2017-11-16","Name":"Żółty Filar (Poligon)","wysokosc":null,"LINK":"<a href=\"\" target=\"_blank\">LINK</a>","TOPO":null,"rejon":null,"wojewodztwo":null,"powiat":null,"gmina":null,"nazwaOboczna":null,"foto":null,"KAT":"Skała","skaloplan":null},"geometry":{"type":"Point","coordinates":[19.275289751900001,50.749138346499997]}},
{"type":"Feature","properties":{"X":19.2787186708,"Y":50.7315942002,"aktualnosc":"2017-11-16","Name":"Turnie Simonda","wysokosc":null,"LINK":"<a href=\"\" target=\"_blank\">LINK</a>","TOPO":null,"rejon":null,"wojewodztwo":null,"powiat":null,"gmina":null,"nazwaOboczna":null,"foto":null,"KAT":"Skała","skaloplan":null},"geometry":{"type":"Point","coordinates":[19.2787186708,50.7315942002]}},
{"type":"Feature","properties":{"X":19.2707928182,"Y":50.7475004291,"aktualnosc":"2017-11-16","Name":"Słoneczne Dolne","wysokosc":null,"LINK":"<a href=\"\" target=\"_blank\">LINK</a>","TOPO":null,"rejon":null,"wojewodztwo":null,"powiat":null,"gmina":null,"nazwaOboczna":null,"foto":null,"KAT":"Skała","skaloplan":null},"geometry":{"type":"Point","coordinates":[19.2707928182,50.7475004291]}},
{"type":"Feature","properties":{"X":19.376377338899999,"Y":50.717795256700001,"aktualnosc":"2017-11-16","Name":"Skała Pabianicka","wysokosc":null,"LINK":"<a href=\"\" target=\"_blank\">LINK</a>","TOPO":null,"rejon":null,"wojewodztwo":null,"powiat":null,"gmina":null,"nazwaOboczna":null,"foto":null,"KAT":"Skała","skaloplan":null},"geometry":{"type":"Point","coordinates":[19.376377338899999,50.717795256700001]}},
{"type":"Feature","properties":{"X":19.376399489299999,"Y":50.717447142499999,"aktualnosc":"2017-11-16","Name":"Skała Piasecka","wysokosc":null,"LINK":"<a href=\"\" target=\"_blank\">LINK</a>","TOPO":null,"rejon":null,"wojewodztwo":null,"powiat":null,"gmina":null,"nazwaOboczna":null,"foto":null,"KAT":"Skała","skaloplan":null},"geometry":{"type":"Point","coordinates":[19.376399489299999,50.717447142499999]}},
{"type":"Feature","properties":{"X":19.314204906800001,"Y":50.7313305447,"aktualnosc":"2017-11-16","Name":"Skałki Świętego Idziego","wysokosc":null,"LINK":"<a href=\"\" target=\"_blank\">LINK</a>","TOPO":null,"rejon":null,"wojewodztwo":null,"powiat":null,"gmina":null,"nazwaOboczna":null,"foto":null,"KAT":"Skała","skaloplan":null},"geometry":{"type":"Point","coordinates":[19.314204906800001,50.7313305447]}},
{"type":"Feature","properties":{"X":19.271087359599999,"Y":50.768515818499999,"aktualnosc":"2017-11-16","Name":"Groty","wysokosc":"16","LINK":"<a href=\"\" target=\"_blank\">LINK</a>","TOPO":null,"rejon":null,"wojewodztwo":null,"powiat":null,"gmina":null,"nazwaOboczna":null,"foto":null,"KAT":"Skała","skaloplan":null},"geometry":{"type":"Point","coordinates":[19.271087359599999,50.768515818499999]}},
{"type":"Feature","properties":{"X":19.274165482899999,"Y":50.750034460099997,"aktualnosc":"2017-11-16","Name":"Skała przy Zamku","wysokosc":null,"LINK":"<a href=\"\" target=\"_blank\">LINK</a>","TOPO":null,"rejon":null,"wojewodztwo":null,"powiat":null,"gmina":null,"nazwaOboczna":null,"foto":null,"KAT":"Skała","skaloplan":null},"geometry":{"type":"Point","coordinates":[19.274165482899999,50.750034460099997]}},
{"type":"Feature","properties":{"X":19.269584509800001,"Y":50.730022817699997,"aktualnosc":"2017-11-16","Name":"Pielgrzym","wysokosc":"14","LINK":"<a href=\"\" target=\"_blank\">LINK</a>","TOPO":null,"rejon":null,"wojewodztwo":null,"powiat":null,"gmina":null,"nazwaOboczna":null,"foto":null,"KAT":"Skała","skaloplan":null},"geometry":{"type":"Point","coordinates":[19.269584509800001,50.730022817699997]}},
{"type":"Feature","properties":{"X":19.283543835300001,"Y":50.747784857500001,"aktualnosc":"2017-11-16","Name":"Dziewica","wysokosc":null,"LINK":"<a href=\"\" target=\"_blank\">LINK</a>","TOPO":null,"rejon":null,"wojewodztwo":null,"powiat":null,"gmina":null,"nazwaOboczna":null,"foto":null,"KAT":"Skała","skaloplan":null},"geometry":{"type":"Point","coordinates":[19.283543835300001,50.747784857500001]}},
{"type":"Feature","properties":{"X":19.2822307058,"Y":50.7471896546,"aktualnosc":"2017-11-16","Name":"Biblioteka","wysokosc":null,"LINK":"<a href=\"\" target=\"_blank\">LINK</a>","TOPO":null,"rejon":null,"wojewodztwo":null,"powiat":null,"gmina":null,"nazwaOboczna":null,"foto":null,"KAT":"Skała","skaloplan":null},"geometry":{"type":"Point","coordinates":[19.2822307058,50.7471896546]}},
{"type":"Feature","properties":{"X":19.271061335700001,"Y":50.747887744000003,"aktualnosc":"2017-11-16","Name":"Słoneczne Górne","wysokosc":null,"LINK":"<a href=\"\" target=\"_blank\">LINK</a>","TOPO":null,"rejon":null,"wojewodztwo":null,"powiat":null,"gmina":null,"nazwaOboczna":null,"foto":null,"KAT":"Skała","skaloplan":null},"geometry":{"type":"Point","coordinates":[19.271061335700001,50.747887744]}},
{"type":"Feature","properties":{"X":19.276899770100002,"Y":50.7488920045,"aktualnosc":"2017-11-16","Name":"Pusta Turnia","wysokosc":null,"LINK":"<a href=\"\" target=\"_blank\">LINK</a>","TOPO":null,"rejon":null,"wojewodztwo":null,"powiat":null,"gmina":null,"nazwaOboczna":null,"foto":null,"KAT":"Skała","skaloplan":null},"geometry":{"type":"Point","coordinates":[19.276899770100002,50.7488920045]}},
{"type":"Feature","properties":{"X":19.277203222600001,"Y":50.7490552095,"aktualnosc":"2017-11-16","Name":"Skrajna Turnia","wysokosc":null,"LINK":"<a href=\"\" target=\"_blank\">LINK</a>","TOPO":null,"rejon":null,"wojewodztwo":null,"powiat":null,"gmina":null,"nazwaOboczna":null,"foto":null,"KAT":"Skała","skaloplan":null},"geometry":{"type":"Point","coordinates":[19.277203222600001,50.7490552095]}},
{"type":"Feature","properties":{"X":19.2772751179,"Y":50.748391006600002,"aktualnosc":"2017-11-16","Name":"Kazalniczka","wysokosc":null,"LINK":"<a href=\"\" target=\"_blank\">LINK</a>","TOPO":null,"rejon":null,"wojewodztwo":null,"powiat":null,"gmina":null,"nazwaOboczna":null,"foto":null,"KAT":"Skała","skaloplan":null},"geometry":{"type":"Point","coordinates":[19.2772751179,50.748391006600002]}},
{"type":"Feature","properties":{"X":19.271877604299998,"Y":50.741602662200002,"aktualnosc":"2017-11-16","Name":"Deska","wysokosc":null,"LINK":"<a href=\"\" target=\"_blank\">LINK</a>","TOPO":null,"rejon":null,"wojewodztwo":null,"powiat":null,"gmina":null,"nazwaOboczna":null,"foto":null,"KAT":"Skała","skaloplan":null},"geometry":{"type":"Point","coordinates":[19.271877604299998,50.741602662200002]}},
{"type":"Feature","properties":{"X":19.270144559799999,"Y":50.766732526699997,"aktualnosc":"2017-11-16","Name":"Przekładaniec","wysokosc":"12","LINK":"<a href=\"\" target=\"_blank\">LINK</a>","TOPO":null,"rejon":null,"wojewodztwo":null,"powiat":null,"gmina":null,"nazwaOboczna":null,"foto":null,"KAT":"Skała","skaloplan":null},"geometry":{"type":"Point","coordinates":[19.270144559799999,50.766732526699997]}},
{"type":"Feature","properties":{"X":19.2702954232,"Y":50.766582496300003,"aktualnosc":"2017-11-16","Name":"Bałwanek","wysokosc":"8","LINK":"<a href=\"\" target=\"_blank\">LINK</a>","TOPO":null,"rejon":null,"wojewodztwo":null,"powiat":null,"gmina":null,"nazwaOboczna":null,"foto":null,"KAT":"Skała","skaloplan":null},"geometry":{"type":"Point","coordinates":[19.2702954232,50.766582496300003]}},
{"type":"Feature","properties":{"X":19.271556131000001,"Y":50.7686757687,"aktualnosc":"2017-11-16","Name":"Płyty","wysokosc":"12","LINK":"<a href=\"\" target=\"_blank\">LINK</a>","TOPO":null,"rejon":null,"wojewodztwo":null,"powiat":null,"gmina":null,"nazwaOboczna":null,"foto":null,"KAT":"Skała","skaloplan":null},"geometry":{"type":"Point","coordinates":[19.271556131,50.7686757687]}},
{"type":"Feature","properties":{"X":19.6654803,"Y":50.4264097,"aktualnosc":"2020-05-20","Name":"Skała Biśnik","wysokosc":"18","LINK":"<a href=\"https://topo.wspinka.org/okolice-smolenia/bisnik\" target=\"_blank\">LINK</a>","TOPO":"<a href=\"./Skaly/23/Bisnik/T-SMOLEN_BISNIK.pdf\" target=\"_blank\">TOPO</a>","rejon":"Smoleń","wojewodztwo":"małopolskie","powiat":"olkuski","gmina":"Wolbrom (gm. miejsko-wiejska)","nazwaOboczna":"Skała Bieśnik","foto":null,"KAT":"Skała","skaloplan":null},"geometry":{"type":"Point","coordinates":[19.6654803,50.4264097]}},
{"type":"Feature","properties":{"X":19.626380270914598,"Y":50.332125333321997,"aktualnosc":"2020-05-20","Name":"Jastrząbka","wysokosc":null,"LINK":"<a href=\"\" target=\"_blank\">LINK</a>","TOPO":null,"rejon":null,"wojewodztwo":null,"powiat":null,"gmina":null,"nazwaOboczna":null,"foto":null,"KAT":"Skała","skaloplan":null},"geometry":{"type":"Point","coordinates":[19.626380270914598,50.332125333321997]}},
{"type":"Feature","properties":{"X":19.628090513499998,"Y":50.325301131300002,"aktualnosc":"2020-05-20","Name":"Pazurek Pierwszy","wysokosc":null,"LINK":"<a href=\"\" target=\"_blank\">LINK</a>","TOPO":null,"rejon":null,"wojewodztwo":null,"powiat":null,"gmina":null,"nazwaOboczna":null,"foto":null,"KAT":"Skała","skaloplan":null},"geometry":{"type":"Point","coordinates":[19.628090513499998,50.325301131300002]}},
{"type":"Feature","properties":{"X":19.628692838700001,"Y":50.324141755600003,"aktualnosc":"2020-05-20","Name":"Igły Olkuskie","wysokosc":null,"LINK":"<a href=\"\" target=\"_blank\">LINK</a>","TOPO":null,"rejon":null,"wojewodztwo":null,"powiat":null,"gmina":null,"nazwaOboczna":null,"foto":null,"KAT":"Skała","skaloplan":null},"geometry":{"type":"Point","coordinates":[19.628692838700001,50.324141755600003]}},
{"type":"Feature","properties":{"X":19.628980554599998,"Y":50.324008043200003,"aktualnosc":"2020-05-20","Name":"Pazurek Drugi","wysokosc":null,"LINK":"<a href=\"\" target=\"_blank\">LINK</a>","TOPO":null,"rejon":null,"wojewodztwo":null,"powiat":null,"gmina":null,"nazwaOboczna":null,"foto":null,"KAT":"Skała","skaloplan":null},"geometry":{"type":"Point","coordinates":[19.628980554599998,50.324008043200003]}},
{"type":"Feature","properties":{"X":19.461879422100001,"Y":50.322786155199999,"aktualnosc":"2020-05-20","Name":"Skałka","wysokosc":"Kopuła trawertynowa","LINK":"<a href=\"\" target=\"_blank\">LINK</a>","TOPO":null,"rejon":null,"wojewodztwo":null,"powiat":null,"gmina":null,"nazwaOboczna":null,"foto":null,"KAT":"Skała","skaloplan":null},"geometry":{"type":"Point","coordinates":[19.461879422100001,50.322786155199999]}},
{"type":"Feature","properties":{"X":19.6802882524,"Y":50.426231962400003,"aktualnosc":"2020-05-20","Name":"Krzywość","wysokosc":"15","LINK":"<a href=\"https://topo.wspinka.org/okolice-smolenia/krzywosc\" target=\"_blank\">LINK</a>","TOPO":"<a href=\"./Skaly/23/Krzywosc/T-SMOLEN_KRZYWOSC.pdf\" target=\"_blank\">TOPO</a>","rejon":"Smoleń","wojewodztwo":"małopolskie","powiat":"olkuski","gmina":"Wolbrom (gm. miejsko-wiejska)","nazwaOboczna":null,"foto":null,"KAT":"Skała","skaloplan":null},"geometry":{"type":"Point","coordinates":[19.6802882524,50.426231962400003]}},
{"type":"Feature","properties":{"X":19.626635104593301,"Y":50.335808633246799,"aktualnosc":"2020-05-20","Name":null,"wysokosc":"8","LINK":"<a href=\"\" target=\"_blank\">LINK</a>","TOPO":null,"rejon":null,"wojewodztwo":null,"powiat":null,"gmina":null,"nazwaOboczna":null,"foto":null,"KAT":"Skała","skaloplan":null},"geometry":{"type":"Point","coordinates":[19.626635104593301,50.335808633246799]}},
{"type":"Feature","properties":{"X":19.698828228099998,"Y":50.433837237100001,"aktualnosc":"2020-05-20","Name":"Uczkiewiczowa Skała","wysokosc":null,"LINK":"<a href=\"\" target=\"_blank\">LINK</a>","TOPO":null,"rejon":null,"wojewodztwo":null,"powiat":null,"gmina":null,"nazwaOboczna":null,"foto":null,"KAT":"Skała","skaloplan":null},"geometry":{"type":"Point","coordinates":[19.698828228099998,50.433837237100001]}},
{"type":"Feature","properties":{"X":19.692588192900001,"Y":50.426897087699999,"aktualnosc":"2020-05-20","Name":"Kyciowa Skała","wysokosc":null,"LINK":"<a href=\"\" target=\"_blank\">LINK</a>","TOPO":null,"rejon":"Smoleń","wojewodztwo":"małopolskie","powiat":"olkuski","gmina":"Wolbrom (gm. miejsko-wiejska)","nazwaOboczna":null,"foto":null,"KAT":"Skała","skaloplan":null},"geometry":{"type":"Point","coordinates":[19.692588192900001,50.426897087699999]}},
{"type":"Feature","properties":{"X":19.674444443599999,"Y":50.421944473099998,"aktualnosc":"2025-02-18","Name":"Goncerzyca","wysokosc":"35","LINK":"<a href=\"https://topo.wspinka.org/okolice-smolenia/goncerzyca\" target=\"_blank\">LINK</a>","TOPO":"<a href=\"./Skaly/23/Goncerzyca/T-SMOLEN_GONCERZYCA.pdf\" target=\"_blank\">TOPO</a>","rejon":"Smoleń","wojewodztwo":"małopolskie","powiat":"olkuski","gmina":"Wolbrom (gm. miejsko-wiejska)","nazwaOboczna":null,"foto":null,"KAT":"Skała","skaloplan":null},"geometry":{"type":"Point","coordinates":[19.674444443599999,50.421944473099998]}},
{"type":"Feature","properties":{"X":19.680209703,"Y":50.433252788799997,"aktualnosc":"2020-05-20","Name":"Pociejówka","wysokosc":null,"LINK":"<a href=\"\" target=\"_blank\">LINK</a>","TOPO":null,"rejon":null,"wojewodztwo":null,"powiat":null,"gmina":null,"nazwaOboczna":null,"foto":null,"KAT":"Skała","skaloplan":null},"geometry":{"type":"Point","coordinates":[19.680209703,50.433252788799997]}},
{"type":"Feature","properties":{"X":19.691680123200001,"Y":50.415439954900002,"aktualnosc":"2020-05-20","Name":"Jama","wysokosc":"15","LINK":"<a href=\" https://topo.wspinka.org/okolice-smolenia/jama\" target=\"_blank\">LINK</a>","TOPO":"<a href=\"./Skaly/23/Jama/T-SMOLEN_JAMA.pdf\" target=\"_blank\">TOPO</a>","rejon":"Smoleń","wojewodztwo":"małopolskie","powiat":"olkuski","gmina":"Wolbrom (gm. miejsko-wiejska)","nazwaOboczna":"Jaskinia Jasna w Strzegowej","foto":null,"KAT":"Skała","skaloplan":null},"geometry":{"type":"Point","coordinates":[19.691680123200001,50.415439954900002]}},
{"type":"Feature","properties":{"X":19.627118044001399,"Y":50.335627508847601,"aktualnosc":"2020-05-20","Name":null,"wysokosc":"12","LINK":"<a href=\"\" target=\"_blank\"></a>","TOPO":null,"rejon":null,"wojewodztwo":null,"powiat":null,"gmina":null,"nazwaOboczna":null,"foto":null,"KAT":"Skała","skaloplan":null},"geometry":{"type":"Point","coordinates":[19.627118044001399,50.335627508847601]}},
{"type":"Feature","properties":{"X":19.703381425500002,"Y":50.428729643399997,"aktualnosc":"2020-05-20","Name":"Sołtysikowa Skała","wysokosc":null,"LINK":"<a href=\"\" target=\"_blank\"></a>","TOPO":null,"rejon":null,"wojewodztwo":null,"powiat":null,"gmina":null,"nazwaOboczna":null,"foto":null,"KAT":"Skała","skaloplan":null},"geometry":{"type":"Point","coordinates":[19.703381425500002,50.428729643399997]}},
{"type":"Feature","properties":{"X":19.766070795899999,"Y":50.363715892499997,"aktualnosc":"2020-05-20","Name":"Kamienne Pole","wysokosc":null,"LINK":"<a href=\"\" target=\"_blank\"></a>","TOPO":null,"rejon":null,"wojewodztwo":null,"powiat":null,"gmina":null,"nazwaOboczna":null,"foto":null,"KAT":"Skała","skaloplan":null},"geometry":{"type":"Point","coordinates":[19.766070795899999,50.363715892499997]}},
{"type":"Feature","properties":{"X":19.763546116499999,"Y":50.362558112899997,"aktualnosc":"2020-05-20","Name":"Kamienie","wysokosc":null,"LINK":"<a href=\"\" target=\"_blank\"></a>","TOPO":null,"rejon":null,"wojewodztwo":null,"powiat":null,"gmina":null,"nazwaOboczna":null,"foto":null,"KAT":"Skała","skaloplan":null},"geometry":{"type":"Point","coordinates":[19.763546116499999,50.362558112899997]}},
{"type":"Feature","properties":{"X":19.758102210499999,"Y":50.3562326837,"aktualnosc":"2020-05-20","Name":"Piątków Brzeg","wysokosc":null,"LINK":"<a href=\"\" target=\"_blank\"></a>","TOPO":null,"rejon":null,"wojewodztwo":null,"powiat":null,"gmina":null,"nazwaOboczna":null,"foto":null,"KAT":"Skała","skaloplan":null},"geometry":{"type":"Point","coordinates":[19.758102210499999,50.3562326837]}},
{"type":"Feature","properties":{"X":19.851993668589401,"Y":50.303790767906001,"aktualnosc":"2020-05-20","Name":"Rakowiec","wysokosc":"18","LINK":"<a href=\"\" target=\"_blank\"></a>","TOPO":null,"rejon":"Dolina Dłubni","wojewodztwo":"małopolskie","powiat":"olkuski","gmina":"Trzyciąż (gmina wiejska)","nazwaOboczna":null,"foto":null,"KAT":"Skała","skaloplan":null},"geometry":{"type":"Point","coordinates":[19.851993668589401,50.303790767906001]}},
{"type":"Feature","properties":{"X":19.5524938135,"Y":50.307890241400003,"aktualnosc":"2020-05-20","Name":"Sfinks","wysokosc":null,"LINK":"<a href=\"\" target=\"_blank\"></a>","TOPO":null,"rejon":"Pomorzany","wojewodztwo":"małopolskie","powiat":"olkuski","gmina":"Olkusz (gm. miejsko-wiejska)","nazwaOboczna":null,"foto":null,"KAT":"Skała","skaloplan":"<a href=\"\" target=\"_blank\"></a>"},"geometry":{"type":"Point","coordinates":[19.5524938135,50.307890241400003]}},
{"type":"Feature","properties":{"X":19.554867460699999,"Y":50.307807326499997,"aktualnosc":"2020-05-20","Name":"Fala","wysokosc":null,"LINK":"<a href=\"\" target=\"_blank\"></a>","TOPO":null,"rejon":"Pomorzany","wojewodztwo":"małopolskie","powiat":"olkuski","gmina":"Olkusz (gm. miejsko-wiejska)","nazwaOboczna":null,"foto":null,"KAT":"Skała","skaloplan":"<a href=\"\" target=\"_blank\"></a>"},"geometry":{"type":"Point","coordinates":[19.554867460699999,50.307807326499997]}},
{"type":"Feature","properties":{"X":19.554768371400002,"Y":50.308285685500003,"aktualnosc":"2020-05-20","Name":"Zamczysko","wysokosc":null,"LINK":"<a href=\"\" target=\"_blank\"></a>","TOPO":null,"rejon":"Pomorzany","wojewodztwo":"małopolskie","powiat":"olkuski","gmina":"Olkusz (gm. miejsko-wiejska)","nazwaOboczna":null,"foto":null,"KAT":"Skała","skaloplan":"<a href=\"\" target=\"_blank\"></a>"},"geometry":{"type":"Point","coordinates":[19.554768371400002,50.308285685500003]}},
{"type":"Feature","properties":{"X":19.5541759113,"Y":50.307433857699998,"aktualnosc":"2020-05-20","Name":"Brama","wysokosc":null,"LINK":"<a href=\"\" target=\"_blank\"></a>","TOPO":null,"rejon":"Pomorzany","wojewodztwo":"małopolskie","powiat":"olkuski","gmina":"Olkusz (gm. miejsko-wiejska)","nazwaOboczna":null,"foto":null,"KAT":"Skała","skaloplan":"<a href=\"\" target=\"_blank\"></a>"},"geometry":{"type":"Point","coordinates":[19.5541759113,50.307433857699998]}},
{"type":"Feature","properties":{"X":19.5544952433,"Y":50.307786971299997,"aktualnosc":"2020-05-20","Name":"Brama","wysokosc":null,"LINK":"<a href=\"\" target=\"_blank\"></a>","TOPO":null,"rejon":"Pomorzany","wojewodztwo":"małopolskie","powiat":"olkuski","gmina":"Olkusz (gm. miejsko-wiejska)","nazwaOboczna":null,"foto":null,"KAT":"Skała","skaloplan":"<a href=\"\" target=\"_blank\"></a>"},"geometry":{"type":"Point","coordinates":[19.5544952433,50.307786971299997]}},
{"type":"Feature","properties":{"X":19.5529002876,"Y":50.307072969799997,"aktualnosc":"2020-05-20","Name":"Rozłupana","wysokosc":null,"LINK":"<a href=\"\" target=\"_blank\"></a>","TOPO":null,"rejon":"Pomorzany","wojewodztwo":"małopolskie","powiat":"olkuski","gmina":"Olkusz (gm. miejsko-wiejska)","nazwaOboczna":null,"foto":null,"KAT":"Skała","skaloplan":"<a href=\"\" target=\"_blank\"></a>"},"geometry":{"type":"Point","coordinates":[19.5529002876,50.307072969799997]}},
{"type":"Feature","properties":{"X":19.553662512300001,"Y":50.307679025200002,"aktualnosc":"2020-05-20","Name":"Baszta","wysokosc":null,"LINK":"<a href=\"\" target=\"_blank\"></a>","TOPO":null,"rejon":"Pomorzany","wojewodztwo":"małopolskie","powiat":"olkuski","gmina":"Olkusz (gm. miejsko-wiejska)","nazwaOboczna":null,"foto":null,"KAT":"Skała","skaloplan":"<a href=\"\" target=\"_blank\"></a>"},"geometry":{"type":"Point","coordinates":[19.553662512300001,50.307679025200002]}},
{"type":"Feature","properties":{"X":19.704647339600001,"Y":50.443660897400001,"aktualnosc":"2020-05-20","Name":"Zdolnica","wysokosc":null,"LINK":"<a href=\"\" target=\"_blank\"></a>","TOPO":null,"rejon":null,"wojewodztwo":null,"powiat":null,"gmina":null,"nazwaOboczna":null,"foto":null,"KAT":"Skała","skaloplan":null},"geometry":{"type":"Point","coordinates":[19.704647339600001,50.443660897400001]}},
{"type":"Feature","properties":{"X":19.570992105799998,"Y":50.308471902699999,"aktualnosc":"2020-05-20","Name":"Krzesło","wysokosc":null,"LINK":"<a href=\"\" target=\"_blank\"></a>","TOPO":null,"rejon":" Bogucin","wojewodztwo":"małopolskie","powiat":"olkuski","gmina":"Klucze","nazwaOboczna":null,"foto":null,"KAT":"Skała","skaloplan":null},"geometry":{"type":"Point","coordinates":[19.570992105799998,50.308471902699999]}},
{"type":"Feature","properties":{"X":19.6262257017795,"Y":50.335643029058303,"aktualnosc":"2020-05-20","Name":null,"wysokosc":"6","LINK":"<a href=\"\" target=\"_blank\"></a>","TOPO":null,"rejon":null,"wojewodztwo":null,"powiat":null,"gmina":null,"nazwaOboczna":null,"foto":null,"KAT":"Skała","skaloplan":null},"geometry":{"type":"Point","coordinates":[19.6262257017795,50.335643029058303]}},
{"type":"Feature","properties":{"X":19.691502509500001,"Y":50.432831775700002,"aktualnosc":"2020-05-20","Name":"Opolanica","wysokosc":null,"LINK":"<a href=\"\" target=\"_blank\"></a>","TOPO":null,"rejon":null,"wojewodztwo":null,"powiat":null,"gmina":null,"nazwaOboczna":null,"foto":null,"KAT":"Skała","skaloplan":null},"geometry":{"type":"Point","coordinates":[19.691502509500001,50.432831775700002]}},
{"type":"Feature","properties":{"X":19.620121410799999,"Y":50.174463377099997,"aktualnosc":null,"Name":"Skała Druga","wysokosc":null,"LINK":"<a href=\"\" target=\"_blank\"></a>","TOPO":null,"rejon":null,"wojewodztwo":"małopolskie","powiat":"krakowski","gmina":null,"nazwaOboczna":null,"foto":null,"KAT":"Skała","skaloplan":null},"geometry":{"type":"Point","coordinates":[19.620121410799999,50.174463377099997]}},
{"type":"Feature","properties":{"X":19.743719968099999,"Y":50.174407009200003,"aktualnosc":null,"Name":"Prawe Cmentarzysko","wysokosc":null,"LINK":"<a href=\"\" target=\"_blank\"></a>","TOPO":null,"rejon":null,"wojewodztwo":"małopolskie","powiat":"krakowski","gmina":"Wielka Wieś-gmina wiejska","nazwaOboczna":null,"foto":null,"KAT":"Skała","skaloplan":null},"geometry":{"type":"Point","coordinates":[19.743719968099999,50.174407009200003]}},
{"type":"Feature","properties":{"X":19.622453777499999,"Y":50.172098207200001,"aktualnosc":null,"Name":"Skała Trzecia","wysokosc":null,"LINK":"<a href=\"\" target=\"_blank\"></a>","TOPO":null,"rejon":null,"wojewodztwo":"małopolskie","powiat":"krakowski","gmina":null,"nazwaOboczna":null,"foto":null,"KAT":"Skała","skaloplan":null},"geometry":{"type":"Point","coordinates":[19.622453777499999,50.172098207200001]}},
{"type":"Feature","properties":{"X":19.742000316549799,"Y":50.172093899720203,"aktualnosc":null,"Name":"Sokolica","wysokosc":"80","LINK":"<a href=\"https://topo.wspinka.org/dolina-bedkowska/sokolica\" target=\"_blank\">LINK</a>","TOPO":"<a href=\"./Skaly/38/Sokolica/T-SOKOLICA.pdf\" target=\"_blank\">LINK</a>","rejon":"Dol. Będkowska","wojewodztwo":"małopolskie","powiat":"krakowski","gmina":"Wielka Wieś-gmina wiejska","nazwaOboczna":null,"foto":"<a href=\"./Skaly/38/Sokolica/O.jpg\" target=\"_blank\">FOTO</a>","KAT":"Skała","skaloplan":null},"geometry":{"type":"Point","coordinates":[19.742000316549799,50.172093899720203]}},
{"type":"Feature","properties":{"X":19.709467227499999,"Y":50.172950180599997,"aktualnosc":null,"Name":"Pyszna Skałka","wysokosc":null,"LINK":"<a href=\"\" target=\"_blank\"></a>","TOPO":null,"rejon":null,"wojewodztwo":"małopolskie","powiat":"krakowski","gmina":"Jerzmanowice-Przeginia (gm. wiejska)","nazwaOboczna":null,"foto":null,"KAT":"Skała","skaloplan":null},"geometry":{"type":"Point","coordinates":[19.709467227499999,50.172950180599997]}},
{"type":"Feature","properties":{"X":19.697989458,"Y":50.170789998399997,"aktualnosc":null,"Name":"Cisówki","wysokosc":null,"LINK":"<a href=\"\" target=\"_blank\"></a>","TOPO":null,"rejon":null,"wojewodztwo":"małopolskie","powiat":"krakowski","gmina":null,"nazwaOboczna":null,"foto":null,"KAT":"Skała","skaloplan":null},"geometry":{"type":"Point","coordinates":[19.697989458,50.170789998399997]}},
{"type":"Feature","properties":{"X":19.741265862599999,"Y":50.1697497965,"aktualnosc":null,"Name":"Baszta nad Wodą","wysokosc":null,"LINK":"<a href=\"\" target=\"_blank\"></a>","TOPO":null,"rejon":null,"wojewodztwo":"małopolskie","powiat":"krakowski","gmina":"Wielka Wieś-gmina wiejska","nazwaOboczna":null,"foto":null,"KAT":"Skała","skaloplan":null},"geometry":{"type":"Point","coordinates":[19.741265862599999,50.1697497965]}},
{"type":"Feature","properties":{"X":19.727493028600001,"Y":50.085777627,"aktualnosc":null,"Name":"Wielki Brzeg","wysokosc":null,"LINK":"<a href=\"\" target=\"_blank\"></a>","TOPO":null,"rejon":null,"wojewodztwo":"małopolskie","powiat":"krakowski","gmina":null,"nazwaOboczna":null,"foto":null,"KAT":"Skała","skaloplan":null},"geometry":{"type":"Point","coordinates":[19.727493028600001,50.085777627]}},
{"type":"Feature","properties":{"X":19.725476483400001,"Y":50.089605765100004,"aktualnosc":null,"Name":"Drzewna Skała","wysokosc":null,"LINK":"<a href=\"\" target=\"_blank\"></a>","TOPO":null,"rejon":null,"wojewodztwo":"małopolskie","powiat":"krakowski","gmina":null,"nazwaOboczna":null,"foto":null,"KAT":"Skała","skaloplan":null},"geometry":{"type":"Point","coordinates":[19.725476483400001,50.089605765100004]}},
{"type":"Feature","properties":{"X":19.6069451738,"Y":50.058389941800002,"aktualnosc":null,"Name":"Zyg-Zak","wysokosc":null,"LINK":"<a href=\"\" target=\"_blank\"></a>","TOPO":null,"rejon":null,"wojewodztwo":"małopolskie","powiat":"krakowski","gmina":null,"nazwaOboczna":null,"foto":null,"KAT":"Skała","skaloplan":null},"geometry":{"type":"Point","coordinates":[19.6069451738,50.058389941800002]}},
{"type":"Feature","properties":{"X":19.752080864700002,"Y":50.086025528,"aktualnosc":null,"Name":"Podskale","wysokosc":null,"LINK":"<a href=\"\" target=\"_blank\"></a>","TOPO":null,"rejon":null,"wojewodztwo":"małopolskie","powiat":"krakowski","gmina":null,"nazwaOboczna":null,"foto":null,"KAT":"Skała","skaloplan":null},"geometry":{"type":"Point","coordinates":[19.752080864700002,50.086025528]}},
{"type":"Feature","properties":{"X":19.605973009900001,"Y":50.057184868,"aktualnosc":null,"Name":"Wrzosy","wysokosc":null,"LINK":"<a href=\"\" target=\"_blank\"></a>","TOPO":null,"rejon":null,"wojewodztwo":"małopolskie","powiat":"krakowski","gmina":null,"nazwaOboczna":null,"foto":null,"KAT":"Skała","skaloplan":null},"geometry":{"type":"Point","coordinates":[19.605973009900001,50.057184868]}},
{"type":"Feature","properties":{"X":19.725541480899999,"Y":50.089687319200003,"aktualnosc":null,"Name":"Węzia Skała","wysokosc":null,"LINK":"<a href=\"\" target=\"_blank\"></a>","TOPO":null,"rejon":null,"wojewodztwo":"małopolskie","powiat":"krakowski","gmina":null,"nazwaOboczna":null,"foto":null,"KAT":"Skała","skaloplan":null},"geometry":{"type":"Point","coordinates":[19.725541480899999,50.089687319200003]}},
{"type":"Feature","properties":{"X":19.709546424399999,"Y":50.235487030400002,"aktualnosc":null,"Name":"Dratwina Skała","wysokosc":null,"LINK":"<a href=\"\" target=\"_blank\"></a>","TOPO":null,"rejon":null,"wojewodztwo":"małopolskie","powiat":"krakowski","gmina":"Jerzmanowice-Przeginia (gm. wiejska)","nazwaOboczna":null,"foto":null,"KAT":"Skała","skaloplan":null},"geometry":{"type":"Point","coordinates":[19.709546424399999,50.235487030400002]}},
{"type":"Feature","properties":{"X":19.671955843300001,"Y":50.231340245299997,"aktualnosc":null,"Name":"Skała Rosikowa","wysokosc":null,"LINK":"<a href=\"\" target=\"_blank\"></a>","TOPO":null,"rejon":null,"wojewodztwo":"małopolskie","powiat":"krakowski","gmina":"Jerzmanowice-Przeginia (gm. wiejska)","nazwaOboczna":null,"foto":null,"KAT":"Skała","skaloplan":null},"geometry":{"type":"Point","coordinates":[19.671955843300001,50.231340245299997]}},
{"type":"Feature","properties":{"X":19.606399486899999,"Y":50.057804226400002,"aktualnosc":null,"Name":"Ołtarz","wysokosc":null,"LINK":"<a href=\"\" target=\"_blank\"></a>","TOPO":null,"rejon":null,"wojewodztwo":"małopolskie","powiat":"krakowski","gmina":null,"nazwaOboczna":null,"foto":null,"KAT":"Skała","skaloplan":null},"geometry":{"type":"Point","coordinates":[19.606399486899999,50.057804226400002]}},
{"type":"Feature","properties":{"X":19.606240751800001,"Y":50.057672353400001,"aktualnosc":null,"Name":"Masyw Gullich","wysokosc":null,"LINK":"<a href=\"\" target=\"_blank\"></a>","TOPO":null,"rejon":null,"wojewodztwo":"małopolskie","powiat":"krakowski","gmina":null,"nazwaOboczna":null,"foto":null,"KAT":"Skała","skaloplan":null},"geometry":{"type":"Point","coordinates":[19.606240751800001,50.057672353400001]}},
{"type":"Feature","properties":{"X":19.702724153799998,"Y":50.229077176399997,"aktualnosc":null,"Name":"Bartkowa Skała","wysokosc":null,"LINK":"<a href=\"\" target=\"_blank\"></a>","TOPO":null,"rejon":null,"wojewodztwo":"małopolskie","powiat":"krakowski","gmina":"Jerzmanowice-Przeginia (gm. wiejska)","nazwaOboczna":null,"foto":null,"KAT":"Skała","skaloplan":null},"geometry":{"type":"Point","coordinates":[19.702724153799998,50.229077176399997]}},
{"type":"Feature","properties":{"X":19.735963641800002,"Y":50.277447615,"aktualnosc":null,"Name":"Skały Dolnego","wysokosc":null,"LINK":"<a href=\"\" target=\"_blank\"></a>","TOPO":null,"rejon":null,"wojewodztwo":"małopolskie","powiat":"krakowski","gmina":null,"nazwaOboczna":null,"foto":null,"KAT":"Skała","skaloplan":null},"geometry":{"type":"Point","coordinates":[19.735963641800002,50.277447615]}},
{"type":"Feature","properties":{"X":19.7067934349,"Y":50.074839134400001,"aktualnosc":null,"Name":"Księżycowa Skała","wysokosc":null,"LINK":"<a href=\"\" target=\"_blank\"></a>","TOPO":null,"rejon":null,"wojewodztwo":"małopolskie","powiat":"krakowski","gmina":null,"nazwaOboczna":null,"foto":null,"KAT":"Skała","skaloplan":null},"geometry":{"type":"Point","coordinates":[19.7067934349,50.074839134400001]}},
{"type":"Feature","properties":{"X":19.7064571427,"Y":50.076003562300002,"aktualnosc":null,"Name":"Kanapa","wysokosc":null,"LINK":"<a href=\"\" target=\"_blank\"></a>","TOPO":null,"rejon":null,"wojewodztwo":"małopolskie","powiat":"krakowski","gmina":null,"nazwaOboczna":null,"foto":null,"KAT":"Skała","skaloplan":null},"geometry":{"type":"Point","coordinates":[19.7064571427,50.076003562300002]}},
{"type":"Feature","properties":{"X":19.725564329299999,"Y":50.089514978799997,"aktualnosc":null,"Name":"Leszczynowa Skała","wysokosc":null,"LINK":"<a href=\"\" target=\"_blank\"></a>","TOPO":null,"rejon":null,"wojewodztwo":"małopolskie","powiat":"krakowski","gmina":null,"nazwaOboczna":null,"foto":null,"KAT":"Skała","skaloplan":null},"geometry":{"type":"Point","coordinates":[19.725564329299999,50.089514978799997]}},
{"type":"Feature","properties":{"X":19.606793304899998,"Y":50.0582044131,"aktualnosc":null,"Name":"Kuźnia","wysokosc":null,"LINK":"<a href=\"\" target=\"_blank\"></a>","TOPO":null,"rejon":null,"wojewodztwo":"małopolskie","powiat":"krakowski","gmina":null,"nazwaOboczna":null,"foto":null,"KAT":"Skała","skaloplan":null},"geometry":{"type":"Point","coordinates":[19.606793304899998,50.0582044131]}},
{"type":"Feature","properties":{"X":19.706110388599999,"Y":50.076361583599997,"aktualnosc":null,"Name":"Zaciszny Filar","wysokosc":null,"LINK":"<a href=\"\" target=\"_blank\"></a>","TOPO":null,"rejon":null,"wojewodztwo":"małopolskie","powiat":"krakowski","gmina":null,"nazwaOboczna":null,"foto":null,"KAT":"Skała","skaloplan":null},"geometry":{"type":"Point","coordinates":[19.706110388599999,50.076361583599997]}},
{"type":"Feature","properties":{"X":19.707656423300001,"Y":50.065409226299998,"aktualnosc":null,"Name":"Cyrk","wysokosc":null,"LINK":"<a href=\"\" target=\"_blank\"></a>","TOPO":null,"rejon":null,"wojewodztwo":"małopolskie","powiat":"krakowski","gmina":null,"nazwaOboczna":null,"foto":null,"KAT":"Skała","skaloplan":null},"geometry":{"type":"Point","coordinates":[19.707656423300001,50.065409226299998]}},
{"type":"Feature","properties":{"X":19.750739838600001,"Y":50.089171375500001,"aktualnosc":null,"Name":"Krzywy Sąd","wysokosc":null,"LINK":"<a href=\"\" target=\"_blank\"></a>","TOPO":null,"rejon":null,"wojewodztwo":"małopolskie","powiat":"krakowski","gmina":null,"nazwaOboczna":null,"foto":null,"KAT":"Skała","skaloplan":null},"geometry":{"type":"Point","coordinates":[19.750739838600001,50.089171375500001]}},
{"type":"Feature","properties":{"X":19.750531283000001,"Y":50.088630399800003,"aktualnosc":null,"Name":"Głowa Słonia","wysokosc":null,"LINK":"<a href=\"\" target=\"_blank\"></a>","TOPO":null,"rejon":null,"wojewodztwo":"małopolskie","powiat":"krakowski","gmina":null,"nazwaOboczna":null,"foto":null,"KAT":"Skała","skaloplan":null},"geometry":{"type":"Point","coordinates":[19.750531283,50.088630399800003]}},
{"type":"Feature","properties":{"X":19.708092310054202,"Y":50.230732374470101,"aktualnosc":"2024","Name":"Jednorożec","wysokosc":null,"LINK":"<a href=\"https://topo.wspinka.org/rogozowe-skaly/jednorozec\" target=\"_blank\">LINK</a>","TOPO":"https://topo.wspinka.org/rejony/jura/jura-krakowska/dolina-raclawki/rogozowe-skaly","rejon":"Przeginia (Rogożowe)","wojewodztwo":"małopolskie","powiat":"krakowski","gmina":"Jerzmanowice-Przeginia (gm. wiejska)","nazwaOboczna":null,"foto":null,"KAT":"Skała","skaloplan":null},"geometry":{"type":"Point","coordinates":[19.708092310054202,50.230732374470101]}},
{"type":"Feature","properties":{"X":19.708448268289999,"Y":50.230807565535201,"aktualnosc":"2024","Name":"Bulwa","wysokosc":null,"LINK":"<a href=\"\" target=\"_blank\"></a>","TOPO":null,"rejon":"Przeginia (Rogożowe)","wojewodztwo":"małopolskie","powiat":"krakowski","gmina":"Jerzmanowice-Przeginia (gm. wiejska)","nazwaOboczna":null,"foto":null,"KAT":"Skała","skaloplan":null},"geometry":{"type":"Point","coordinates":[19.708448268289999,50.230807565535201]}},
{"type":"Feature","properties":{"X":19.707564120701001,"Y":50.230772784493404,"aktualnosc":"2024","Name":"Prawa Brama","wysokosc":null,"LINK":"<a href=\"\" target=\"_blank\"></a>","TOPO":null,"rejon":"Przeginia (Rogożowe)","wojewodztwo":"małopolskie","powiat":"krakowski","gmina":"Jerzmanowice-Przeginia (gm. wiejska)","nazwaOboczna":null,"foto":null,"KAT":"Skała","skaloplan":null},"geometry":{"type":"Point","coordinates":[19.707564120701001,50.230772784493404]}},
{"type":"Feature","properties":{"X":19.706030142199999,"Y":50.0715538444,"aktualnosc":null,"Name":"Skała w Łopiankach","wysokosc":null,"LINK":"<a href=\"\" target=\"_blank\"></a>","TOPO":null,"rejon":null,"wojewodztwo":"małopolskie","powiat":"krakowski","gmina":null,"nazwaOboczna":null,"foto":null,"KAT":"Skała","skaloplan":null},"geometry":{"type":"Point","coordinates":[19.706030142199999,50.0715538444]}},
{"type":"Feature","properties":{"X":19.749070855700001,"Y":50.250831282299998,"aktualnosc":null,"Name":"Skała Szymanowskiego","wysokosc":null,"LINK":"<a href=\"\" target=\"_blank\"></a>","TOPO":null,"rejon":"Sułoszowa","wojewodztwo":"małopolskie","powiat":"krakowski","gmina":"Sułoszowa","nazwaOboczna":null,"foto":null,"KAT":"Skała","skaloplan":null},"geometry":{"type":"Point","coordinates":[19.749325277911844,50.250760285857481]}},
{"type":"Feature","properties":{"X":19.706581891599999,"Y":50.075027104900002,"aktualnosc":null,"Name":"Dębowe Skałki","wysokosc":null,"LINK":"<a href=\"\" target=\"_blank\"></a>","TOPO":null,"rejon":null,"wojewodztwo":"małopolskie","powiat":"krakowski","gmina":null,"nazwaOboczna":null,"foto":null,"KAT":"Skała","skaloplan":null},"geometry":{"type":"Point","coordinates":[19.706581891599999,50.075027104900002]}},
{"type":"Feature","properties":{"X":19.675808167300001,"Y":50.233207530900003,"aktualnosc":null,"Name":"Dupnik","wysokosc":null,"LINK":"<a href=\"\" target=\"_blank\"></a>","TOPO":null,"rejon":null,"wojewodztwo":"małopolskie","powiat":"krakowski","gmina":"Jerzmanowice-Przeginia (gm. wiejska)","nazwaOboczna":null,"foto":null,"KAT":"Skała","skaloplan":null},"geometry":{"type":"Point","coordinates":[19.675808167300001,50.233207530900003]}},
{"type":"Feature","properties":{"X":19.803339634299999,"Y":50.096328375799999,"aktualnosc":null,"Name":"Skała nad Zaściankiem","wysokosc":null,"LINK":"<a href=\"\" target=\"_blank\"></a>","TOPO":null,"rejon":null,"wojewodztwo":"małopolskie","powiat":"krakowski","gmina":null,"nazwaOboczna":null,"foto":null,"KAT":"Skała","skaloplan":null},"geometry":{"type":"Point","coordinates":[19.803339634299999,50.096328375799999]}},
{"type":"Feature","properties":{"X":19.697839026400001,"Y":50.242359370899997,"aktualnosc":null,"Name":"Czajna Skała","wysokosc":null,"LINK":"<a href=\"\" target=\"_blank\"></a>","TOPO":null,"rejon":null,"wojewodztwo":"małopolskie","powiat":"krakowski","gmina":"Jerzmanowice-Przeginia (gm. wiejska)","nazwaOboczna":null,"foto":null,"KAT":"Skała","skaloplan":null},"geometry":{"type":"Point","coordinates":[19.697839026400001,50.242359370899997]}},
{"type":"Feature","properties":{"X":19.812292421199999,"Y":50.099524349200003,"aktualnosc":null,"Name":"Skała Bonerówny","wysokosc":null,"LINK":"<a href=\"\" target=\"_blank\"></a>","TOPO":null,"rejon":null,"wojewodztwo":"małopolskie","powiat":"krakowski","gmina":null,"nazwaOboczna":null,"foto":null,"KAT":"Skała","skaloplan":null},"geometry":{"type":"Point","coordinates":[19.812292421199999,50.099524349200003]}},
{"type":"Feature","properties":{"X":19.758689962999998,"Y":50.156699226599997,"aktualnosc":null,"Name":"Dzwon","wysokosc":null,"LINK":"<a href=\"\" target=\"_blank\"></a>","TOPO":null,"rejon":"Dolina Kobylańska","wojewodztwo":"małopolskie","powiat":"krakowski","gmina":"Zabierzów","nazwaOboczna":null,"foto":null,"KAT":"Skała","skaloplan":null},"geometry":{"type":"Point","coordinates":[19.758689963,50.156699226599997]}},
{"type":"Feature","properties":{"X":19.829322120112099,"Y":50.160527604714197,"aktualnosc":null,"Name":"Kobyłka","wysokosc":null,"LINK":"<a href=\"\" target=\"_blank\"></a>","TOPO":null,"rejon":null,"wojewodztwo":"małopolskie","powiat":"krakowski","gmina":"Wielka Wieś-gmina wiejska","nazwaOboczna":null,"foto":null,"KAT":"Skała","skaloplan":null},"geometry":{"type":"Point","coordinates":[19.829322120112099,50.160527604714197]}},
{"type":"Feature","properties":{"X":19.701970686300001,"Y":50.153139016099999,"aktualnosc":null,"Name":"Pozornicka Skała","wysokosc":null,"LINK":"<a href=\"\" target=\"_blank\"></a>","TOPO":null,"rejon":null,"wojewodztwo":"małopolskie","powiat":"krakowski","gmina":null,"nazwaOboczna":null,"foto":null,"KAT":"Skała","skaloplan":null},"geometry":{"type":"Point","coordinates":[19.701932152508697,50.15321887383373]}},
{"type":"Feature","properties":{"X":19.833685507799999,"Y":50.189530320099998,"aktualnosc":null,"Name":"Sobótka","wysokosc":null,"LINK":"<a href=\"\" target=\"_blank\"></a>","TOPO":null,"rejon":null,"wojewodztwo":"małopolskie","powiat":"krakowski","gmina":null,"nazwaOboczna":null,"foto":null,"KAT":"Skała","skaloplan":null},"geometry":{"type":"Point","coordinates":[19.833685507799999,50.189530320099998]}},
{"type":"Feature","properties":{"X":19.779277701600002,"Y":50.171908226600003,"aktualnosc":null,"Name":"Lesieniec","wysokosc":null,"LINK":"<a href=\"\" target=\"_blank\"></a>","TOPO":null,"rejon":null,"wojewodztwo":"małopolskie","powiat":"krakowski","gmina":null,"nazwaOboczna":null,"foto":null,"KAT":"Skała","skaloplan":null},"geometry":{"type":"Point","coordinates":[19.779277701600002,50.171908226600003]}},
{"type":"Feature","properties":{"X":19.8471896444,"Y":50.174927150599999,"aktualnosc":null,"Name":"Skała Pilorzowa","wysokosc":null,"LINK":"<a href=\"\" target=\"_blank\"></a>","TOPO":null,"rejon":null,"wojewodztwo":"małopolskie","powiat":"krakowski","gmina":"Wielka Wieś-gmina wiejska","nazwaOboczna":null,"foto":null,"KAT":"Skała","skaloplan":null},"geometry":{"type":"Point","coordinates":[19.8471896444,50.174927150599999]}},
{"type":"Feature","properties":{"X":19.818726846600001,"Y":50.165117351299997,"aktualnosc":null,"Name":"Mączne Skały","wysokosc":null,"LINK":"<a href=\"\" target=\"_blank\"></a>","TOPO":null,"rejon":null,"wojewodztwo":"małopolskie","powiat":"krakowski","gmina":"Wielka Wieś-gmina wiejska","nazwaOboczna":null,"foto":null,"KAT":"Skała","skaloplan":null},"geometry":{"type":"Point","coordinates":[19.818726846600001,50.165117351299997]}},
{"type":"Feature","properties":{"X":19.775126500599999,"Y":50.177745395099997,"aktualnosc":null,"Name":"Osiczonki","wysokosc":null,"LINK":"<a href=\"\" target=\"_blank\"></a>","TOPO":null,"rejon":null,"wojewodztwo":"małopolskie","powiat":"krakowski","gmina":"Wielka Wieś-gmina wiejska","nazwaOboczna":null,"foto":null,"KAT":"Skała","skaloplan":null},"geometry":{"type":"Point","coordinates":[19.775126500599999,50.177745395099997]}},
{"type":"Feature","properties":{"X":19.836871153800001,"Y":50.180994437000003,"aktualnosc":null,"Name":"Stokowa","wysokosc":null,"LINK":"<a href=\"\" target=\"_blank\"></a>","TOPO":null,"rejon":null,"wojewodztwo":"małopolskie","powiat":"krakowski","gmina":"Wielka Wieś-gmina wiejska","nazwaOboczna":null,"foto":null,"KAT":"Skała","skaloplan":null},"geometry":{"type":"Point","coordinates":[19.836871153800001,50.180994437]}},
{"type":"Feature","properties":{"X":19.845864323099999,"Y":50.175643946400001,"aktualnosc":null,"Name":"Bukowiec","wysokosc":null,"LINK":"<a href=\"\" target=\"_blank\"></a>","TOPO":null,"rejon":null,"wojewodztwo":"małopolskie","powiat":"krakowski","gmina":"Wielka Wieś-gmina wiejska","nazwaOboczna":null,"foto":null,"KAT":"Skała","skaloplan":null},"geometry":{"type":"Point","coordinates":[19.845864323099999,50.175643946400001]}},
{"type":"Feature","properties":{"X":19.768920678432,"Y":50.188437563283401,"aktualnosc":"2023","Name":"Zaklęty Bastion","wysokosc":"12","LINK":"<a href=\"https://topo.wspinka.org/grupa-wielkiej-turni/zaklety-bastion\" target=\"_blank\">wspinka.org</a>","TOPO":null,"rejon":"Dolina Będkowska | Grupa Zaklętego Muru","wojewodztwo":"małopolskie","powiat":"krakowski","gmina":"Wielka Wieś-gmina wiejska","nazwaOboczna":null,"foto":null,"KAT":"Skała","skaloplan":null},"geometry":{"type":"Point","coordinates":[19.768731,50.188384]}},
{"type":"Feature","properties":{"X":19.761268539500001,"Y":50.167526996900001,"aktualnosc":null,"Name":"Ostatnie Skałki","wysokosc":null,"LINK":"<a href=\"\" target=\"_blank\"></a>","TOPO":null,"rejon":null,"wojewodztwo":"małopolskie","powiat":"krakowski","gmina":"Wielka Wieś-gmina wiejska","nazwaOboczna":null,"foto":null,"KAT":"Skała","skaloplan":null},"geometry":{"type":"Point","coordinates":[19.761268539500001,50.167526996900001]}},
{"type":"Feature","properties":{"X":19.840764590900001,"Y":50.1852673466,"aktualnosc":null,"Name":"Malarzówka","wysokosc":null,"LINK":"<a href=\"\" target=\"_blank\"></a>","TOPO":null,"rejon":null,"wojewodztwo":"małopolskie","powiat":"krakowski","gmina":null,"nazwaOboczna":null,"foto":null,"KAT":"Skała","skaloplan":null},"geometry":{"type":"Point","coordinates":[19.840764590900001,50.1852673466]}},
{"type":"Feature","properties":{"X":19.852729738400001,"Y":50.166988079799999,"aktualnosc":null,"Name":"Cygańskie Skały","wysokosc":null,"LINK":"<a href=\"\" target=\"_blank\"></a>","TOPO":null,"rejon":null,"wojewodztwo":"małopolskie","powiat":"krakowski","gmina":"Wielka Wieś-gmina wiejska","nazwaOboczna":null,"foto":null,"KAT":"Skała","skaloplan":null},"geometry":{"type":"Point","coordinates":[19.852622550374267,50.167344065772973]}},
{"type":"Feature","properties":{"X":19.753867432900002,"Y":50.180792465800003,"aktualnosc":null,"Name":"Skała nad Źródłem","wysokosc":null,"LINK":"<a href=\"\" target=\"_blank\"></a>","TOPO":null,"rejon":null,"wojewodztwo":"małopolskie","powiat":"krakowski","gmina":"Wielka Wieś-gmina wiejska","nazwaOboczna":null,"foto":null,"KAT":"Skała","skaloplan":null},"geometry":{"type":"Point","coordinates":[19.753867432900002,50.180792465800003]}},
{"type":"Feature","properties":{"X":19.806662062099999,"Y":50.174645368900002,"aktualnosc":null,"Name":"Poprzeczna Turnia","wysokosc":null,"LINK":"<a href=\"\" target=\"_blank\"></a>","TOPO":null,"rejon":"Dolina Kluczwody","wojewodztwo":"małopolskie","powiat":"krakowski","gmina":"Wielka Wieś-gmina wiejska","nazwaOboczna":null,"foto":null,"KAT":"Skała","skaloplan":null},"geometry":{"type":"Point","coordinates":[19.806662062099999,50.174645368900002]}},
{"type":"Feature","properties":{"X":19.806759873699999,"Y":50.174680496199997,"aktualnosc":null,"Name":"Wierzchowska Turnia","wysokosc":null,"LINK":"<a href=\"\" target=\"_blank\"></a>","TOPO":null,"rejon":"Dolina Kluczwody","wojewodztwo":"małopolskie","powiat":"krakowski","gmina":"Wielka Wieś-gmina wiejska","nazwaOboczna":null,"foto":null,"KAT":"Skała","skaloplan":null},"geometry":{"type":"Point","coordinates":[19.806759873699999,50.174680496199997]}},
{"type":"Feature","properties":{"X":19.7684014909693,"Y":50.188543900568703,"aktualnosc":"2023","Name":"Fraszka","wysokosc":"14","LINK":"<a href=\"https://topo.portalgorski.pl/droga%2C3093%2CFraszka-i-el-Jebel%2CJebel-Toubkal\" target=\"_blank\">portalgorski.pl</a>","TOPO":null,"rejon":"Dolina Będkowska | Grupa Zaklętego Muru","wojewodztwo":"małopolskie","powiat":"krakowski","gmina":"Wielka Wieś-gmina wiejska","nazwaOboczna":null,"foto":null,"KAT":"Skała","skaloplan":null},"geometry":{"type":"Point","coordinates":[19.768325,50.189085]}},
{"type":"Feature","properties":{"X":19.812855905599999,"Y":50.210959493200001,"aktualnosc":null,"Name":"Krzykała","wysokosc":null,"LINK":"<a href=\"\" target=\"_blank\"></a>","TOPO":null,"rejon":null,"wojewodztwo":"małopolskie","powiat":"krakowski","gmina":null,"nazwaOboczna":null,"foto":null,"KAT":"Skała","skaloplan":null},"geometry":{"type":"Point","coordinates":[19.812855905599999,50.210959493200001]}},
{"type":"Feature","properties":{"X":19.830466771600001,"Y":50.226302324899997,"aktualnosc":null,"Name":"Pochylce","wysokosc":null,"LINK":"<a href=\"\" target=\"_blank\"></a>","TOPO":null,"rejon":null,"wojewodztwo":"małopolskie","powiat":"krakowski","gmina":null,"nazwaOboczna":null,"foto":null,"KAT":"Skała","skaloplan":null},"geometry":{"type":"Point","coordinates":[19.830466771600001,50.226302324899997]}},
{"type":"Feature","properties":{"X":19.837659928699999,"Y":50.190758468799999,"aktualnosc":null,"Name":"Podwójna","wysokosc":null,"LINK":"<a href=\"\" target=\"_blank\"></a>","TOPO":null,"rejon":null,"wojewodztwo":"małopolskie","powiat":"krakowski","gmina":null,"nazwaOboczna":null,"foto":null,"KAT":"Skała","skaloplan":null},"geometry":{"type":"Point","coordinates":[19.837659928699999,50.190758468799999]}},
{"type":"Feature","properties":{"X":19.776732615499999,"Y":50.191136776500002,"aktualnosc":null,"Name":"Place","wysokosc":null,"LINK":"<a href=\"\" target=\"_blank\"></a>","TOPO":null,"rejon":null,"wojewodztwo":"małopolskie","powiat":"krakowski","gmina":"Wielka Wieś-gmina wiejska","nazwaOboczna":null,"foto":null,"KAT":"Skała","skaloplan":null},"geometry":{"type":"Point","coordinates":[19.776732615499999,50.191136776500002]}},
{"type":"Feature","properties":{"X":19.8245816871,"Y":50.228937497499999,"aktualnosc":null,"Name":"Skała Długa","wysokosc":null,"LINK":"<a href=\"\" target=\"_blank\"></a>","TOPO":null,"rejon":null,"wojewodztwo":"małopolskie","powiat":"krakowski","gmina":null,"nazwaOboczna":null,"foto":null,"KAT":"Skała","skaloplan":null},"geometry":{"type":"Point","coordinates":[19.8245816871,50.228937497499999]}},
{"type":"Feature","properties":{"X":19.770758246300002,"Y":50.202525286799997,"aktualnosc":"2025-02-27","Name":"Słup","wysokosc":null,"LINK":"<a href=\"\" target=\"_blank\"></a>","TOPO":null,"rejon":"Wzgórze 502","wojewodztwo":"małopolskie","powiat":"krakowski","gmina":"Jerzmanowice-Przeginia (gm. wiejska)","nazwaOboczna":null,"foto":null,"KAT":"Skała","skaloplan":"<a href=\"./Skaly/36/\"target=\"_blank\"TOPO</a>"},"geometry":{"type":"Point","coordinates":[19.770758246300002,50.202525286799997]}},
{"type":"Feature","properties":{"X":19.8224138024,"Y":50.205206922000002,"aktualnosc":null,"Name":"Skała Langiewicza","wysokosc":null,"LINK":"<a href=\"\" target=\"_blank\"></a>","TOPO":null,"rejon":null,"wojewodztwo":"małopolskie","powiat":"krakowski","gmina":null,"nazwaOboczna":null,"foto":null,"KAT":"Skała","skaloplan":null},"geometry":{"type":"Point","coordinates":[19.8224138024,50.205206922]}},
{"type":"Feature","properties":{"X":19.829509935899999,"Y":50.199569760099997,"aktualnosc":null,"Name":"Igła Deotymy","wysokosc":null,"LINK":"<a href=\"\" target=\"_blank\"></a>","TOPO":null,"rejon":null,"wojewodztwo":"małopolskie","powiat":"krakowski","gmina":null,"nazwaOboczna":null,"foto":null,"KAT":"Skała","skaloplan":null},"geometry":{"type":"Point","coordinates":[19.829509935899999,50.199569760099997]}},
{"type":"Feature","properties":{"X":19.840632383900001,"Y":50.1849517116,"aktualnosc":null,"Name":"Kopcowa Skała","wysokosc":null,"LINK":"<a href=\"\" target=\"_blank\"></a>","TOPO":null,"rejon":null,"wojewodztwo":"małopolskie","powiat":"krakowski","gmina":null,"nazwaOboczna":null,"foto":null,"KAT":"Skała","skaloplan":null},"geometry":{"type":"Point","coordinates":[19.840632383900001,50.1849517116]}},
{"type":"Feature","properties":{"X":19.806259155300001,"Y":50.174436205399999,"aktualnosc":null,"Name":"Dzika Turniczka","wysokosc":null,"LINK":"<a href=\"\" target=\"_blank\"></a>","TOPO":null,"rejon":"Dolina Kluczwody","wojewodztwo":"małopolskie","powiat":"krakowski","gmina":"Wielka Wieś-gmina wiejska","nazwaOboczna":null,"foto":null,"KAT":"Skała","skaloplan":null},"geometry":{"type":"Point","coordinates":[19.806259155300001,50.174436205399999]}},
{"type":"Feature","properties":{"X":19.810191299300001,"Y":50.1706711892,"aktualnosc":null,"Name":"Rogatka","wysokosc":null,"LINK":"<a href=\"\" target=\"_blank\"></a>","TOPO":null,"rejon":"Dolina Kluczwody","wojewodztwo":"małopolskie","powiat":"krakowski","gmina":"Wielka Wieś-gmina wiejska","nazwaOboczna":null,"foto":null,"KAT":"Skała","skaloplan":null},"geometry":{"type":"Point","coordinates":[19.810191299300001,50.1706711892]}},
{"type":"Feature","properties":{"X":19.806341127300001,"Y":50.173089108900001,"aktualnosc":null,"Name":"Dzika Turnia","wysokosc":null,"LINK":"<a href=\"\" target=\"_blank\"></a>","TOPO":null,"rejon":"Dolina Kluczwody","wojewodztwo":"małopolskie","powiat":"krakowski","gmina":"Wielka Wieś-gmina wiejska","nazwaOboczna":null,"foto":null,"KAT":"Skała","skaloplan":null},"geometry":{"type":"Point","coordinates":[19.806341127300001,50.173089108900001]}},
{"type":"Feature","properties":{"X":19.751504106599999,"Y":50.1786986336,"aktualnosc":null,"Name":"Forteca","wysokosc":null,"LINK":"<a href=\"\" target=\"_blank\"></a>","TOPO":null,"rejon":null,"wojewodztwo":"małopolskie","powiat":"krakowski","gmina":"Wielka Wieś-gmina wiejska","nazwaOboczna":null,"foto":null,"KAT":"Skała","skaloplan":null},"geometry":{"type":"Point","coordinates":[19.751504106599999,50.1786986336]}},
{"type":"Feature","properties":{"X":19.768618025801501,"Y":50.188512455025602,"aktualnosc":"2023","Name":"El Jebel","wysokosc":"14","LINK":"<a href=\"\" target=\"_blank\">portalgorski.pl</a>","TOPO":null,"rejon":"Dolina Będkowska | Grupa Zaklętego Muru","wojewodztwo":"małopolskie","powiat":"krakowski","gmina":"Wielka Wieś-gmina wiejska","nazwaOboczna":null,"foto":null,"KAT":"Skała","skaloplan":null},"geometry":{"type":"Point","coordinates":[19.768319,50.189030]}},
{"type":"Feature","properties":{"X":19.7526705141,"Y":50.188527956400002,"aktualnosc":null,"Name":"Zbędowy Murek","wysokosc":null,"LINK":"<a href=\"\" target=\"_blank\"></a>","TOPO":null,"rejon":null,"wojewodztwo":"małopolskie","powiat":"krakowski","gmina":"Jerzmanowice-Przeginia (gm. wiejska)","nazwaOboczna":null,"foto":null,"KAT":"Skała","skaloplan":null},"geometry":{"type":"Point","coordinates":[19.7526705141,50.188527956400002]}},
{"type":"Feature","properties":{"X":19.7666212972,"Y":50.2016131452,"aktualnosc":"2025-02-27","Name":"Skała Cielęca","wysokosc":null,"LINK":"<a href=\"\" target=\"_blank\"></a>","TOPO":null,"rejon":null,"wojewodztwo":"małopolskie","powiat":"krakowski","gmina":"Jerzmanowice-Przeginia (gm. wiejska)","nazwaOboczna":null,"foto":null,"KAT":"Skała","skaloplan":"<a href=\"./Skaly/36/\"target=\"_blank\"TOPO</a>"},"geometry":{"type":"Point","coordinates":[19.7666212972,50.2016131452]}},
{"type":"Feature","properties":{"X":19.7564525168,"Y":50.204818885999998,"aktualnosc":null,"Name":"Sikorka","wysokosc":null,"LINK":"<a href=\"\" target=\"_blank\"></a>","TOPO":null,"rejon":null,"wojewodztwo":"małopolskie","powiat":"krakowski","gmina":"Jerzmanowice-Przeginia (gm. wiejska)","nazwaOboczna":null,"foto":null,"KAT":"Skała","skaloplan":null},"geometry":{"type":"Point","coordinates":[19.7564525168,50.204818886]}},
{"type":"Feature","properties":{"X":19.785644786399999,"Y":50.215452081000002,"aktualnosc":null,"Name":"Malinowa","wysokosc":null,"LINK":"<a href=\"\" target=\"_blank\"></a>","TOPO":null,"rejon":null,"wojewodztwo":"małopolskie","powiat":"krakowski","gmina":"Jerzmanowice-Przeginia (gm. wiejska)","nazwaOboczna":null,"foto":null,"KAT":"Skała","skaloplan":null},"geometry":{"type":"Point","coordinates":[19.785644786399999,50.215452081]}},
{"type":"Feature","properties":{"X":19.752499971700001,"Y":50.215771692099999,"aktualnosc":null,"Name":"Malinowa Skałka","wysokosc":null,"LINK":"<a href=\"\" target=\"_blank\"></a>","TOPO":null,"rejon":null,"wojewodztwo":"małopolskie","powiat":"krakowski","gmina":"Jerzmanowice-Przeginia (gm. wiejska)","nazwaOboczna":null,"foto":null,"KAT":"Skała","skaloplan":null},"geometry":{"type":"Point","coordinates":[19.752499971700001,50.215771692099999]}},
{"type":"Feature","properties":{"X":19.7642661942239,"Y":50.203134931428004,"aktualnosc":"2025-02-27","Name":"Fiala","wysokosc":"25","LINK":"<a href=\"https://topo.wspinka.org/lysa-fiala/fiala\"target=\"_blank\"LINK</a>","TOPO":"<a href=\"./Skaly/36/Fiala/T-Lysa_Fiala.pdf\"target=\"_blank\"TOPO</a>","rejon":"Łysa (Fiala)","wojewodztwo":"małopolskie","powiat":"krakowski","gmina":"Jerzmanowice-Przeginia (gm. wiejska)","nazwaOboczna":null,"foto":null,"KAT":"Skała","skaloplan":null},"geometry":{"type":"Point","coordinates":[19.7642661942239,50.203134931428004]}},
{"type":"Feature","properties":{"X":19.806798601000001,"Y":50.205048489900001,"aktualnosc":null,"Name":"Malesowe","wysokosc":null,"LINK":"<a href=\"\" target=\"_blank\"></a>","TOPO":null,"rejon":null,"wojewodztwo":"małopolskie","powiat":"krakowski","gmina":null,"nazwaOboczna":null,"foto":null,"KAT":"Skała","skaloplan":null},"geometry":{"type":"Point","coordinates":[19.806798601,50.205048489900001]}},
{"type":"Feature","properties":{"X":19.8237297264,"Y":50.204943445399998,"aktualnosc":null,"Name":"Plażówki","wysokosc":null,"LINK":"<a href=\"\" target=\"_blank\"></a>","TOPO":null,"rejon":null,"wojewodztwo":"małopolskie","powiat":"krakowski","gmina":null,"nazwaOboczna":null,"foto":null,"KAT":"Skała","skaloplan":null},"geometry":{"type":"Point","coordinates":[19.8237297264,50.204943445399998]}},
{"type":"Feature","properties":{"X":19.8181486597,"Y":50.205059082799998,"aktualnosc":null,"Name":"Muszla","wysokosc":null,"LINK":"<a href=\"\" target=\"_blank\"></a>","TOPO":null,"rejon":null,"wojewodztwo":"małopolskie","powiat":"krakowski","gmina":null,"nazwaOboczna":null,"foto":null,"KAT":"Skała","skaloplan":null},"geometry":{"type":"Point","coordinates":[19.8181486597,50.205059082799998]}},
{"type":"Feature","properties":{"X":19.812332593899999,"Y":50.205147666099997,"aktualnosc":null,"Name":"Skały Chmielewskiego","wysokosc":null,"LINK":"<a href=\"\" target=\"_blank\"></a>","TOPO":null,"rejon":null,"wojewodztwo":"małopolskie","powiat":"krakowski","gmina":null,"nazwaOboczna":null,"foto":null,"KAT":"Skała","skaloplan":null},"geometry":{"type":"Point","coordinates":[19.812332593899999,50.205147666099997]}},
{"type":"Feature","properties":{"X":19.830153829499999,"Y":50.205032669399998,"aktualnosc":null,"Name":"Czyżówki","wysokosc":null,"LINK":"<a href=\"\" target=\"_blank\"></a>","TOPO":null,"rejon":null,"wojewodztwo":"małopolskie","powiat":"krakowski","gmina":null,"nazwaOboczna":null,"foto":null,"KAT":"Skała","skaloplan":null},"geometry":{"type":"Point","coordinates":[19.830153829499999,50.205032669399998]}},
{"type":"Feature","properties":{"X":19.833030201100001,"Y":50.211802984499997,"aktualnosc":null,"Name":"Skały Zamkowe","wysokosc":null,"LINK":"<a href=\"\" target=\"_blank\"></a>","TOPO":null,"rejon":null,"wojewodztwo":"małopolskie","powiat":"krakowski","gmina":null,"nazwaOboczna":null,"foto":null,"KAT":"Skała","skaloplan":null},"geometry":{"type":"Point","coordinates":[19.833030201100001,50.211802984499997]}},
{"type":"Feature","properties":{"X":19.824772673799998,"Y":50.229496898000001,"aktualnosc":null,"Name":"Grodzisko","wysokosc":null,"LINK":"<a href=\"\" target=\"_blank\"></a>","TOPO":null,"rejon":null,"wojewodztwo":"małopolskie","powiat":"krakowski","gmina":null,"nazwaOboczna":null,"foto":null,"KAT":"Skała","skaloplan":null},"geometry":{"type":"Point","coordinates":[19.824772673799998,50.229496898]}},
{"type":"Feature","properties":{"X":19.821623452600001,"Y":50.191527409800003,"aktualnosc":null,"Name":"Sfinks","wysokosc":null,"LINK":"<a href=\"\" target=\"_blank\"></a>","TOPO":null,"rejon":null,"wojewodztwo":"małopolskie","powiat":"krakowski","gmina":null,"nazwaOboczna":null,"foto":null,"KAT":"Skała","skaloplan":null},"geometry":{"type":"Point","coordinates":[19.821623452600001,50.191527409800003]}},
{"type":"Feature","properties":{"X":19.778611539900002,"Y":50.200256881199998,"aktualnosc":null,"Name":"Kozia Skała","wysokosc":null,"LINK":"<a href=\"\" target=\"_blank\"></a>","TOPO":null,"rejon":null,"wojewodztwo":"małopolskie","powiat":"krakowski","gmina":"Jerzmanowice-Przeginia (gm. wiejska)","nazwaOboczna":null,"foto":null,"KAT":"Skała","skaloplan":null},"geometry":{"type":"Point","coordinates":[19.778611539900002,50.200256881199998]}},
{"type":"Feature","properties":{"X":19.7711047795,"Y":50.202962650300002,"aktualnosc":"2025-02-27","Name":"Soczewka","wysokosc":null,"LINK":"<a href=\"\" target=\"_blank\"></a>","TOPO":null,"rejon":"Wzgórze 502","wojewodztwo":"małopolskie","powiat":"krakowski","gmina":"Jerzmanowice-Przeginia (gm. wiejska)","nazwaOboczna":null,"foto":null,"KAT":"Skała","skaloplan":"<a href=\"./Skaly/36/\"target=\"_blank\"TOPO</a>"},"geometry":{"type":"Point","coordinates":[19.7711047795,50.202962650300002]}},
{"type":"Feature","properties":{"X":19.8361428141,"Y":50.193782278299999,"aktualnosc":null,"Name":"Barania Skała","wysokosc":null,"LINK":"<a href=\"\" target=\"_blank\"></a>","TOPO":null,"rejon":null,"wojewodztwo":"małopolskie","powiat":"krakowski","gmina":null,"nazwaOboczna":null,"foto":null,"KAT":"Skała","skaloplan":null},"geometry":{"type":"Point","coordinates":[19.8361428141,50.193782278299999]}},
{"type":"Feature","properties":{"X":19.771530389900001,"Y":50.203200933200002,"aktualnosc":"2025-02-27","Name":"Ostry Kamień","wysokosc":null,"LINK":"<a href=\"\" target=\"_blank\"></a>","TOPO":null,"rejon":"Wzgórze 502","wojewodztwo":"małopolskie","powiat":"krakowski","gmina":"Jerzmanowice-Przeginia (gm. wiejska)","nazwaOboczna":null,"foto":null,"KAT":"Skała","skaloplan":"<a href=\"./Skaly/36/\"target=\"_blank\"TOPO</a>"},"geometry":{"type":"Point","coordinates":[19.771530389900001,50.203200933200002]}},
{"type":"Feature","properties":{"X":19.789574370099999,"Y":50.187567942900003,"aktualnosc":null,"Name":"Mała Skałka","wysokosc":null,"LINK":"<a href=\"\" target=\"_blank\"></a>","TOPO":null,"rejon":null,"wojewodztwo":"małopolskie","powiat":"krakowski","gmina":"Wielka Wieś-gmina wiejska","nazwaOboczna":null,"foto":null,"KAT":"Skała","skaloplan":null},"geometry":{"type":"Point","coordinates":[19.789574370099999,50.187567942900003]}},
{"type":"Feature","properties":{"X":19.759951080800001,"Y":50.174804269900001,"aktualnosc":"2025","Name":"Gzylow Mur, Igła i Baszta","wysokosc":"16","LINK":"<a href=\"https://wspinanie.pl/topo/polska/podkrakowskie/kobylanska/gzylowe_skaly.htm\" target=\"_blank\">LINK</a>","TOPO":null,"rejon":"Dolina Kobylańska","wojewodztwo":"małopolskie","powiat":"krakowski","gmina":"Wielka Wieś-gmina wiejska","nazwaOboczna":"Gzylowe Skały","foto":null,"KAT":"Skała","skaloplan":"<a href=\"./Skaly/18/Dolina_Kobylanska/T-Gzylowe_Skaly.pdf\" target=\"_blank\"><a/>"},"geometry":{"type":"Point","coordinates":[19.760205093121535,50.174609862561589]}},
{"type":"Feature","properties":{"X":19.847489078300001,"Y":50.1742102718,"aktualnosc":null,"Name":"Szabelki","wysokosc":null,"LINK":"<a href=\"\" target=\"_blank\"></a>","TOPO":null,"rejon":null,"wojewodztwo":"małopolskie","powiat":"krakowski","gmina":"Wielka Wieś-gmina wiejska","nazwaOboczna":null,"foto":null,"KAT":"Skała","skaloplan":null},"geometry":{"type":"Point","coordinates":[19.847489078300001,50.1742102718]}},
{"type":"Feature","properties":{"X":19.806504307400001,"Y":50.174536165500001,"aktualnosc":null,"Name":"Zaroślak","wysokosc":null,"LINK":"<a href=\"\" target=\"_blank\"></a>","TOPO":null,"rejon":"Dolina Kluczwody","wojewodztwo":"małopolskie","powiat":"krakowski","gmina":"Wielka Wieś-gmina wiejska","nazwaOboczna":null,"foto":null,"KAT":"Skała","skaloplan":null},"geometry":{"type":"Point","coordinates":[19.806504307400001,50.174536165500001]}},
{"type":"Feature","properties":{"X":19.783857874500001,"Y":50.188655931100001,"aktualnosc":null,"Name":"Duża Skałka","wysokosc":null,"LINK":"<a href=\"\" target=\"_blank\"></a>","TOPO":null,"rejon":null,"wojewodztwo":"małopolskie","powiat":"krakowski","gmina":"Wielka Wieś-gmina wiejska","nazwaOboczna":null,"foto":null,"KAT":"Skała","skaloplan":null},"geometry":{"type":"Point","coordinates":[19.783857874500001,50.188655931100001]}},
{"type":"Feature","properties":{"X":19.852826449599998,"Y":50.167227940700002,"aktualnosc":null,"Name":"Latarnia Twardowskiego","wysokosc":null,"LINK":"<a href=\"./Skaly/Wielka_Wies/Latarnia_Twardowskiego/img/O.jpg\" target=\"_blank\"></a>","TOPO":null,"rejon":"Dolina Prądnika | Cygańskie Skały","wojewodztwo":"małopolskie","powiat":"krakowski","gmina":"Wielka Wieś-gmina wiejska","nazwaOboczna":null,"foto":"<a href=\"./Skaly/Wielka_Wies/Latarnia_Twardowskiego/img/O.jpg\" target=\"_blank\">FOTO</a>","KAT":"Skała","skaloplan":null},"geometry":{"type":"Point","coordinates":[19.852602130148252,50.167443648281768]}},
{"type":"Feature","properties":{"X":19.751924939399998,"Y":50.178896503300003,"aktualnosc":null,"Name":"Mur","wysokosc":null,"LINK":"<a href=\"\" target=\"_blank\"></a>","TOPO":null,"rejon":null,"wojewodztwo":"małopolskie","powiat":"krakowski","gmina":"Wielka Wieś-gmina wiejska","nazwaOboczna":null,"foto":null,"KAT":"Skała","skaloplan":null},"geometry":{"type":"Point","coordinates":[19.751924939399998,50.178896503300003]}},
{"type":"Feature","properties":{"X":19.7755232604,"Y":50.190820404900002,"aktualnosc":null,"Name":"Dupna","wysokosc":null,"LINK":"<a href=\"\" target=\"_blank\"></a>","TOPO":null,"rejon":null,"wojewodztwo":"małopolskie","powiat":"krakowski","gmina":"Wielka Wieś-gmina wiejska","nazwaOboczna":null,"foto":null,"KAT":"Skała","skaloplan":null},"geometry":{"type":"Point","coordinates":[19.7755232604,50.190820404900002]}},
{"type":"Feature","properties":{"X":19.828879472099999,"Y":50.201106112799998,"aktualnosc":null,"Name":"Bystra","wysokosc":null,"LINK":"<a href=\"\" target=\"_blank\"></a>","TOPO":null,"rejon":null,"wojewodztwo":"małopolskie","powiat":"krakowski","gmina":null,"nazwaOboczna":null,"foto":null,"KAT":"Skała","skaloplan":null},"geometry":{"type":"Point","coordinates":[19.828879472099999,50.201106112799998]}},
{"type":"Feature","properties":{"X":19.7956734596,"Y":50.2264955849,"aktualnosc":null,"Name":"Osypiec","wysokosc":null,"LINK":"<a href=\"\" target=\"_blank\"></a>","TOPO":null,"rejon":null,"wojewodztwo":"małopolskie","powiat":"krakowski","gmina":null,"nazwaOboczna":null,"foto":null,"KAT":"Skała","skaloplan":null},"geometry":{"type":"Point","coordinates":[19.7956734596,50.2264955849]}},
{"type":"Feature","properties":{"X":19.8327814007,"Y":50.1906510373,"aktualnosc":null,"Name":"Skała Koźniowa","wysokosc":null,"LINK":"<a href=\"\" target=\"_blank\"></a>","TOPO":null,"rejon":null,"wojewodztwo":"małopolskie","powiat":"krakowski","gmina":null,"nazwaOboczna":null,"foto":null,"KAT":"Skała","skaloplan":null},"geometry":{"type":"Point","coordinates":[19.8327814007,50.1906510373]}},
{"type":"Feature","properties":{"X":19.8327191152,"Y":50.211408734599999,"aktualnosc":null,"Name":"Nad Trzaską","wysokosc":null,"LINK":"<a href=\"\" target=\"_blank\"></a>","TOPO":null,"rejon":null,"wojewodztwo":"małopolskie","powiat":"krakowski","gmina":null,"nazwaOboczna":null,"foto":null,"KAT":"Skała","skaloplan":null},"geometry":{"type":"Point","coordinates":[19.8327191152,50.211408734599999]}},
{"type":"Feature","properties":{"X":19.796181355200002,"Y":50.219358011399997,"aktualnosc":null,"Name":"Koziarnia","wysokosc":null,"LINK":"<a href=\"\" target=\"_blank\"></a>","TOPO":null,"rejon":null,"wojewodztwo":"małopolskie","powiat":"krakowski","gmina":"Jerzmanowice-Przeginia (gm. wiejska)","nazwaOboczna":null,"foto":null,"KAT":"Skała","skaloplan":null},"geometry":{"type":"Point","coordinates":[19.796181355200002,50.219358011399997]}},
{"type":"Feature","properties":{"X":19.833646374099999,"Y":50.219302440200003,"aktualnosc":null,"Name":"Jazowa","wysokosc":null,"LINK":"<a href=\"\" target=\"_blank\"></a>","TOPO":null,"rejon":null,"wojewodztwo":"małopolskie","powiat":"krakowski","gmina":null,"nazwaOboczna":null,"foto":null,"KAT":"Skała","skaloplan":null},"geometry":{"type":"Point","coordinates":[19.833646374099999,50.219302440200003]}},
{"type":"Feature","properties":{"X":19.827401099599999,"Y":50.202635008400001,"aktualnosc":null,"Name":"Gruby Janek","wysokosc":null,"LINK":"<a href=\"\" target=\"_blank\"></a>","TOPO":null,"rejon":null,"wojewodztwo":"małopolskie","powiat":"krakowski","gmina":null,"nazwaOboczna":null,"foto":null,"KAT":"Skała","skaloplan":null},"geometry":{"type":"Point","coordinates":[19.827401099599999,50.202635008400001]}},
{"type":"Feature","properties":{"X":19.8063089927,"Y":50.213294472800001,"aktualnosc":null,"Name":"Oborzysko","wysokosc":null,"LINK":"<a href=\"\" target=\"_blank\"></a>","TOPO":null,"rejon":null,"wojewodztwo":"małopolskie","powiat":"krakowski","gmina":null,"nazwaOboczna":null,"foto":null,"KAT":"Skała","skaloplan":null},"geometry":{"type":"Point","coordinates":[19.8063089927,50.213294472800001]}},
{"type":"Feature","properties":{"X":19.8265956549,"Y":50.194240514800001,"aktualnosc":null,"Name":"Pszczela","wysokosc":null,"LINK":"<a href=\"\" target=\"_blank\"></a>","TOPO":null,"rejon":null,"wojewodztwo":"małopolskie","powiat":"krakowski","gmina":null,"nazwaOboczna":null,"foto":null,"KAT":"Skała","skaloplan":null},"geometry":{"type":"Point","coordinates":[19.8265956549,50.194240514800001]}},
{"type":"Feature","properties":{"X":19.771313822700002,"Y":50.203383292399998,"aktualnosc":"2025-02-27","Name":"Polna Skałka","wysokosc":"10","LINK":"<a href=\"https://topo.wspinka.org/wzgorze-502/polna-skalka\"target=\"_blank\"LINK</a>","TOPO":"<a href=\"./Skaly/36/Polna_Skalka/T-502_Polna_Skalka.pdf/\"target=\"_blank\"TOPO</a>","rejon":"Wzgórze 502","wojewodztwo":"małopolskie","powiat":"krakowski","gmina":"Jerzmanowice-Przeginia (gm. wiejska)","nazwaOboczna":null,"foto":null,"KAT":"Skała","skaloplan":null},"geometry":{"type":"Point","coordinates":[19.771313822700002,50.203383292399998]}},
{"type":"Feature","properties":{"X":19.7950929414,"Y":50.221101351999998,"aktualnosc":null,"Name":"Szlachcicowa Skała","wysokosc":null,"LINK":"<a href=\"\" target=\"_blank\"></a>","TOPO":null,"rejon":null,"wojewodztwo":"małopolskie","powiat":"krakowski","gmina":"Jerzmanowice-Przeginia (gm. wiejska)","nazwaOboczna":null,"foto":null,"KAT":"Skała","skaloplan":null},"geometry":{"type":"Point","coordinates":[19.7950929414,50.221101352]}},
{"type":"Feature","properties":{"X":19.8265530957,"Y":50.194551560800001,"aktualnosc":null,"Name":"Przelotnik","wysokosc":null,"LINK":"<a href=\"\" target=\"_blank\"></a>","TOPO":null,"rejon":null,"wojewodztwo":"małopolskie","powiat":"krakowski","gmina":null,"nazwaOboczna":null,"foto":null,"KAT":"Skała","skaloplan":null},"geometry":{"type":"Point","coordinates":[19.8265530957,50.194551560800001]}},
{"type":"Feature","properties":{"X":19.783171443899999,"Y":50.242862998600003,"aktualnosc":null,"Name":"Maczuga Herkulesa","wysokosc":null,"LINK":"<a href=\"\" target=\"_blank\"></a>","TOPO":null,"rejon":null,"wojewodztwo":"małopolskie","powiat":"krakowski","gmina":null,"nazwaOboczna":null,"foto":null,"KAT":"Skała","skaloplan":null},"geometry":{"type":"Point","coordinates":[19.783171443899999,50.242862998600003]}},
{"type":"Feature","properties":{"X":19.8236131568,"Y":50.193355288500001,"aktualnosc":null,"Name":"Siodłowa","wysokosc":null,"LINK":"<a href=\"\" target=\"_blank\"></a>","TOPO":null,"rejon":null,"wojewodztwo":"małopolskie","powiat":"krakowski","gmina":null,"nazwaOboczna":null,"foto":null,"KAT":"Skała","skaloplan":null},"geometry":{"type":"Point","coordinates":[19.8236131568,50.193355288500001]}},
{"type":"Feature","properties":{"X":19.833320343899999,"Y":50.195159339100002,"aktualnosc":null,"Name":"Kapliczka","wysokosc":null,"LINK":"<a href=\"\" target=\"_blank\"></a>","TOPO":null,"rejon":null,"wojewodztwo":"małopolskie","powiat":"krakowski","gmina":null,"nazwaOboczna":null,"foto":null,"KAT":"Skała","skaloplan":null},"geometry":{"type":"Point","coordinates":[19.833320343899999,50.195159339100002]}},
{"type":"Feature","properties":{"X":19.8293963058,"Y":50.2267777024,"aktualnosc":null,"Name":"Skamieniały Wędrowiec","wysokosc":null,"LINK":"<a href=\"\" target=\"_blank\"></a>","TOPO":null,"rejon":null,"wojewodztwo":"małopolskie","powiat":"krakowski","gmina":null,"nazwaOboczna":null,"foto":null,"KAT":"Skała","skaloplan":null},"geometry":{"type":"Point","coordinates":[19.8293963058,50.2267777024]}},
{"type":"Feature","properties":{"X":19.8201217093,"Y":50.205431665699997,"aktualnosc":null,"Name":"Skała Kurowskiego","wysokosc":null,"LINK":"<a href=\"\" target=\"_blank\"></a>","TOPO":null,"rejon":null,"wojewodztwo":"małopolskie","powiat":"krakowski","gmina":null,"nazwaOboczna":null,"foto":null,"KAT":"Skała","skaloplan":null},"geometry":{"type":"Point","coordinates":[19.8201217093,50.205431665699997]}},
{"type":"Feature","properties":{"X":19.827957248400001,"Y":50.195542525699999,"aktualnosc":null,"Name":"Kozica","wysokosc":null,"LINK":"<a href=\"\" target=\"_blank\"></a>","TOPO":null,"rejon":null,"wojewodztwo":"małopolskie","powiat":"krakowski","gmina":null,"nazwaOboczna":null,"foto":null,"KAT":"Skała","skaloplan":null},"geometry":{"type":"Point","coordinates":[19.827957248400001,50.195542525699999]}},
{"type":"Feature","properties":{"X":19.807302801599999,"Y":50.212758752699997,"aktualnosc":null,"Name":"Bramka","wysokosc":null,"LINK":"<a href=\"\" target=\"_blank\"></a>","TOPO":null,"rejon":null,"wojewodztwo":"małopolskie","powiat":"krakowski","gmina":null,"nazwaOboczna":null,"foto":null,"KAT":"Skała","skaloplan":null},"geometry":{"type":"Point","coordinates":[19.807302801599999,50.212758752699997]}},
{"type":"Feature","properties":{"X":19.830582527800001,"Y":50.209234796600001,"aktualnosc":null,"Name":"Tańcówka","wysokosc":null,"LINK":"<a href=\"\" target=\"_blank\"></a>","TOPO":null,"rejon":null,"wojewodztwo":"małopolskie","powiat":"krakowski","gmina":null,"nazwaOboczna":null,"foto":null,"KAT":"Skała","skaloplan":null},"geometry":{"type":"Point","coordinates":[19.830582527800001,50.209234796600001]}},
{"type":"Feature","properties":{"X":19.80677749,"Y":50.213008817899997,"aktualnosc":null,"Name":"Wrota","wysokosc":null,"LINK":"<a href=\"\" target=\"_blank\"></a>","TOPO":null,"rejon":null,"wojewodztwo":"małopolskie","powiat":"krakowski","gmina":null,"nazwaOboczna":null,"foto":null,"KAT":"Skała","skaloplan":null},"geometry":{"type":"Point","coordinates":[19.80677749,50.213008817899997]}},
{"type":"Feature","properties":{"X":19.771814743499998,"Y":50.223403627400003,"aktualnosc":null,"Name":"Skałki","wysokosc":null,"LINK":"<a href=\"\" target=\"_blank\"></a>","TOPO":null,"rejon":null,"wojewodztwo":"małopolskie","powiat":"krakowski","gmina":"Jerzmanowice-Przeginia (gm. wiejska)","nazwaOboczna":null,"foto":null,"KAT":"Skała","skaloplan":null},"geometry":{"type":"Point","coordinates":[19.771814743499998,50.223403627400003]}},
{"type":"Feature","properties":{"X":19.758177753199998,"Y":50.195118089200001,"aktualnosc":null,"Name":"Skała Krzywonoska","wysokosc":null,"LINK":"<a href=\"\" target=\"_blank\"></a>","TOPO":null,"rejon":null,"wojewodztwo":"małopolskie","powiat":"krakowski","gmina":"Jerzmanowice-Przeginia (gm. wiejska)","nazwaOboczna":null,"foto":null,"KAT":"Skała","skaloplan":null},"geometry":{"type":"Point","coordinates":[19.758177753199998,50.195118089200001]}},
{"type":"Feature","properties":{"X":19.828890547,"Y":50.196007023299998,"aktualnosc":null,"Name":"Brama Krakowska","wysokosc":null,"LINK":"<a href=\"\" target=\"_blank\"></a>","TOPO":null,"rejon":null,"wojewodztwo":"małopolskie","powiat":"krakowski","gmina":null,"nazwaOboczna":null,"foto":null,"KAT":"Skała","skaloplan":null},"geometry":{"type":"Point","coordinates":[19.828890547,50.196007023299998]}},
{"type":"Feature","properties":{"X":19.8309575221,"Y":50.210227228800001,"aktualnosc":null,"Name":"Skała Dygasińskiego","wysokosc":null,"LINK":"<a href=\"\" target=\"_blank\"></a>","TOPO":null,"rejon":null,"wojewodztwo":"małopolskie","powiat":"krakowski","gmina":null,"nazwaOboczna":null,"foto":null,"KAT":"Skała","skaloplan":null},"geometry":{"type":"Point","coordinates":[19.8309575221,50.210227228800001]}},
{"type":"Feature","properties":{"X":19.983552285799998,"Y":50.188935606199998,"aktualnosc":null,"Name":"Rzędziny Dworskie","wysokosc":null,"LINK":"<a href=\"\" target=\"_blank\"></a>","TOPO":null,"rejon":null,"wojewodztwo":"małopolskie","powiat":"krakowski","gmina":null,"nazwaOboczna":null,"foto":null,"KAT":"Skała","skaloplan":null},"geometry":{"type":"Point","coordinates":[19.983552285799998,50.188935606199998]}},
{"type":"Feature","properties":{"X":19.775278544046799,"Y":50.203071023813102,"aktualnosc":"2025-02-27","Name":"Łaziska","wysokosc":null,"LINK":"<a href=\"\" target=\"_blank\"></a>","TOPO":null,"rejon":null,"wojewodztwo":"małopolskie","powiat":"krakowski","gmina":"Jerzmanowice-Przeginia (gm. wiejska)","nazwaOboczna":null,"foto":null,"KAT":"Skała","skaloplan":"<a href=\"./Skaly/36/\"target=\"_blank\"TOPO</a>"},"geometry":{"type":"Point","coordinates":[19.775278544046799,50.203071023813102]}},
{"type":"Feature","properties":{"X":19.764323539,"Y":50.203902170500001,"aktualnosc":"2025-02-27","Name":"Gołębnik","wysokosc":"15","LINK":"<a href=\"https://topo.wspinka.org/lysa-fiala/golebnik\"target=\"_blank\"LINK</a>","TOPO":"<a href=\"./Skaly/36/Golebnik/T-Lysa_Golebnik.pdf\"target=\"_blank\"TOPO</a>","rejon":"Łysa (Fiala)","wojewodztwo":"małopolskie","powiat":"krakowski","gmina":"Jerzmanowice-Przeginia (gm. wiejska)","nazwaOboczna":null,"foto":null,"KAT":"Skała","skaloplan":null},"geometry":{"type":"Point","coordinates":[19.764323539,50.203902170500001]}},
{"type":"Feature","properties":{"X":19.8312628109,"Y":50.2106522033,"aktualnosc":null,"Name":"Topiel","wysokosc":null,"LINK":"<a href=\"\" target=\"_blank\"></a>","TOPO":null,"rejon":null,"wojewodztwo":"małopolskie","powiat":"krakowski","gmina":null,"nazwaOboczna":null,"foto":null,"KAT":"Skała","skaloplan":null},"geometry":{"type":"Point","coordinates":[19.8312628109,50.2106522033]}},
{"type":"Feature","properties":{"X":19.833500183999998,"Y":50.221156424999997,"aktualnosc":null,"Name":"Skały Pastuszki","wysokosc":null,"LINK":"<a href=\"\" target=\"_blank\"></a>","TOPO":null,"rejon":null,"wojewodztwo":"małopolskie","powiat":"krakowski","gmina":null,"nazwaOboczna":null,"foto":null,"KAT":"Skała","skaloplan":null},"geometry":{"type":"Point","coordinates":[19.833500184,50.221156425]}},
{"type":"Feature","properties":{"X":19.750809229000001,"Y":50.250997025899999,"aktualnosc":"2026-05-13","Name":"Krzynkowa Skała","wysokosc":"20","LINK":"","TOPO":null,"rejon":"Sułoszowa","wojewodztwo":"małopolskie","powiat":"krakowski","gmina":"Sułoszowa","nazwaOboczna":null,"foto":"<a href=\"./Skaly/Suloszowa/Krzynkowa/img/O.jpg\" target=\"_blank\">FOTO</a>","KAT":"Skała","skaloplan":null},"geometry":{"type":"Point","coordinates":[19.769381054879847,50.254435675391832]}},
{"type":"Feature","properties":{"X":19.755315093299998,"Y":50.251393183499999,"aktualnosc":null,"Name":"Trzon","wysokosc":null,"LINK":"<a href=\"\" target=\"_blank\"></a>","TOPO":null,"rejon":"Sułoszowa","wojewodztwo":"małopolskie","powiat":"krakowski","gmina":"Sułoszowa","nazwaOboczna":null,"foto":null,"KAT":"Skała","skaloplan":null},"geometry":{"type":"Point","coordinates":[19.755315093299998,50.251393183499999]}},
{"type":"Feature","properties":{"X":19.812201310700001,"Y":50.2510503898,"aktualnosc":null,"Name":"Skała Zachwytu","wysokosc":null,"LINK":"<a href=\"\" target=\"_blank\"></a>","TOPO":null,"rejon":null,"wojewodztwo":"małopolskie","powiat":"krakowski","gmina":null,"nazwaOboczna":null,"foto":null,"KAT":"Skała","skaloplan":null},"geometry":{"type":"Point","coordinates":[19.810913301409553,50.248936453756855]}},
{"type":"Feature","properties":{"X":19.8169552984,"Y":50.2369011384,"aktualnosc":null,"Name":"Wdowie Skałki","wysokosc":null,"LINK":"<a href=\"\" target=\"_blank\"></a>","TOPO":null,"rejon":null,"wojewodztwo":"małopolskie","powiat":"krakowski","gmina":null,"nazwaOboczna":null,"foto":null,"KAT":"Skała","skaloplan":null},"geometry":{"type":"Point","coordinates":[19.816594130037434,50.237459252721749]}},
{"type":"Feature","properties":{"X":19.758059526299999,"Y":50.245526323999997,"aktualnosc":null,"Name":"Skałka Szymańskiego","wysokosc":null,"LINK":"<a href=\"\" target=\"_blank\"></a>","TOPO":null,"rejon":null,"wojewodztwo":"małopolskie","powiat":"krakowski","gmina":null,"nazwaOboczna":null,"foto":null,"KAT":"Skała","skaloplan":null},"geometry":{"type":"Point","coordinates":[19.758059526299999,50.245526324]}},
{"type":"Feature","properties":{"X":19.756168636000002,"Y":50.2393811564,"aktualnosc":null,"Name":"Kołodziejówka","wysokosc":null,"LINK":"<a href=\"\" target=\"_blank\"></a>","TOPO":null,"rejon":null,"wojewodztwo":"małopolskie","powiat":"krakowski","gmina":"Jerzmanowice-Przeginia (gm. wiejska)","nazwaOboczna":null,"foto":null,"KAT":"Skała","skaloplan":null},"geometry":{"type":"Point","coordinates":[19.756240988968486,50.239346739991674]}},
{"type":"Feature","properties":{"X":19.781849897499999,"Y":50.243117232700001,"aktualnosc":null,"Name":"Fortepian","wysokosc":null,"LINK":"<a href=\"\" target=\"_blank\"></a>","TOPO":null,"rejon":null,"wojewodztwo":"małopolskie","powiat":"krakowski","gmina":null,"nazwaOboczna":null,"foto":null,"KAT":"Skała","skaloplan":null},"geometry":{"type":"Point","coordinates":[19.781849897499999,50.243117232700001]}},
{"type":"Feature","properties":{"X":19.799353532000001,"Y":50.222825459900001,"aktualnosc":null,"Name":"Słupianka","wysokosc":null,"LINK":"<a href=\"\" target=\"_blank\"></a>","TOPO":null,"rejon":null,"wojewodztwo":"małopolskie","powiat":"krakowski","gmina":null,"nazwaOboczna":null,"foto":null,"KAT":"Skała","skaloplan":null},"geometry":{"type":"Point","coordinates":[19.799353532,50.222825459900001]}},
{"type":"Feature","properties":{"X":19.778412737899998,"Y":50.1918530258,"aktualnosc":null,"Name":"Tomaszówki Prawe","wysokosc":null,"LINK":"<a href=\"\" target=\"_blank\"></a>","TOPO":null,"rejon":null,"wojewodztwo":"małopolskie","powiat":"krakowski","gmina":"Wielka Wieś-gmina wiejska","nazwaOboczna":null,"foto":null,"KAT":"Skała","skaloplan":null},"geometry":{"type":"Point","coordinates":[19.778412737899998,50.1918530258]}},
{"type":"Feature","properties":{"X":19.827684175800002,"Y":50.197727410399999,"aktualnosc":null,"Name":"Dulębówki","wysokosc":null,"LINK":"<a href=\"\" target=\"_blank\"></a>","TOPO":null,"rejon":null,"wojewodztwo":"małopolskie","powiat":"krakowski","gmina":null,"nazwaOboczna":null,"foto":null,"KAT":"Skała","skaloplan":null},"geometry":{"type":"Point","coordinates":[19.827684175800002,50.197727410399999]}},
{"type":"Feature","properties":{"X":19.818649705799999,"Y":50.220269682599998,"aktualnosc":null,"Name":"Malesowa Skała","wysokosc":null,"LINK":"<a href=\"\" target=\"_blank\"></a>","TOPO":null,"rejon":null,"wojewodztwo":"małopolskie","powiat":"krakowski","gmina":null,"nazwaOboczna":null,"foto":null,"KAT":"Skała","skaloplan":null},"geometry":{"type":"Point","coordinates":[19.818649705799999,50.220269682599998]}},
{"type":"Feature","properties":{"X":19.8298937898,"Y":50.203213074499999,"aktualnosc":null,"Name":"Figowa","wysokosc":null,"LINK":"<a href=\"\" target=\"_blank\"></a>","TOPO":null,"rejon":null,"wojewodztwo":"małopolskie","powiat":"krakowski","gmina":null,"nazwaOboczna":null,"foto":null,"KAT":"Skała","skaloplan":null},"geometry":{"type":"Point","coordinates":[19.8298937898,50.203213074499999]}},
{"type":"Feature","properties":{"X":19.755930237600001,"Y":50.251092929099997,"aktualnosc":null,"Name":"Plomba","wysokosc":null,"LINK":"<a href=\"\" target=\"_blank\"></a>","TOPO":null,"rejon":"Sułoszowa","wojewodztwo":"małopolskie","powiat":"krakowski","gmina":"Sułoszowa","nazwaOboczna":null,"foto":null,"KAT":"Skała","skaloplan":null},"geometry":{"type":"Point","coordinates":[19.755930237600001,50.251092929099997]}},
{"type":"Feature","properties":{"X":19.756486279400001,"Y":50.252209015799998,"aktualnosc":null,"Name":"Kanapa","wysokosc":null,"LINK":"<a href=\"\" target=\"_blank\"></a>","TOPO":null,"rejon":"Sułoszowa","wojewodztwo":"małopolskie","powiat":"krakowski","gmina":"Sułoszowa","nazwaOboczna":null,"foto":null,"KAT":"Skała","skaloplan":null},"geometry":{"type":"Point","coordinates":[19.756486279400001,50.252209015799998]}},
{"type":"Feature","properties":{"X":19.757203770499999,"Y":50.252204433300001,"aktualnosc":null,"Name":"Zimne Płyty","wysokosc":null,"LINK":"<a href=\"\" target=\"_blank\"></a>","TOPO":null,"rejon":"Sułoszowa","wojewodztwo":"małopolskie","powiat":"krakowski","gmina":"Sułoszowa","nazwaOboczna":null,"foto":null,"KAT":"Skała","skaloplan":null},"geometry":{"type":"Point","coordinates":[19.757203770499999,50.252204433300001]}},
{"type":"Feature","properties":{"X":19.756700870900001,"Y":50.252212297,"aktualnosc":null,"Name":"Siata","wysokosc":null,"LINK":"<a href=\"\" target=\"_blank\"></a>","TOPO":null,"rejon":"Sułoszowa","wojewodztwo":"małopolskie","powiat":"krakowski","gmina":"Sułoszowa","nazwaOboczna":null,"foto":null,"KAT":"Skała","skaloplan":null},"geometry":{"type":"Point","coordinates":[19.756700870900001,50.252212297]}},
{"type":"Feature","properties":{"X":19.770655888699999,"Y":50.245895729600001,"aktualnosc":null,"Name":"Kołowrocie","wysokosc":null,"LINK":"<a href=\"\" target=\"_blank\"></a>","TOPO":null,"rejon":null,"wojewodztwo":"małopolskie","powiat":"krakowski","gmina":null,"nazwaOboczna":null,"foto":null,"KAT":"Skała","skaloplan":null},"geometry":{"type":"Point","coordinates":[19.770698790032377,50.245778457156327]}},
{"type":"Feature","properties":{"X":19.919822035,"Y":50.157780819300001,"aktualnosc":null,"Name":"Garliczka","wysokosc":null,"LINK":"<a href=\"\" target=\"_blank\"></a>","TOPO":null,"rejon":null,"wojewodztwo":"małopolskie","powiat":"krakowski","gmina":null,"nazwaOboczna":null,"foto":null,"KAT":"Skała","skaloplan":null},"geometry":{"type":"Point","coordinates":[19.919822035,50.157780819300001]}},
{"type":"Feature","properties":{"X":19.771550542500002,"Y":50.247476689000003,"aktualnosc":null,"Name":"Skała nad Potokiem","wysokosc":null,"LINK":"<a href=\"\" target=\"_blank\"></a>","TOPO":null,"rejon":null,"wojewodztwo":"małopolskie","powiat":"krakowski","gmina":null,"nazwaOboczna":null,"foto":null,"KAT":"Skała","skaloplan":null},"geometry":{"type":"Point","coordinates":[19.771550542500002,50.247476689]}},
{"type":"Feature","properties":{"X":19.779037235299999,"Y":50.244379441600003,"aktualnosc":null,"Name":"Pieskowa Skała","wysokosc":null,"LINK":"<a href=\"\" target=\"_blank\"></a>","TOPO":null,"rejon":null,"wojewodztwo":"małopolskie","powiat":"krakowski","gmina":null,"nazwaOboczna":null,"foto":null,"KAT":"Skała","skaloplan":null},"geometry":{"type":"Point","coordinates":[19.779037235299999,50.244379441600003]}},
{"type":"Feature","properties":{"X":19.7554704838,"Y":50.2512908729,"aktualnosc":null,"Name":"Kieł","wysokosc":null,"LINK":"<a href=\"\" target=\"_blank\"></a>","TOPO":null,"rejon":"Sułoszowa","wojewodztwo":"małopolskie","powiat":"krakowski","gmina":"Sułoszowa","nazwaOboczna":null,"foto":null,"KAT":"Skała","skaloplan":null},"geometry":{"type":"Point","coordinates":[19.7554704838,50.2512908729]}},
{"type":"Feature","properties":{"X":19.785282680600002,"Y":50.242636613099997,"aktualnosc":null,"Name":"Napoleon","wysokosc":null,"LINK":"<a href=\"\" target=\"_blank\"></a>","TOPO":null,"rejon":null,"wojewodztwo":"małopolskie","powiat":"krakowski","gmina":null,"nazwaOboczna":null,"foto":null,"KAT":"Skała","skaloplan":null},"geometry":{"type":"Point","coordinates":[19.785282680600002,50.242636613099997]}},
{"type":"Feature","properties":{"X":19.775571088100001,"Y":50.246455091800001,"aktualnosc":null,"Name":"Kocica","wysokosc":null,"LINK":"<a href=\"\" target=\"_blank\"></a>","TOPO":null,"rejon":null,"wojewodztwo":"małopolskie","powiat":"krakowski","gmina":null,"nazwaOboczna":null,"foto":null,"KAT":"Skała","skaloplan":null},"geometry":{"type":"Point","coordinates":[19.775571088100001,50.246455091800001]}},
{"type":"Feature","properties":{"X":19.795888280500002,"Y":50.177191603399997,"aktualnosc":null,"Name":"Wilczanki","wysokosc":null,"LINK":"<a href=\"\" target=\"_blank\"></a>","TOPO":null,"rejon":null,"wojewodztwo":"małopolskie","powiat":"krakowski","gmina":"Wielka Wieś-gmina wiejska","nazwaOboczna":null,"foto":null,"KAT":"Skała","skaloplan":null},"geometry":{"type":"Point","coordinates":[19.795888280500002,50.177191603399997]}},
{"type":"Feature","properties":{"X":19.8497688052,"Y":50.174990720300002,"aktualnosc":null,"Name":"Łaskawiec","wysokosc":null,"LINK":"<a href=\"\" target=\"_blank\"></a>","TOPO":null,"rejon":null,"wojewodztwo":"małopolskie","powiat":"krakowski","gmina":null,"nazwaOboczna":null,"foto":null,"KAT":"Skała","skaloplan":null},"geometry":{"type":"Point","coordinates":[19.8497688052,50.174990720300002]}},
{"type":"Feature","properties":{"X":19.756704626499999,"Y":50.153367403200001,"aktualnosc":"2025","Name":"Ponad Gnój Turnia","wysokosc":"14","LINK":"<a href=\"\" target=\"_blank\"></a>","TOPO":null,"rejon":"Dolina Kobylańska","wojewodztwo":"małopolskie","powiat":"krakowski","gmina":"Zabierzów","nazwaOboczna":"Turnia ponad Gnój","foto":null,"KAT":"Skała","skaloplan":null},"geometry":{"type":"Point","coordinates":[19.756704626499999,50.153367403200001]}},
{"type":"Feature","properties":{"X":19.7598716651,"Y":50.157836145099999,"aktualnosc":null,"Name":"Dwoista Turnia","wysokosc":"15","LINK":"<a href=\"\" target=\"_blank\"></a>","TOPO":null,"rejon":"Dolina Kobylańska","wojewodztwo":"małopolskie","powiat":"krakowski","gmina":"Zabierzów","nazwaOboczna":null,"foto":null,"KAT":"Skała","skaloplan":null},"geometry":{"type":"Point","coordinates":[19.7599139870144,50.157868100812522]}},
{"type":"Feature","properties":{"X":19.78514407,"Y":50.153870292900002,"aktualnosc":null,"Name":"Jaruga","wysokosc":null,"LINK":"<a href=\"\" target=\"_blank\"></a>","TOPO":null,"rejon":null,"wojewodztwo":"małopolskie","powiat":"krakowski","gmina":null,"nazwaOboczna":null,"foto":null,"KAT":"Skała","skaloplan":null},"geometry":{"type":"Point","coordinates":[19.78514407,50.153870292900002]}},
{"type":"Feature","properties":{"X":19.7630938257,"Y":50.157856584299999,"aktualnosc":null,"Name":"Okręt","wysokosc":"16","LINK":"<a href=\"\" target=\"_blank\"></a>","TOPO":null,"rejon":"Dolina Kobylańska","wojewodztwo":"małopolskie","powiat":"krakowski","gmina":"Zabierzów","nazwaOboczna":null,"foto":null,"KAT":"Skała","skaloplan":null},"geometry":{"type":"Point","coordinates":[19.76293291347778,50.157766796505967]}},
{"type":"Feature","properties":{"X":19.754847094900001,"Y":50.112569449,"aktualnosc":null,"Name":"Skała Łysa Kleszczowska","wysokosc":null,"LINK":"<a href=\"\" target=\"_blank\"></a>","TOPO":null,"rejon":null,"wojewodztwo":"małopolskie","powiat":"krakowski","gmina":null,"nazwaOboczna":null,"foto":null,"KAT":"Skała","skaloplan":null},"geometry":{"type":"Point","coordinates":[19.754847094900001,50.112569449]}},
{"type":"Feature","properties":{"X":19.764443185000001,"Y":50.159338185899998,"aktualnosc":null,"Name":"Turnia Marcinkowskiego","wysokosc":"12","LINK":"<a href=\"\" target=\"_blank\"></a>","TOPO":null,"rejon":"Dolina Kobylańska","wojewodztwo":"małopolskie","powiat":"krakowski","gmina":"Wielka Wieś-gmina wiejska","nazwaOboczna":null,"foto":null,"KAT":"Skała","skaloplan":null},"geometry":{"type":"Point","coordinates":[19.764443185,50.159338185899998]}},
{"type":"Feature","properties":{"X":19.760270686382501,"Y":50.168932022303203,"aktualnosc":null,"Name":"Ostatnia","wysokosc":null,"LINK":"<a href=\"\" target=\"_blank\"></a>","TOPO":null,"rejon":null,"wojewodztwo":"małopolskie","powiat":"krakowski","gmina":"Wielka Wieś-gmina wiejska","nazwaOboczna":null,"foto":null,"KAT":"Skała","skaloplan":null},"geometry":{"type":"Point","coordinates":[19.760270686382501,50.168932022303203]}},
{"type":"Feature","properties":{"X":19.8490084815,"Y":50.175176663099997,"aktualnosc":null,"Name":"Sukiennice","wysokosc":null,"LINK":"<a href=\"\" target=\"_blank\"></a>","TOPO":null,"rejon":null,"wojewodztwo":"małopolskie","powiat":"krakowski","gmina":null,"nazwaOboczna":null,"foto":null,"KAT":"Skała","skaloplan":null},"geometry":{"type":"Point","coordinates":[19.8490084815,50.175176663099997]}},
{"type":"Feature","properties":{"X":19.766306197399999,"Y":50.177594295699997,"aktualnosc":null,"Name":"Musarowa Skała","wysokosc":null,"LINK":"<a href=\"\" target=\"_blank\"></a>","TOPO":null,"rejon":null,"wojewodztwo":"małopolskie","powiat":"krakowski","gmina":"Wielka Wieś-gmina wiejska","nazwaOboczna":null,"foto":null,"KAT":"Skała","skaloplan":null},"geometry":{"type":"Point","coordinates":[19.766306197399999,50.177594295699997]}},
{"type":"Feature","properties":{"X":19.841247991199999,"Y":50.177082478000003,"aktualnosc":null,"Name":"Golanka","wysokosc":null,"LINK":"<a href=\"\" target=\"_blank\"></a>","TOPO":null,"rejon":null,"wojewodztwo":"małopolskie","powiat":"krakowski","gmina":"Wielka Wieś-gmina wiejska","nazwaOboczna":null,"foto":null,"KAT":"Skała","skaloplan":null},"geometry":{"type":"Point","coordinates":[19.841247991199999,50.177082478]}},
{"type":"Feature","properties":{"X":19.8364631689,"Y":50.180513176200002,"aktualnosc":null,"Name":"Sucza Skała","wysokosc":null,"LINK":"<a href=\"\" target=\"_blank\"></a>","TOPO":null,"rejon":null,"wojewodztwo":"małopolskie","powiat":"krakowski","gmina":"Wielka Wieś-gmina wiejska","nazwaOboczna":null,"foto":null,"KAT":"Skała","skaloplan":null},"geometry":{"type":"Point","coordinates":[19.8364631689,50.180513176200002]}},
{"type":"Feature","properties":{"X":19.8519989244,"Y":50.167896438600003,"aktualnosc":null,"Name":"Młynarskie Ściany","wysokosc":null,"LINK":"<a href=\"\" target=\"_blank\"></a>","TOPO":null,"rejon":null,"wojewodztwo":"małopolskie","powiat":"krakowski","gmina":"Wielka Wieś-gmina wiejska","nazwaOboczna":null,"foto":"<a href=\"./Skaly/Wielka_Wies/Mlynarskie/img/O.jpg\" target=\"_blank\">FOTO</a>","KAT":"Skała","skaloplan":null},"geometry":{"type":"Point","coordinates":[19.852145437805639,50.167877584609911]}},
{"type":"Feature","properties":{"X":19.860440499799999,"Y":50.1647609467,"aktualnosc":null,"Name":"Litewka","wysokosc":null,"LINK":"<a href=\"\" target=\"_blank\"></a>","TOPO":null,"rejon":null,"wojewodztwo":"małopolskie","powiat":"krakowski","gmina":"Wielka Wieś-gmina wiejska","nazwaOboczna":null,"foto":null,"KAT":"Skała","skaloplan":null},"geometry":{"type":"Point","coordinates":[19.860440499799999,50.1647609467]}},
{"type":"Feature","properties":{"X":19.7696405460355,"Y":50.189391070670801,"aktualnosc":null,"Name":"Mała Turnia","wysokosc":"12","LINK":"<a href=\"https://topo.wspinka.org/grupa-wielkiej-turni/mala-turnia\" target=\"_blank\">WSPINKA.ORG</a>","TOPO":"null","rejon":"Dolina Będkowska | Grupa Wielkiej Turni","wojewodztwo":"małopolskie","powiat":"krakowski","gmina":"Wielka Wieś-gmina wiejska","nazwaOboczna":null,"foto":null,"KAT":"Skała","skaloplan":null},"geometry":{"type":"Point","coordinates":[19.770085,50.189484]}},
{"type":"Feature","properties":{"X":19.707677203025401,"Y":50.230734903234897,"aktualnosc":"2024","Name":"Lewa Brama","wysokosc":null,"LINK":"<a href=\"\" target=\"_blank\"></a>","TOPO":"https://topo.wspinka.org/rejony/jura/jura-krakowska/dolina-raclawki/rogozowe-skaly","rejon":"Przeginia (Rogożowe)","wojewodztwo":"małopolskie","powiat":"krakowski","gmina":"Jerzmanowice-Przeginia (gm. wiejska)","nazwaOboczna":null,"foto":null,"KAT":"Skała","skaloplan":null},"geometry":{"type":"Point","coordinates":[19.707677203025401,50.230734903234897]}},
{"type":"Feature","properties":{"X":19.725828794800002,"Y":50.110233863099999,"aktualnosc":null,"Name":"Trzy Korony","wysokosc":null,"LINK":"<a href=\"\" target=\"_blank\"></a>","TOPO":null,"rejon":null,"wojewodztwo":"małopolskie","powiat":"krakowski","gmina":null,"nazwaOboczna":null,"foto":null,"KAT":"Skała","skaloplan":null},"geometry":{"type":"Point","coordinates":[19.725828794800002,50.110233863099999]}},
{"type":"Feature","properties":{"X":19.708691296276399,"Y":50.231087259950002,"aktualnosc":"2024","Name":"Kość","wysokosc":null,"LINK":"<a href=\"\" target=\"_blank\"></a>","TOPO":"https://topo.wspinka.org/rejony/jura/jura-krakowska/dolina-raclawki/rogozowe-skaly","rejon":"Przeginia (Rogożowe)","wojewodztwo":"małopolskie","powiat":"krakowski","gmina":"Jerzmanowice-Przeginia (gm. wiejska)","nazwaOboczna":null,"foto":null,"KAT":"Skała","skaloplan":null},"geometry":{"type":"Point","coordinates":[19.708691296276399,50.231087259950002]}},
{"type":"Feature","properties":{"X":19.722280357300001,"Y":50.110527331500002,"aktualnosc":null,"Name":"Płaskuła","wysokosc":null,"LINK":"<a href=\"\" target=\"_blank\"></a>","TOPO":null,"rejon":null,"wojewodztwo":"małopolskie","powiat":"krakowski","gmina":null,"nazwaOboczna":null,"foto":null,"KAT":"Skała","skaloplan":null},"geometry":{"type":"Point","coordinates":[19.722280357300001,50.110527331500002]}},
{"type":"Feature","properties":{"X":19.7087534770857,"Y":50.230744708446203,"aktualnosc":"2024","Name":"Łopatka","wysokosc":null,"LINK":"<a href=\"\" target=\"_blank\"></a>","TOPO":"https://topo.wspinka.org/rejony/jura/jura-krakowska/dolina-raclawki/rogozowe-skaly","rejon":"Przeginia (Rogożowe)","wojewodztwo":"małopolskie","powiat":"krakowski","gmina":"Jerzmanowice-Przeginia (gm. wiejska)","nazwaOboczna":null,"foto":null,"KAT":"Skała","skaloplan":null},"geometry":{"type":"Point","coordinates":[19.7087534770857,50.230744708446203]}},
{"type":"Feature","properties":{"X":19.802483915300002,"Y":50.095662865599998,"aktualnosc":null,"Name":"Skała Nad Jackiem","wysokosc":null,"LINK":"<a href=\"\" target=\"_blank\"></a>","TOPO":null,"rejon":null,"wojewodztwo":"małopolskie","powiat":"krakowski","gmina":null,"nazwaOboczna":null,"foto":null,"KAT":"Skała","skaloplan":null},"geometry":{"type":"Point","coordinates":[19.802483915300002,50.095662865599998]}},
{"type":"Feature","properties":{"X":19.707823198825601,"Y":50.2305703664167,"aktualnosc":"2024","Name":"Rogożowa Turnia","wysokosc":null,"LINK":"<a href=\"\" target=\"_blank\"></a>","TOPO":"https://topo.wspinka.org/rejony/jura/jura-krakowska/dolina-raclawki/rogozowe-skaly","rejon":"Przeginia (Rogożowe)","wojewodztwo":"małopolskie","powiat":"krakowski","gmina":"Jerzmanowice-Przeginia (gm. wiejska)","nazwaOboczna":null,"foto":null,"KAT":"Skała","skaloplan":null},"geometry":{"type":"Point","coordinates":[19.707823198825601,50.2305703664167]}},
{"type":"Feature","properties":{"X":19.70892104604,"Y":50.2317225964306,"aktualnosc":"2024","Name":"Przegińska Skała","wysokosc":null,"LINK":"<a href=\"\" target=\"_blank\"></a>","TOPO":"https://topo.wspinka.org/rejony/jura/jura-krakowska/dolina-raclawki/rogozowe-skaly","rejon":"Przeginia (Rogożowe)","wojewodztwo":"małopolskie","powiat":"krakowski","gmina":"Jerzmanowice-Przeginia (gm. wiejska)","nazwaOboczna":null,"foto":null,"KAT":"Skała","skaloplan":null},"geometry":{"type":"Point","coordinates":[19.70892104604,50.2317225964306]}},
{"type":"Feature","properties":{"X":19.7423997854,"Y":50.262610910799999,"aktualnosc":null,"Name":"Poganowe Skały","wysokosc":null,"LINK":"<a href=\"\" target=\"_blank\"></a>","TOPO":null,"rejon":null,"wojewodztwo":"małopolskie","powiat":"krakowski","gmina":null,"nazwaOboczna":null,"foto":null,"KAT":"Skała","skaloplan":null},"geometry":{"type":"Point","coordinates":[19.7423997854,50.262610910799999]}},
{"type":"Feature","properties":{"X":19.743302829099999,"Y":50.2625342467,"aktualnosc":null,"Name":"Poganowe Skały","wysokosc":null,"LINK":"<a href=\"\" target=\"_blank\"></a>","TOPO":null,"rejon":null,"wojewodztwo":"małopolskie","powiat":"krakowski","gmina":null,"nazwaOboczna":null,"foto":null,"KAT":"Skała","skaloplan":null},"geometry":{"type":"Point","coordinates":[19.743302829099999,50.2625342467]}},
{"type":"Feature","properties":{"X":19.7429670605,"Y":50.262566082,"aktualnosc":null,"Name":"Poganowe Skały","wysokosc":null,"LINK":"<a href=\"\" target=\"_blank\"></a>","TOPO":null,"rejon":null,"wojewodztwo":"małopolskie","powiat":"krakowski","gmina":null,"nazwaOboczna":null,"foto":null,"KAT":"Skała","skaloplan":null},"geometry":{"type":"Point","coordinates":[19.7429670605,50.262566082]}},
{"type":"Feature","properties":{"X":19.742544255599999,"Y":50.2625784102,"aktualnosc":null,"Name":"Poganowe Skały","wysokosc":null,"LINK":"<a href=\"\" target=\"_blank\"></a>","TOPO":null,"rejon":null,"wojewodztwo":"małopolskie","powiat":"krakowski","gmina":null,"nazwaOboczna":null,"foto":null,"KAT":"Skała","skaloplan":null},"geometry":{"type":"Point","coordinates":[19.742544255599999,50.2625784102]}},
{"type":"Feature","properties":{"X":19.742261514300001,"Y":50.2626539874,"aktualnosc":null,"Name":"Poganowe Skały","wysokosc":null,"LINK":"<a href=\"\" target=\"_blank\"></a>","TOPO":null,"rejon":null,"wojewodztwo":"małopolskie","powiat":"krakowski","gmina":null,"nazwaOboczna":null,"foto":null,"KAT":"Skała","skaloplan":null},"geometry":{"type":"Point","coordinates":[19.742261514300001,50.2626539874]}},
{"type":"Feature","properties":{"X":19.742257109400001,"Y":50.262749828099999,"aktualnosc":null,"Name":"Poganowe Skały","wysokosc":null,"LINK":"<a href=\"\" target=\"_blank\"></a>","TOPO":null,"rejon":null,"wojewodztwo":"małopolskie","powiat":"krakowski","gmina":null,"nazwaOboczna":null,"foto":null,"KAT":"Skała","skaloplan":null},"geometry":{"type":"Point","coordinates":[19.742257109400001,50.262749828099999]}},
{"type":"Feature","properties":{"X":19.741930011400001,"Y":50.262861133800001,"aktualnosc":null,"Name":"Poganowe Skały","wysokosc":null,"LINK":"<a href=\"\" target=\"_blank\"></a>","TOPO":null,"rejon":null,"wojewodztwo":"małopolskie","powiat":"krakowski","gmina":null,"nazwaOboczna":null,"foto":null,"KAT":"Skała","skaloplan":null},"geometry":{"type":"Point","coordinates":[19.741930011400001,50.262861133800001]}},
{"type":"Feature","properties":{"X":19.742178642900001,"Y":50.263182430100002,"aktualnosc":null,"Name":"Poganowe Skały","wysokosc":null,"LINK":"<a href=\"\" target=\"_blank\"></a>","TOPO":null,"rejon":null,"wojewodztwo":"małopolskie","powiat":"krakowski","gmina":null,"nazwaOboczna":null,"foto":null,"KAT":"Skała","skaloplan":null},"geometry":{"type":"Point","coordinates":[19.742178642900001,50.263182430100002]}},
{"type":"Feature","properties":{"X":19.6963508467,"Y":50.104925053700001,"aktualnosc":null,"Name":"Kubincowa Baszta","wysokosc":null,"LINK":"<a href=\"\" target=\"_blank\"></a>","TOPO":null,"rejon":null,"wojewodztwo":"małopolskie","powiat":"krakowski","gmina":null,"nazwaOboczna":null,"foto":null,"KAT":"Skała","skaloplan":null},"geometry":{"type":"Point","coordinates":[19.6963508467,50.104925053700001]}},
{"type":"Feature","properties":{"X":19.811536435800001,"Y":50.100691566999998,"aktualnosc":null,"Name":"Skała Kmity","wysokosc":null,"LINK":"<a href=\"\" target=\"_blank\"></a>","TOPO":null,"rejon":null,"wojewodztwo":"małopolskie","powiat":"krakowski","gmina":null,"nazwaOboczna":null,"foto":null,"KAT":"Skała","skaloplan":null},"geometry":{"type":"Point","coordinates":[19.811536435800001,50.100691567]}},
{"type":"Feature","properties":{"X":19.696782149099999,"Y":50.105149902999997,"aktualnosc":null,"Name":"Kubincowa Skała","wysokosc":null,"LINK":"<a href=\"\" target=\"_blank\"></a>","TOPO":null,"rejon":null,"wojewodztwo":"małopolskie","powiat":"krakowski","gmina":null,"nazwaOboczna":null,"foto":null,"KAT":"Skała","skaloplan":null},"geometry":{"type":"Point","coordinates":[19.696782149099999,50.105149903]}},
{"type":"Feature","properties":{"X":19.696884395200001,"Y":50.105004712300001,"aktualnosc":null,"Name":"Kubinka","wysokosc":null,"LINK":"<a href=\"\" target=\"_blank\"></a>","TOPO":null,"rejon":null,"wojewodztwo":"małopolskie","powiat":"krakowski","gmina":null,"nazwaOboczna":null,"foto":null,"KAT":"Skała","skaloplan":null},"geometry":{"type":"Point","coordinates":[19.696884395200001,50.105004712300001]}},
{"type":"Feature","properties":{"X":19.6963160914,"Y":50.105267946799998,"aktualnosc":null,"Name":"Kubincowa Igła","wysokosc":null,"LINK":"<a href=\"\" target=\"_blank\"></a>","TOPO":null,"rejon":null,"wojewodztwo":"małopolskie","powiat":"krakowski","gmina":null,"nazwaOboczna":null,"foto":null,"KAT":"Skała","skaloplan":null},"geometry":{"type":"Point","coordinates":[19.6963160914,50.105267946799998]}},
{"type":"Feature","properties":{"X":19.699013693034502,"Y":50.232162327048698,"aktualnosc":null,"Name":"Skotnicowa","wysokosc":"12","LINK":"<a href=\"\" target=\"_blank\"></a>","TOPO":null,"rejon":"Przeginia","wojewodztwo":"małopolskie","powiat":"krakowski","gmina":"Jerzmanowice-Przeginia (gm. wiejska)","nazwaOboczna":null,"foto":null,"KAT":"Skała","skaloplan":null},"geometry":{"type":"Point","coordinates":[19.699013693034502,50.232162327048698]}},
{"type":"Feature","properties":{"X":19.697114100299999,"Y":50.1023652282,"aktualnosc":null,"Name":"Skała na Dębowej Górze","wysokosc":null,"LINK":"<a href=\"\" target=\"_blank\"></a>","TOPO":null,"rejon":null,"wojewodztwo":"małopolskie","powiat":"krakowski","gmina":null,"nazwaOboczna":null,"foto":null,"KAT":"Skała","skaloplan":null},"geometry":{"type":"Point","coordinates":[19.697114100299999,50.1023652282]}},
{"type":"Feature","properties":{"X":19.741892168900002,"Y":50.263406472200003,"aktualnosc":null,"Name":"Poganowe Skały","wysokosc":null,"LINK":"<a href=\"\" target=\"_blank\"></a>","TOPO":null,"rejon":null,"wojewodztwo":"małopolskie","powiat":"krakowski","gmina":null,"nazwaOboczna":null,"foto":null,"KAT":"Skała","skaloplan":null},"geometry":{"type":"Point","coordinates":[19.741892168900002,50.263406472200003]}},
{"type":"Feature","properties":{"X":19.742077631400001,"Y":50.263419682600002,"aktualnosc":null,"Name":"Poganowe Skały","wysokosc":null,"LINK":"<a href=\"\" target=\"_blank\"></a>","TOPO":null,"rejon":null,"wojewodztwo":"małopolskie","powiat":"krakowski","gmina":null,"nazwaOboczna":null,"foto":null,"KAT":"Skała","skaloplan":null},"geometry":{"type":"Point","coordinates":[19.742077631400001,50.263419682600002]}},
{"type":"Feature","properties":{"X":19.742797857,"Y":50.263598070299999,"aktualnosc":null,"Name":"Poganowe Skały","wysokosc":null,"LINK":"<a href=\"\" target=\"_blank\"></a>","TOPO":null,"rejon":null,"wojewodztwo":"małopolskie","powiat":"krakowski","gmina":null,"nazwaOboczna":null,"foto":null,"KAT":"Skała","skaloplan":null},"geometry":{"type":"Point","coordinates":[19.742797857,50.263598070299999]}},
{"type":"Feature","properties":{"X":19.742711146600001,"Y":50.263599614,"aktualnosc":null,"Name":"Poganowe Skały","wysokosc":null,"LINK":"<a href=\"\" target=\"_blank\"></a>","TOPO":null,"rejon":null,"wojewodztwo":"małopolskie","powiat":"krakowski","gmina":null,"nazwaOboczna":null,"foto":null,"KAT":"Skała","skaloplan":null},"geometry":{"type":"Point","coordinates":[19.742711146600001,50.263599614]}},
{"type":"Feature","properties":{"X":19.689644822799998,"Y":50.109177964700002,"aktualnosc":null,"Name":"Ratówki","wysokosc":null,"LINK":"<a href=\"\" target=\"_blank\"></a>","TOPO":null,"rejon":null,"wojewodztwo":"małopolskie","powiat":"krakowski","gmina":null,"nazwaOboczna":null,"foto":null,"KAT":"Skała","skaloplan":null},"geometry":{"type":"Point","coordinates":[19.689644822799998,50.109177964700002]}},
{"type":"Feature","properties":{"X":19.705617911200001,"Y":50.099554116,"aktualnosc":null,"Name":"Kamyk","wysokosc":null,"LINK":"<a href=\"\" target=\"_blank\"></a>","TOPO":null,"rejon":null,"wojewodztwo":"małopolskie","powiat":"krakowski","gmina":null,"nazwaOboczna":null,"foto":null,"KAT":"Skała","skaloplan":null},"geometry":{"type":"Point","coordinates":[19.705617911200001,50.099554116]}},
{"type":"Feature","properties":{"X":19.742350147300002,"Y":50.263643034200001,"aktualnosc":null,"Name":"Poganowe Skały","wysokosc":null,"LINK":"<a href=\"\" target=\"_blank\"></a>","TOPO":null,"rejon":null,"wojewodztwo":"małopolskie","powiat":"krakowski","gmina":null,"nazwaOboczna":null,"foto":null,"KAT":"Skała","skaloplan":null},"geometry":{"type":"Point","coordinates":[19.742350147300002,50.263643034200001]}},
{"type":"Feature","properties":{"X":19.7422389145,"Y":50.263701232099997,"aktualnosc":null,"Name":"Poganowe Skały","wysokosc":null,"LINK":"<a href=\"\" target=\"_blank\"></a>","TOPO":null,"rejon":null,"wojewodztwo":"małopolskie","powiat":"krakowski","gmina":null,"nazwaOboczna":null,"foto":null,"KAT":"Skała","skaloplan":null},"geometry":{"type":"Point","coordinates":[19.7422389145,50.263701232099997]}},
{"type":"Feature","properties":{"X":19.743260340199999,"Y":50.263735908599998,"aktualnosc":null,"Name":"Poganowe Skały","wysokosc":null,"LINK":"<a href=\"\" target=\"_blank\"></a>","TOPO":null,"rejon":null,"wojewodztwo":"małopolskie","powiat":"krakowski","gmina":null,"nazwaOboczna":null,"foto":null,"KAT":"Skała","skaloplan":null},"geometry":{"type":"Point","coordinates":[19.743260340199999,50.263735908599998]}},
{"type":"Feature","properties":{"X":19.614967856700002,"Y":50.117439979799997,"aktualnosc":null,"Name":"Skała pod Sosnami","wysokosc":null,"LINK":"<a href=\"\" target=\"_blank\"></a>","TOPO":null,"rejon":null,"wojewodztwo":"małopolskie","powiat":"krakowski","gmina":null,"nazwaOboczna":null,"foto":null,"KAT":"Skała","skaloplan":null},"geometry":{"type":"Point","coordinates":[19.614967856700002,50.117439979799997]}},
{"type":"Feature","properties":{"X":19.706298287399999,"Y":50.105427622500002,"aktualnosc":null,"Name":"Skała z Krzyżem","wysokosc":null,"LINK":"<a href=\"\" target=\"_blank\"></a>","TOPO":null,"rejon":null,"wojewodztwo":"małopolskie","powiat":"krakowski","gmina":null,"nazwaOboczna":null,"foto":null,"KAT":"Skała","skaloplan":null},"geometry":{"type":"Point","coordinates":[19.706298287399999,50.105427622500002]}},
{"type":"Feature","properties":{"X":19.601626422799999,"Y":50.003757085799997,"aktualnosc":null,"Name":"Czubatka","wysokosc":null,"LINK":"<a href=\"\" target=\"_blank\"></a>","TOPO":null,"rejon":null,"wojewodztwo":"małopolskie","powiat":"krakowski","gmina":null,"nazwaOboczna":null,"foto":null,"KAT":"Skała","skaloplan":null},"geometry":{"type":"Point","coordinates":[19.601626422799999,50.003757085799997]}},
{"type":"Feature","properties":{"X":19.599471885500002,"Y":50.002635175499996,"aktualnosc":null,"Name":"Mlecz","wysokosc":null,"LINK":"<a href=\"\" target=\"_blank\"></a>","TOPO":null,"rejon":null,"wojewodztwo":"małopolskie","powiat":"krakowski","gmina":null,"nazwaOboczna":null,"foto":null,"KAT":"Skała","skaloplan":null},"geometry":{"type":"Point","coordinates":[19.599471885500002,50.002635175499996]}},
{"type":"Feature","properties":{"X":19.640701892100001,"Y":50.098088688300003,"aktualnosc":null,"Name":"Diabełkowa Skałka","wysokosc":null,"LINK":"<a href=\"\" target=\"_blank\"></a>","TOPO":null,"rejon":null,"wojewodztwo":"małopolskie","powiat":"krakowski","gmina":null,"nazwaOboczna":null,"foto":null,"KAT":"Skała","skaloplan":null},"geometry":{"type":"Point","coordinates":[19.640701892100001,50.098088688300003]}},
{"type":"Feature","properties":{"X":19.804140827400001,"Y":50.180231227900002,"aktualnosc":null,"Name":"Dziurawiec","wysokosc":null,"LINK":"<a href=\"\" target=\"_blank\"></a>","TOPO":null,"rejon":null,"wojewodztwo":"małopolskie","powiat":"krakowski","gmina":"Wielka Wieś-gmina wiejska","nazwaOboczna":null,"foto":null,"KAT":"Skała","skaloplan":null},"geometry":{"type":"Point","coordinates":[19.804140827400001,50.180231227900002]}},
{"type":"Feature","properties":{"X":19.7738983122,"Y":50.191267271400001,"aktualnosc":null,"Name":"Stumilowy Kras","wysokosc":null,"LINK":"<a href=\"\" target=\"_blank\"></a>","TOPO":null,"rejon":null,"wojewodztwo":"małopolskie","powiat":"krakowski","gmina":"Wielka Wieś-gmina wiejska","nazwaOboczna":null,"foto":null,"KAT":"Skała","skaloplan":null},"geometry":{"type":"Point","coordinates":[19.7738983122,50.191267271400001]}},
{"type":"Feature","properties":{"X":19.779913313057001,"Y":50.1866192362832,"aktualnosc":null,"Name":"Klin","wysokosc":null,"LINK":"<a href=\"\" target=\"_blank\"></a>","TOPO":null,"rejon":null,"wojewodztwo":"małopolskie","powiat":"krakowski","gmina":"Wielka Wieś-gmina wiejska","nazwaOboczna":null,"foto":null,"KAT":"Skała","skaloplan":null},"geometry":{"type":"Point","coordinates":[19.779913313057001,50.1866192362832]}},
{"type":"Feature","properties":{"X":19.804850898400002,"Y":50.180808302300001,"aktualnosc":null,"Name":"Dziurawiec","wysokosc":null,"LINK":"<a href=\"\" target=\"_blank\"></a>","TOPO":null,"rejon":null,"wojewodztwo":"małopolskie","powiat":"krakowski","gmina":"Wielka Wieś-gmina wiejska","nazwaOboczna":null,"foto":null,"KAT":"Skała","skaloplan":null},"geometry":{"type":"Point","coordinates":[19.804850898400002,50.180808302300001]}},
{"type":"Feature","properties":{"X":19.7536253313,"Y":50.185124868000003,"aktualnosc":null,"Name":"Zbędowa Skała","wysokosc":null,"LINK":"<a href=\"\" target=\"_blank\"></a>","TOPO":null,"rejon":null,"wojewodztwo":"małopolskie","powiat":"krakowski","gmina":"Jerzmanowice-Przeginia (gm. wiejska)","nazwaOboczna":null,"foto":null,"KAT":"Skała","skaloplan":null},"geometry":{"type":"Point","coordinates":[19.7536253313,50.185124868]}},
{"type":"Feature","properties":{"X":19.7832077216,"Y":50.193007998100001,"aktualnosc":null,"Name":"Tomaszówki Górne","wysokosc":null,"LINK":"<a href=\"\" target=\"_blank\"></a>","TOPO":null,"rejon":null,"wojewodztwo":"małopolskie","powiat":"krakowski","gmina":"Wielka Wieś-gmina wiejska","nazwaOboczna":null,"foto":null,"KAT":"Skała","skaloplan":null},"geometry":{"type":"Point","coordinates":[19.7832077216,50.193007998100001]}},
{"type":"Feature","properties":{"X":19.7834981367,"Y":50.1979739055,"aktualnosc":"2024","Name":"Psiklatka","wysokosc":"20","LINK":"<a href=\"https://topo.wspinka.org/dolina-bedkowska/psiklatka\" target=\"_blank\">LINK</a>","TOPO":null,"rejon":"Dolina Będkowska, część północna.","wojewodztwo":"małopolskie","powiat":"krakowski","gmina":"Jerzmanowice-Przeginia (gm. wiejska)","nazwaOboczna":null,"foto":null,"KAT":"Skała","skaloplan":null},"geometry":{"type":"Point","coordinates":[19.7834981367,50.1979739055]}},
{"type":"Feature","properties":{"X":19.794200894199999,"Y":50.015111841600003,"aktualnosc":null,"Name":"Skała Okrążek","wysokosc":null,"LINK":"<a href=\"\" target=\"_blank\"></a>","TOPO":null,"rejon":null,"wojewodztwo":null,"powiat":null,"gmina":null,"nazwaOboczna":null,"foto":null,"KAT":"Skała","skaloplan":null},"geometry":{"type":"Point","coordinates":[19.794200894199999,50.015111841600003]}},
{"type":"Feature","properties":{"X":19.718883981699999,"Y":50.198588076900002,"aktualnosc":null,"Name":"Fujarki","wysokosc":null,"LINK":"<a href=\"\" target=\"_blank\"></a>","TOPO":null,"rejon":null,"wojewodztwo":"małopolskie","powiat":"krakowski","gmina":"Jerzmanowice-Przeginia (gm. wiejska)","nazwaOboczna":null,"foto":null,"KAT":"Skała","skaloplan":null},"geometry":{"type":"Point","coordinates":[19.718883981699999,50.198588076900002]}},
{"type":"Feature","properties":{"X":19.7171634744,"Y":50.192912604999997,"aktualnosc":null,"Name":"Lisia Jama","wysokosc":null,"LINK":"<a href=\"\" target=\"_blank\"></a>","TOPO":null,"rejon":null,"wojewodztwo":"małopolskie","powiat":"krakowski","gmina":"Jerzmanowice-Przeginia (gm. wiejska)","nazwaOboczna":null,"foto":null,"KAT":"Skała","skaloplan":null},"geometry":{"type":"Point","coordinates":[19.7171634744,50.192912605]}},
{"type":"Feature","properties":{"X":19.734465569800001,"Y":50.199398639400002,"aktualnosc":null,"Name":"Leśna Turnia","wysokosc":null,"LINK":"<a href=\"\" target=\"_blank\"></a>","TOPO":null,"rejon":null,"wojewodztwo":"małopolskie","powiat":"krakowski","gmina":"Jerzmanowice-Przeginia (gm. wiejska)","nazwaOboczna":null,"foto":null,"KAT":"Skała","skaloplan":null},"geometry":{"type":"Point","coordinates":[19.734465569800001,50.199398639400002]}},
{"type":"Feature","properties":{"X":19.7188011637,"Y":50.198841033199997,"aktualnosc":null,"Name":"Mur Ogrodników","wysokosc":null,"LINK":"<a href=\"\" target=\"_blank\"></a>","TOPO":null,"rejon":null,"wojewodztwo":"małopolskie","powiat":"krakowski","gmina":"Jerzmanowice-Przeginia (gm. wiejska)","nazwaOboczna":null,"foto":null,"KAT":"Skała","skaloplan":null},"geometry":{"type":"Point","coordinates":[19.7188011637,50.198841033199997]}},
{"type":"Feature","properties":{"X":19.741399379000001,"Y":50.203212510100002,"aktualnosc":null,"Name":"Dębiny","wysokosc":null,"LINK":"<a href=\"\" target=\"_blank\"></a>","TOPO":null,"rejon":null,"wojewodztwo":"małopolskie","powiat":"krakowski","gmina":"Jerzmanowice-Przeginia (gm. wiejska)","nazwaOboczna":null,"foto":null,"KAT":"Skała","skaloplan":null},"geometry":{"type":"Point","coordinates":[19.741399379,50.203212510100002]}},
{"type":"Feature","properties":{"X":19.691867367499999,"Y":50.196775113999998,"aktualnosc":null,"Name":"Skała Markowa","wysokosc":null,"LINK":"<a href=\"\" target=\"_blank\"></a>","TOPO":null,"rejon":null,"wojewodztwo":"małopolskie","powiat":"krakowski","gmina":"Jerzmanowice-Przeginia (gm. wiejska)","nazwaOboczna":null,"foto":null,"KAT":"Skała","skaloplan":null},"geometry":{"type":"Point","coordinates":[19.691867367499999,50.196775114]}},
{"type":"Feature","properties":{"X":19.694323923027198,"Y":50.221596471978202,"aktualnosc":null,"Name":"Kapka","wysokosc":null,"LINK":"<a href=\"\" target=\"_blank\"></a>","TOPO":null,"rejon":null,"wojewodztwo":"małopolskie","powiat":"krakowski","gmina":"Jerzmanowice-Przeginia (gm. wiejska)","nazwaOboczna":null,"foto":null,"KAT":"Skała","skaloplan":null},"geometry":{"type":"Point","coordinates":[19.694323923027198,50.221596471978202]}},
{"type":"Feature","properties":{"X":19.674070391899999,"Y":50.174957331999998,"aktualnosc":null,"Name":"Bażana","wysokosc":null,"LINK":"<a href=\"\" target=\"_blank\"></a>","TOPO":null,"rejon":null,"wojewodztwo":"małopolskie","powiat":"krakowski","gmina":null,"nazwaOboczna":null,"foto":null,"KAT":"Skała","skaloplan":null},"geometry":{"type":"Point","coordinates":[19.674070391899999,50.174957332]}},
{"type":"Feature","properties":{"X":19.7440464978284,"Y":50.174808325208502,"aktualnosc":null,"Name":"Iglica","wysokosc":null,"LINK":"<a href=\"\" target=\"_blank\"></a>","TOPO":null,"rejon":null,"wojewodztwo":"małopolskie","powiat":"krakowski","gmina":"Wielka Wieś-gmina wiejska","nazwaOboczna":null,"foto":null,"KAT":"Skała","skaloplan":null},"geometry":{"type":"Point","coordinates":[19.7440464978284,50.174808325208502]}},
{"type":"Feature","properties":{"X":19.742907029153699,"Y":50.175981172643603,"aktualnosc":"2024","Name":"Płyta Sasa i Ściana Luster","wysokosc":"25","LINK":"<a href=\"https://topo.wspinka.org/grupa-bedkowskiej-baszty/bedkowska-baszta-dupa-slonia\" target=\"_blank\">LINK</a>","TOPO":"https://topo.wspinka.org/sites/default/files/foto/inline/bedkowska_baszta1-topo.jpg","rejon":"Dolina Będkowska | Dupa Słonia","wojewodztwo":"małopolskie","powiat":"krakowski","gmina":"Jerzmanowice-Przeginia (gm. wiejska)","nazwaOboczna":null,"foto":null,"KAT":"Skała","skaloplan":null},"geometry":{"type":"Point","coordinates":[19.742907029153699,50.175981172643603]}},
{"type":"Feature","properties":{"X":19.728702124000002,"Y":50.204235863000001,"aktualnosc":null,"Name":"Przełaz","wysokosc":null,"LINK":"<a href=\"\" target=\"_blank\"></a>","TOPO":null,"rejon":null,"wojewodztwo":"małopolskie","powiat":"krakowski","gmina":"Jerzmanowice-Przeginia (gm. wiejska)","nazwaOboczna":null,"foto":null,"KAT":"Skała","skaloplan":null},"geometry":{"type":"Point","coordinates":[19.728702124,50.204235863]}},
{"type":"Feature","properties":{"X":19.7129836688,"Y":50.184875054300001,"aktualnosc":null,"Name":"Kozłowe Skały","wysokosc":null,"LINK":"<a href=\"\" target=\"_blank\"></a>","TOPO":null,"rejon":null,"wojewodztwo":"małopolskie","powiat":"krakowski","gmina":"Jerzmanowice-Przeginia (gm. wiejska)","nazwaOboczna":null,"foto":null,"KAT":"Skała","skaloplan":null},"geometry":{"type":"Point","coordinates":[19.7129836688,50.184875054300001]}},
{"type":"Feature","properties":{"X":19.748653508,"Y":50.177529565599997,"aktualnosc":null,"Name":"Czarci Korytarz","wysokosc":null,"LINK":"<a href=\"\" target=\"_blank\"></a>","TOPO":null,"rejon":null,"wojewodztwo":"małopolskie","powiat":"krakowski","gmina":"Wielka Wieś-gmina wiejska","nazwaOboczna":null,"foto":null,"KAT":"Skała","skaloplan":null},"geometry":{"type":"Point","coordinates":[19.748653508,50.177529565599997]}},
{"type":"Feature","properties":{"X":19.716009336799999,"Y":50.200908950699997,"aktualnosc":null,"Name":"Cisówki","wysokosc":null,"LINK":"<a href=\"\" target=\"_blank\"></a>","TOPO":null,"rejon":null,"wojewodztwo":"małopolskie","powiat":"krakowski","gmina":"Jerzmanowice-Przeginia (gm. wiejska)","nazwaOboczna":null,"foto":null,"KAT":"Skała","skaloplan":null},"geometry":{"type":"Point","coordinates":[19.716009336799999,50.200908950699997]}},
{"type":"Feature","properties":{"X":19.745658863599999,"Y":50.178261533099999,"aktualnosc":null,"Name":"Skała z Bluszczem","wysokosc":"18","LINK":"<a href=\"\" target=\"_blank\"></a>","TOPO":null,"rejon":null,"wojewodztwo":"małopolskie","powiat":"krakowski","gmina":"Jerzmanowice-Przeginia (gm. wiejska)","nazwaOboczna":null,"foto":null,"KAT":"Skała","skaloplan":null},"geometry":{"type":"Point","coordinates":[19.745658863599999,50.178261533099999]}},
{"type":"Feature","properties":{"X":19.7424627812,"Y":50.175490258499998,"aktualnosc":null,"Name":"Dupeczka","wysokosc":"14","LINK":"<a href=\"https://topo.wspinka.org/grupa-bedkowskiej-baszty/dupeczka\" target=\"_blank\">LINK</a>","TOPO":null,"rejon":"Dolina Będkowska | Dupa Słonia","wojewodztwo":"małopolskie","powiat":"krakowski","gmina":"Wielka Wieś-gmina wiejska","nazwaOboczna":null,"foto":null,"KAT":"Skała","skaloplan":null},"geometry":{"type":"Point","coordinates":[19.7424627812,50.175490258499998]}},
{"type":"Feature","properties":{"X":19.711646143700001,"Y":50.189166800400002,"aktualnosc":null,"Name":"Kręta","wysokosc":null,"LINK":"<a href=\"\" target=\"_blank\"></a>","TOPO":null,"rejon":null,"wojewodztwo":"małopolskie","powiat":"krakowski","gmina":"Jerzmanowice-Przeginia (gm. wiejska)","nazwaOboczna":null,"foto":null,"KAT":"Skała","skaloplan":null},"geometry":{"type":"Point","coordinates":[19.711646143700001,50.189166800400002]}},
{"type":"Feature","properties":{"X":19.711387027200001,"Y":50.189174955,"aktualnosc":null,"Name":"Kręta Baszta","wysokosc":null,"LINK":"<a href=\"\" target=\"_blank\"></a>","TOPO":null,"rejon":null,"wojewodztwo":"małopolskie","powiat":"krakowski","gmina":"Jerzmanowice-Przeginia (gm. wiejska)","nazwaOboczna":null,"foto":null,"KAT":"Skała","skaloplan":null},"geometry":{"type":"Point","coordinates":[19.711387027200001,50.189174955]}},
{"type":"Feature","properties":{"X":19.743042318326399,"Y":50.1761624922461,"aktualnosc":null,"Name":"Turnia Lipczyńskiej","wysokosc":"25","LINK":"<a href=\"https://topo.wspinka.org/grupa-bedkowskiej-baszty/bedkowska-baszta-dupa-slonia\" target=\"_blank\">LINK</a>","TOPO":"<a href=\"./Skaly/36/Dupa_Slonia/T-Bedkowska_Babka.pdf\" target=\"_blank\">TOPO</a>","rejon":"Dolina Będkowska | Dupa Słonia","wojewodztwo":"małopolskie","powiat":"krakowski","gmina":"Jerzmanowice-Przeginia (gm. wiejska)","nazwaOboczna":null,"foto":null,"KAT":"Skała","skaloplan":null},"geometry":{"type":"Point","coordinates":[19.743042318326399,50.1761624922461]}},
{"type":"Feature","properties":{"X":19.683701724900001,"Y":50.196987823100002,"aktualnosc":null,"Name":"Racuch","wysokosc":null,"LINK":"<a href=\"\" target=\"_blank\"></a>","TOPO":null,"rejon":null,"wojewodztwo":"małopolskie","powiat":"krakowski","gmina":"Jerzmanowice-Przeginia (gm. wiejska)","nazwaOboczna":"Kościelniakowa Skała","foto":null,"KAT":"Skała","skaloplan":null},"geometry":{"type":"Point","coordinates":[19.683701724900001,50.196987823100002]}},
{"type":"Feature","properties":{"X":19.583120794400202,"Y":50.162501338837899,"aktualnosc":null,"Name":"Skała Pipkowa (Kubowa)","wysokosc":"12","LINK":"<a href=\"\" target=\"_blank\"></a>","TOPO":null,"rejon":"Dolina Kamienic","wojewodztwo":"małopolskie","powiat":"krakowski","gmina":"Krzeszowice (gmina miejsko-wiejska)","nazwaOboczna":"Kubowa","foto":null,"KAT":"Skała","skaloplan":null},"geometry":{"type":"Point","coordinates":[19.583120794400202,50.162501338837899]}},
{"type":"Feature","properties":{"X":19.747899598256499,"Y":50.177391099080197,"aktualnosc":null,"Name":"Piekielna Brama","wysokosc":null,"LINK":"<a href=\"\" target=\"_blank\"></a>","TOPO":null,"rejon":null,"wojewodztwo":"małopolskie","powiat":"krakowski","gmina":"Wielka Wieś-gmina wiejska","nazwaOboczna":null,"foto":null,"KAT":"Skała","skaloplan":null},"geometry":{"type":"Point","coordinates":[19.747899598256499,50.177391099080197]}},
{"type":"Feature","properties":{"X":19.719696055,"Y":50.1961648602,"aktualnosc":null,"Name":"Skała Bukowa","wysokosc":null,"LINK":"<a href=\"\" target=\"_blank\"></a>","TOPO":null,"rejon":null,"wojewodztwo":"małopolskie","powiat":"krakowski","gmina":"Jerzmanowice-Przeginia (gm. wiejska)","nazwaOboczna":null,"foto":null,"KAT":"Skała","skaloplan":null},"geometry":{"type":"Point","coordinates":[19.719696055,50.1961648602]}},
{"type":"Feature","properties":{"X":19.746917615800001,"Y":50.176578462499997,"aktualnosc":null,"Name":"Hades","wysokosc":null,"LINK":"<a href=\"\" target=\"_blank\"></a>","TOPO":null,"rejon":null,"wojewodztwo":"małopolskie","powiat":"krakowski","gmina":"Wielka Wieś-gmina wiejska","nazwaOboczna":null,"foto":null,"KAT":"Skała","skaloplan":null},"geometry":{"type":"Point","coordinates":[19.746917615800001,50.176578462499997]}},
{"type":"Feature","properties":{"X":19.726783849699999,"Y":50.2169719774,"aktualnosc":null,"Name":"Łyse Zęby","wysokosc":null,"LINK":"<a href=\"\" target=\"_blank\"></a>","TOPO":null,"rejon":null,"wojewodztwo":"małopolskie","powiat":"krakowski","gmina":"Jerzmanowice-Przeginia (gm. wiejska)","nazwaOboczna":null,"foto":null,"KAT":"Skała","skaloplan":null},"geometry":{"type":"Point","coordinates":[19.726783849699999,50.2169719774]}},
{"type":"Feature","properties":{"X":19.7449328818395,"Y":50.166581184112701,"aktualnosc":null,"Name":"Totem","wysokosc":null,"LINK":"<a href=\"\" target=\"_blank\"></a>","TOPO":null,"rejon":null,"wojewodztwo":"małopolskie","powiat":"krakowski","gmina":"Wielka Wieś-gmina wiejska","nazwaOboczna":null,"foto":null,"KAT":"Skała","skaloplan":null},"geometry":{"type":"Point","coordinates":[19.7449328818395,50.166581184112701]}},
{"type":"Feature","properties":{"X":19.697330647107901,"Y":50.234480344765203,"aktualnosc":null,"Name":"Pilchowa Skała","wysokosc":null,"LINK":"<a href=\"\" target=\"_blank\"></a>","TOPO":null,"rejon":null,"wojewodztwo":"małopolskie","powiat":"krakowski","gmina":"Jerzmanowice-Przeginia (gm. wiejska)","nazwaOboczna":null,"foto":null,"KAT":"Skała","skaloplan":null},"geometry":{"type":"Point","coordinates":[19.697330647107901,50.234480344765203]}},
{"type":"Feature","properties":{"X":19.726054366900001,"Y":50.206589657000002,"aktualnosc":null,"Name":"Dziewczynka","wysokosc":null,"LINK":"<a href=\"\" target=\"_blank\"></a>","TOPO":null,"rejon":null,"wojewodztwo":"małopolskie","powiat":"krakowski","gmina":"Jerzmanowice-Przeginia (gm. wiejska)","nazwaOboczna":null,"foto":null,"KAT":"Skała","skaloplan":null},"geometry":{"type":"Point","coordinates":[19.726054366900001,50.206589657]}},
{"type":"Feature","properties":{"X":19.676125806400002,"Y":50.203613049600001,"aktualnosc":null,"Name":"Juciowa Skała","wysokosc":null,"LINK":"<a href=\"\" target=\"_blank\"></a>","TOPO":null,"rejon":null,"wojewodztwo":"małopolskie","powiat":"krakowski","gmina":"Jerzmanowice-Przeginia (gm. wiejska)","nazwaOboczna":null,"foto":null,"KAT":"Skała","skaloplan":null},"geometry":{"type":"Point","coordinates":[19.676125806400002,50.203613049600001]}},
{"type":"Feature","properties":{"X":19.680607202941999,"Y":50.207264333746203,"aktualnosc":null,"Name":"Srokowa Skała","wysokosc":null,"LINK":"<a href=\"\" target=\"_blank\"></a>","TOPO":null,"rejon":null,"wojewodztwo":"małopolskie","powiat":"krakowski","gmina":"Jerzmanowice-Przeginia (gm. wiejska)","nazwaOboczna":null,"foto":null,"KAT":"Skała","skaloplan":null},"geometry":{"type":"Point","coordinates":[19.680607202941999,50.207264333746203]}},
{"type":"Feature","properties":{"X":19.740446319499998,"Y":50.184298227,"aktualnosc":null,"Name":"Kiszkowa Skałka","wysokosc":null,"LINK":"<a href=\"\" target=\"_blank\"></a>","TOPO":null,"rejon":null,"wojewodztwo":"małopolskie","powiat":"krakowski","gmina":"Jerzmanowice-Przeginia (gm. wiejska)","nazwaOboczna":null,"foto":null,"KAT":"Skała","skaloplan":null},"geometry":{"type":"Point","coordinates":[19.740446319499998,50.184298227]}},
{"type":"Feature","properties":{"X":19.740659916669198,"Y":50.149613380276897,"aktualnosc":null,"Name":"Szeroki Mur","wysokosc":null,"LINK":"<a href=\"\" target=\"_blank\"></a>","TOPO":null,"rejon":"Dolina Będkowska","wojewodztwo":"małopolskie","powiat":"krakowski","gmina":"Zabierzów (gm. wiejska)","nazwaOboczna":"Szeroki Mur","foto":null,"KAT":"Skała","skaloplan":null},"geometry":{"type":"Point","coordinates":[19.740659916669198,50.149613380276897]}},
{"type":"Feature","properties":{"X":19.7449659282026,"Y":50.166527972004097,"aktualnosc":null,"Name":"Cupel","wysokosc":null,"LINK":"<a href=\"\" target=\"_blank\"></a>","TOPO":null,"rejon":null,"wojewodztwo":"małopolskie","powiat":"krakowski","gmina":"Wielka Wieś-gmina wiejska","nazwaOboczna":null,"foto":null,"KAT":"Skała","skaloplan":null},"geometry":{"type":"Point","coordinates":[19.7449659282026,50.166527972004097]}},
{"type":"Feature","properties":{"X":19.748527935186299,"Y":50.177758052363103,"aktualnosc":null,"Name":"Czarci Kamień","wysokosc":null,"LINK":"<a href=\"\" target=\"_blank\"></a>","TOPO":null,"rejon":null,"wojewodztwo":"małopolskie","powiat":"krakowski","gmina":"Wielka Wieś-gmina wiejska","nazwaOboczna":null,"foto":null,"KAT":"Skała","skaloplan":null},"geometry":{"type":"Point","coordinates":[19.748527935186299,50.177758052363103]}},
{"type":"Feature","properties":{"X":19.730845689100001,"Y":50.197188788399998,"aktualnosc":null,"Name":"Parasol","wysokosc":null,"LINK":"<a href=\"\" target=\"_blank\"></a>","TOPO":null,"rejon":null,"wojewodztwo":"małopolskie","powiat":"krakowski","gmina":"Jerzmanowice-Przeginia (gm. wiejska)","nazwaOboczna":null,"foto":null,"KAT":"Skała","skaloplan":null},"geometry":{"type":"Point","coordinates":[19.730845689100001,50.197188788399998]}},
{"type":"Feature","properties":{"X":19.7120856684,"Y":50.1886634472,"aktualnosc":null,"Name":"Torba","wysokosc":null,"LINK":"<a href=\"\" target=\"_blank\"></a>","TOPO":null,"rejon":null,"wojewodztwo":"małopolskie","powiat":"krakowski","gmina":"Jerzmanowice-Przeginia (gm. wiejska)","nazwaOboczna":null,"foto":null,"KAT":"Skała","skaloplan":null},"geometry":{"type":"Point","coordinates":[19.7120856684,50.1886634472]}},
{"type":"Feature","properties":{"X":19.681888621681601,"Y":50.194952096517,"aktualnosc":null,"Name":"Hubikowa Skała","wysokosc":null,"LINK":"<a href=\"\" target=\"_blank\"></a>","TOPO":null,"rejon":null,"wojewodztwo":"małopolskie","powiat":"krakowski","gmina":"Jerzmanowice-Przeginia (gm. wiejska)","nazwaOboczna":null,"foto":null,"KAT":"Skała","skaloplan":null},"geometry":{"type":"Point","coordinates":[19.681888621681601,50.194952096517]}},
{"type":"Feature","properties":{"X":19.7438131580607,"Y":50.175474746028797,"aktualnosc":null,"Name":"Babka","wysokosc":null,"LINK":"<a href=\"https://topo.wspinka.org/grupa-bedkowskiej-baszty/babka\" target=\"_blank\"></a>","TOPO":"<a href=\"./Skaly/36/Dupa_Slonia/T-Bedkowska_Babka.pdf\" target=\"_blank\">TOPO</a>","rejon":"Dolina Będkowska | Dupa Słonia","wojewodztwo":"małopolskie","powiat":"krakowski","gmina":"Jerzmanowice-Przeginia (gm. wiejska)","nazwaOboczna":null,"foto":null,"KAT":"Skała","skaloplan":null},"geometry":{"type":"Point","coordinates":[19.7438131580607,50.175474746028797]}},
{"type":"Feature","properties":{"X":19.744255562100001,"Y":50.174437796399999,"aktualnosc":null,"Name":"Cyrk Cmentarzyska","wysokosc":null,"LINK":"<a href=\"\" target=\"_blank\"></a>","TOPO":null,"rejon":null,"wojewodztwo":"małopolskie","powiat":"krakowski","gmina":"Wielka Wieś-gmina wiejska","nazwaOboczna":null,"foto":null,"KAT":"Skała","skaloplan":null},"geometry":{"type":"Point","coordinates":[19.744255562100001,50.174437796399999]}},
{"type":"Feature","properties":{"X":19.742410699299999,"Y":50.173930387299997,"aktualnosc":null,"Name":"Przydrożna","wysokosc":null,"LINK":"<a href=\"\" target=\"_blank\"></a>","TOPO":null,"rejon":null,"wojewodztwo":"małopolskie","powiat":"krakowski","gmina":"Wielka Wieś-gmina wiejska","nazwaOboczna":null,"foto":null,"KAT":"Skała","skaloplan":null},"geometry":{"type":"Point","coordinates":[19.742410699299999,50.173930387299997]}},
{"type":"Feature","properties":{"X":19.739902449500001,"Y":50.1495115544,"aktualnosc":null,"Name":"Dziadek (Cebulowa Skała)","wysokosc":"18","LINK":"<a href=\"\" target=\"_blank\"></a>","TOPO":null,"rejon":"Dolina Będkowska","wojewodztwo":"małopolskie","powiat":"krakowski","gmina":"Zabierzów (gm. wiejska)","nazwaOboczna":"Cebulowa Skała","foto":null,"KAT":"Skała","skaloplan":null},"geometry":{"type":"Point","coordinates":[19.739902449500001,50.1495115544]}},
{"type":"Feature","properties":{"X":19.749485516699998,"Y":50.250440679699999,"aktualnosc":null,"Name":"Dratwina Skała","wysokosc":null,"LINK":"<a href=\"\" target=\"_blank\"></a>","TOPO":null,"rejon":"Sułoszowa","wojewodztwo":"małopolskie","powiat":"krakowski","gmina":"Sułoszowa","nazwaOboczna":null,"foto":null,"KAT":"Skała","skaloplan":null},"geometry":{"type":"Point","coordinates":[19.749485516699998,50.250440679699999]}},
{"type":"Feature","properties":{"X":19.745013604899999,"Y":50.175440868499997,"aktualnosc":null,"Name":"Igła","wysokosc":null,"LINK":"<a href=\"\" target=\"_blank\"></a>","TOPO":null,"rejon":null,"wojewodztwo":"małopolskie","powiat":"krakowski","gmina":"Wielka Wieś-gmina wiejska","nazwaOboczna":null,"foto":null,"KAT":"Skała","skaloplan":null},"geometry":{"type":"Point","coordinates":[19.745013604899999,50.175440868499997]}},
{"type":"Feature","properties":{"X":19.7482958521413,"Y":50.177082634416202,"aktualnosc":null,"Name":"Grań nad Czarcimi Wrotami","wysokosc":null,"LINK":"<a href=\"\" target=\"_blank\"></a>","TOPO":null,"rejon":null,"wojewodztwo":"małopolskie","powiat":"krakowski","gmina":"Wielka Wieś-gmina wiejska","nazwaOboczna":null,"foto":null,"KAT":"Skała","skaloplan":null},"geometry":{"type":"Point","coordinates":[19.7482958521413,50.177082634416202]}},
{"type":"Feature","properties":{"X":19.743888100700001,"Y":50.159920226200001,"aktualnosc":null,"Name":"Pochyły Pal","wysokosc":null,"LINK":"<a href=\"\" target=\"_blank\"></a>","TOPO":null,"rejon":null,"wojewodztwo":"małopolskie","powiat":"krakowski","gmina":"Wielka Wieś-gmina wiejska","nazwaOboczna":null,"foto":null,"KAT":"Skała","skaloplan":null},"geometry":{"type":"Point","coordinates":[19.743888100700001,50.159920226200001]}},
{"type":"Feature","properties":{"X":19.745353683604201,"Y":50.167526196397702,"aktualnosc":null,"Name":"Sernik","wysokosc":null,"LINK":"<a href=\"\" target=\"_blank\"></a>","TOPO":null,"rejon":null,"wojewodztwo":"małopolskie","powiat":"krakowski","gmina":"Wielka Wieś-gmina wiejska","nazwaOboczna":null,"foto":null,"KAT":"Skała","skaloplan":null},"geometry":{"type":"Point","coordinates":[19.745353683604201,50.167526196397702]}},
{"type":"Feature","properties":{"X":19.711937409400001,"Y":50.188917609800001,"aktualnosc":null,"Name":"Pręgierz","wysokosc":null,"LINK":"<a href=\"\" target=\"_blank\"></a>","TOPO":null,"rejon":null,"wojewodztwo":"małopolskie","powiat":"krakowski","gmina":"Jerzmanowice-Przeginia (gm. wiejska)","nazwaOboczna":null,"foto":null,"KAT":"Skała","skaloplan":null},"geometry":{"type":"Point","coordinates":[19.711937409400001,50.188917609800001]}},
{"type":"Feature","properties":{"X":19.615155218799998,"Y":50.1763369592,"aktualnosc":null,"Name":"Skała Pierwsza","wysokosc":null,"LINK":"<a href=\"\" target=\"_blank\"></a>","TOPO":null,"rejon":null,"wojewodztwo":"małopolskie","powiat":"krakowski","gmina":null,"nazwaOboczna":null,"foto":null,"KAT":"Skała","skaloplan":null},"geometry":{"type":"Point","coordinates":[19.615155218799998,50.1763369592]}},
{"type":"Feature","properties":{"X":19.721055325999998,"Y":50.264983881699997,"aktualnosc":null,"Name":"Skały","wysokosc":null,"LINK":"<a href=\"\" target=\"_blank\"></a>","TOPO":null,"rejon":null,"wojewodztwo":"małopolskie","powiat":"krakowski","gmina":null,"nazwaOboczna":null,"foto":null,"KAT":"Skała","skaloplan":null},"geometry":{"type":"Point","coordinates":[19.721055326,50.264983881699997]}},
{"type":"Feature","properties":{"X":19.7483178839,"Y":50.250584860799997,"aktualnosc":null,"Name":"Dziurawa Skała","wysokosc":null,"LINK":"<a href=\"./Skaly/34/Dziurawa/img/O.jpg\" target=\"_blank\" target=\"_blank\">FOTO</a>","TOPO":null,"rejon":null,"wojewodztwo":"małopolskie","powiat":"krakowski","gmina":null,"nazwaOboczna":null,"foto":null,"KAT":"Skała","skaloplan":null},"geometry":{"type":"Point","coordinates":[19.7483178839,50.250584860799997]}},
{"type":"Feature","properties":{"X":19.7381716447,"Y":50.199303216700002,"aktualnosc":null,"Name":"Janowska Skała","wysokosc":null,"LINK":"<a href=\"\" target=\"_blank\"></a>","TOPO":null,"rejon":null,"wojewodztwo":"małopolskie","powiat":"krakowski","gmina":"Jerzmanowice-Przeginia (gm. wiejska)","nazwaOboczna":null,"foto":null,"KAT":"Skała","skaloplan":null},"geometry":{"type":"Point","coordinates":[19.7381716447,50.199303216700002]}},
{"type":"Feature","properties":{"X":19.747977652630698,"Y":50.168325097371699,"aktualnosc":null,"Name":"Lisi Mur","wysokosc":null,"LINK":"<a href=\"\" target=\"_blank\"></a>","TOPO":null,"rejon":null,"wojewodztwo":"małopolskie","powiat":"krakowski","gmina":"Wielka Wieś-gmina wiejska","nazwaOboczna":null,"foto":null,"KAT":"Skała","skaloplan":null},"geometry":{"type":"Point","coordinates":[19.747977652630698,50.168325097371699]}},
{"type":"Feature","properties":{"X":19.7442040060482,"Y":50.163593578732502,"aktualnosc":null,"Name":"Barykada","wysokosc":null,"LINK":"<a href=\"\" target=\"_blank\"></a>","TOPO":null,"rejon":null,"wojewodztwo":"małopolskie","powiat":"krakowski","gmina":"Wielka Wieś-gmina wiejska","nazwaOboczna":null,"foto":null,"KAT":"Skała","skaloplan":null},"geometry":{"type":"Point","coordinates":[19.7442040060482,50.163593578732502]}},
{"type":"Feature","properties":{"X":19.741304928229301,"Y":50.152275697638402,"aktualnosc":null,"Name":"Rusna Skała","wysokosc":null,"LINK":"<a href=\"\" target=\"_blank\"></a>","TOPO":null,"rejon":null,"wojewodztwo":"małopolskie","powiat":"krakowski","gmina":null,"nazwaOboczna":null,"foto":null,"KAT":"Skała","skaloplan":null},"geometry":{"type":"Point","coordinates":[19.741304928229301,50.152275697638402]}},
{"type":"Feature","properties":{"X":19.7422248101688,"Y":50.167345262874399,"aktualnosc":null,"Name":"Lajkonik","wysokosc":null,"LINK":"<a href=\"\" target=\"_blank\"></a>","TOPO":null,"rejon":null,"wojewodztwo":"małopolskie","powiat":"krakowski","gmina":"Wielka Wieś-gmina wiejska","nazwaOboczna":null,"foto":null,"KAT":"Skała","skaloplan":null},"geometry":{"type":"Point","coordinates":[19.7422248101688,50.167345262874399]}},
{"type":"Feature","properties":{"X":19.748476426100002,"Y":50.177466650900001,"aktualnosc":null,"Name":"Czarci Murek","wysokosc":null,"LINK":"<a href=\"\" target=\"_blank\"></a>","TOPO":null,"rejon":null,"wojewodztwo":"małopolskie","powiat":"krakowski","gmina":"Wielka Wieś-gmina wiejska","nazwaOboczna":null,"foto":null,"KAT":"Skała","skaloplan":null},"geometry":{"type":"Point","coordinates":[19.748476426100002,50.177466650900001]}},
{"type":"Feature","properties":{"X":19.725870264400001,"Y":50.200847219800004,"aktualnosc":null,"Name":"Witkowy Filar","wysokosc":null,"LINK":"<a href=\"\" target=\"_blank\"></a>","TOPO":null,"rejon":null,"wojewodztwo":"małopolskie","powiat":"krakowski","gmina":"Jerzmanowice-Przeginia (gm. wiejska)","nazwaOboczna":null,"foto":null,"KAT":"Skała","skaloplan":null},"geometry":{"type":"Point","coordinates":[19.725870264400001,50.200847219800004]}},
{"type":"Feature","properties":{"X":19.742945570218701,"Y":50.175865950118201,"aktualnosc":null,"Name":"Małpie Ryski","wysokosc":"25","LINK":"<a href=\"https://topo.wspinka.org/grupa-bedkowskiej-baszty/bedkowska-baszta-dupa-slonia\" target=\"_blank\">LINK</a>","TOPO":"<a href=\"./Skaly/36/Dupa_Slonia/T-Bedkowska_Dupa_Slonia.pdf\" target=\"_blank\">TOPO</a>","rejon":"Dolina Będkowska | Dupa Słonia","wojewodztwo":"małopolskie","powiat":"krakowski","gmina":"Jerzmanowice-Przeginia (gm. wiejska)","nazwaOboczna":null,"foto":null,"KAT":"Skała","skaloplan":null},"geometry":{"type":"Point","coordinates":[19.742945570218701,50.175865950118201]}},
{"type":"Feature","properties":{"X":19.738756624005202,"Y":50.152331436258201,"aktualnosc":null,"Name":"Wietrznik","wysokosc":"14","LINK":"<a href=\"\" target=\"_blank\"></a>","TOPO":null,"rejon":"Dolina Będkowska","wojewodztwo":"małopolskie","powiat":"krakowski","gmina":null,"nazwaOboczna":null,"foto":null,"KAT":"Skała","skaloplan":null},"geometry":{"type":"Point","coordinates":[19.738756624005202,50.152331436258201]}},
{"type":"Feature","properties":{"X":19.717128697,"Y":50.158986081000002,"aktualnosc":null,"Name":"Knopówka","wysokosc":null,"LINK":"<a href=\"\" target=\"_blank\"></a>","TOPO":null,"rejon":null,"wojewodztwo":"małopolskie","powiat":"krakowski","gmina":null,"nazwaOboczna":null,"foto":null,"KAT":"Skała","skaloplan":null},"geometry":{"type":"Point","coordinates":[19.717128697,50.158986081]}},
{"type":"Feature","properties":{"X":19.686111626799999,"Y":50.164563769799997,"aktualnosc":null,"Name":"Łom Hrabski","wysokosc":null,"LINK":"<a href=\"\" target=\"_blank\"></a>","TOPO":null,"rejon":null,"wojewodztwo":"małopolskie","powiat":"krakowski","gmina":null,"nazwaOboczna":null,"foto":null,"KAT":"Skała","skaloplan":null},"geometry":{"type":"Point","coordinates":[19.686111626799999,50.164563769799997]}},
{"type":"Feature","properties":{"X":19.579654524673401,"Y":50.147888463088698,"aktualnosc":null,"Name":"Skała Debruska","wysokosc":null,"LINK":"<a href=\"\" target=\"_blank\"></a>","TOPO":null,"rejon":null,"wojewodztwo":"małopolskie","powiat":"krakowski","gmina":null,"nazwaOboczna":null,"foto":null,"KAT":"Skała","skaloplan":null},"geometry":{"type":"Point","coordinates":[19.579654524673401,50.147888463088698]}},
{"type":"Feature","properties":{"X":19.740050759700001,"Y":50.166141350799997,"aktualnosc":null,"Name":"Rybna Płyta","wysokosc":null,"LINK":"<a href=\"\" target=\"_blank\"></a>","TOPO":null,"rejon":null,"wojewodztwo":"małopolskie","powiat":"krakowski","gmina":"Wielka Wieś-gmina wiejska","nazwaOboczna":null,"foto":null,"KAT":"Skała","skaloplan":null},"geometry":{"type":"Point","coordinates":[19.740050759700001,50.166141350799997]}},
{"type":"Feature","properties":{"X":19.742579475226599,"Y":50.165000504686503,"aktualnosc":null,"Name":"Luneta","wysokosc":null,"LINK":"<a href=\"\" target=\"_blank\"></a>","TOPO":null,"rejon":null,"wojewodztwo":"małopolskie","powiat":"krakowski","gmina":"Wielka Wieś-gmina wiejska","nazwaOboczna":null,"foto":null,"KAT":"Skała","skaloplan":null},"geometry":{"type":"Point","coordinates":[19.742579475226599,50.165000504686503]}},
{"type":"Feature","properties":{"X":19.720934220099998,"Y":50.265198838899998,"aktualnosc":null,"Name":"Skały","wysokosc":null,"LINK":"<a href=\"\" target=\"_blank\"></a>","TOPO":null,"rejon":null,"wojewodztwo":"małopolskie","powiat":"krakowski","gmina":null,"nazwaOboczna":null,"foto":null,"KAT":"Skała","skaloplan":null},"geometry":{"type":"Point","coordinates":[19.720934220099998,50.265198838899998]}},
{"type":"Feature","properties":{"X":19.7436925869163,"Y":50.161729759714603,"aktualnosc":null,"Name":"Sucha Baszta","wysokosc":null,"LINK":"<a href=\"\" target=\"_blank\"></a>","TOPO":null,"rejon":null,"wojewodztwo":"małopolskie","powiat":"krakowski","gmina":"Wielka Wieś-gmina wiejska","nazwaOboczna":null,"foto":null,"KAT":"Skała","skaloplan":null},"geometry":{"type":"Point","coordinates":[19.7436925869163,50.161729759714603]}},
{"type":"Feature","properties":{"X":19.743110550966499,"Y":50.1660701081396,"aktualnosc":"2024","Name":"Zjazdowa","wysokosc":"16","LINK":"<a href=\"\" target=\"_blank\"></a>","TOPO":null,"rejon":"Dolina Będkowska | Grupa Bramy Będkowskiej","wojewodztwo":"małopolskie","powiat":"krakowski","gmina":"Wielka Wieś-gmina wiejska","nazwaOboczna":null,"foto":null,"KAT":"Skała","skaloplan":null},"geometry":{"type":"Point","coordinates":[19.743110550966499,50.1660701081396]}},
{"type":"Feature","properties":{"X":19.7430065761768,"Y":50.166254321231101,"aktualnosc":null,"Name":"Rotunda","wysokosc":null,"LINK":"<a href=\"\" target=\"_blank\"></a>","TOPO":null,"rejon":null,"wojewodztwo":"małopolskie","powiat":"krakowski","gmina":"Wielka Wieś-gmina wiejska","nazwaOboczna":null,"foto":null,"KAT":"Skała","skaloplan":null},"geometry":{"type":"Point","coordinates":[19.7430065761768,50.166254321231101]}},
{"type":"Feature","properties":{"X":19.747628107078999,"Y":50.1681897333142,"aktualnosc":null,"Name":"Lisia Baszta Dolna","wysokosc":null,"LINK":"<a href=\"\" target=\"_blank\"></a>","TOPO":null,"rejon":null,"wojewodztwo":"małopolskie","powiat":"krakowski","gmina":"Wielka Wieś-gmina wiejska","nazwaOboczna":null,"foto":null,"KAT":"Skała","skaloplan":null},"geometry":{"type":"Point","coordinates":[19.747628107078999,50.1681897333142]}},
{"type":"Feature","properties":{"X":19.674971380300001,"Y":50.205403417600003,"aktualnosc":null,"Name":"Księża Skała","wysokosc":null,"LINK":"<a href=\"\" target=\"_blank\"></a>","TOPO":null,"rejon":null,"wojewodztwo":"małopolskie","powiat":"krakowski","gmina":"Jerzmanowice-Przeginia (gm. wiejska)","nazwaOboczna":null,"foto":null,"KAT":"Skała","skaloplan":null},"geometry":{"type":"Point","coordinates":[19.674971380300001,50.205403417600003]}},
{"type":"Feature","properties":{"X":19.693602712299999,"Y":50.205151448700001,"aktualnosc":null,"Name":"Kucowa Skała","wysokosc":null,"LINK":"<a href=\"\" target=\"_blank\"></a>","TOPO":null,"rejon":null,"wojewodztwo":"małopolskie","powiat":"krakowski","gmina":"Jerzmanowice-Przeginia (gm. wiejska)","nazwaOboczna":null,"foto":null,"KAT":"Skała","skaloplan":null},"geometry":{"type":"Point","coordinates":[19.693602712299999,50.205151448700001]}},
{"type":"Feature","properties":{"X":19.728059031499999,"Y":50.205232305899997,"aktualnosc":null,"Name":"Sokołowe Skały","wysokosc":null,"LINK":"<a href=\"\" target=\"_blank\"></a>","TOPO":null,"rejon":null,"wojewodztwo":"małopolskie","powiat":"krakowski","gmina":"Jerzmanowice-Przeginia (gm. wiejska)","nazwaOboczna":null,"foto":null,"KAT":"Skała","skaloplan":null},"geometry":{"type":"Point","coordinates":[19.728059031499999,50.205232305899997]}},
{"type":"Feature","properties":{"X":19.665526040300001,"Y":50.14788218,"aktualnosc":null,"Name":"Skałki","wysokosc":null,"LINK":"<a href=\"\" target=\"_blank\"></a>","TOPO":null,"rejon":null,"wojewodztwo":"małopolskie","powiat":"krakowski","gmina":null,"nazwaOboczna":null,"foto":null,"KAT":"Skała","skaloplan":null},"geometry":{"type":"Point","coordinates":[19.665526040300001,50.14788218]}},
{"type":"Feature","properties":{"X":19.742440410655799,"Y":50.166603175522397,"aktualnosc":null,"Name":"Pytajnik","wysokosc":null,"LINK":"<a href=\"\" target=\"_blank\"></a>","TOPO":null,"rejon":null,"wojewodztwo":"małopolskie","powiat":"krakowski","gmina":"Wielka Wieś-gmina wiejska","nazwaOboczna":null,"foto":null,"KAT":"Skała","skaloplan":null},"geometry":{"type":"Point","coordinates":[19.742440410655799,50.166603175522397]}},
{"type":"Feature","properties":{"X":19.742293038170999,"Y":50.166729042739803,"aktualnosc":null,"Name":"Odpowiednik","wysokosc":null,"LINK":"<a href=\"\" target=\"_blank\"></a>","TOPO":null,"rejon":null,"wojewodztwo":"małopolskie","powiat":"krakowski","gmina":"Wielka Wieś-gmina wiejska","nazwaOboczna":null,"foto":null,"KAT":"Skała","skaloplan":null},"geometry":{"type":"Point","coordinates":[19.742293038170999,50.166729042739803]}},
{"type":"Feature","properties":{"X":19.857791259900001,"Y":50.061011872500004,"aktualnosc":null,"Name":"Skały Panieńskie","wysokosc":null,"LINK":"<a href=\"\" target=\"_blank\"></a>","TOPO":null,"rejon":null,"wojewodztwo":null,"powiat":null,"gmina":null,"nazwaOboczna":null,"foto":null,"KAT":"Skała","skaloplan":null},"geometry":{"type":"Point","coordinates":[19.857791259900001,50.061011872500004]}},
{"type":"Feature","properties":{"X":19.521719681499999,"Y":50.532000486999998,"aktualnosc":"2023-05-05","Name":"Mała Grań","wysokosc":null,"LINK":"<a href=\"https://topo.portalgorski.pl/Ska%C5%82a-z-Krzy%C5%BCem,Skar%C5%BCyce,Jura-Krakowsko-Cz%C4%99stochowska,skala,519\" target=\"_blank\"></a>","TOPO":null,"rejon":"Piaseczno","wojewodztwo":"śląskie","powiat":"zawierciański","gmina":"Kroczyce","nazwaOboczna":null,"foto":null,"KAT":"Skała","skaloplan":null},"geometry":{"type":"Point","coordinates":[19.521719681499999,50.532000487]}},
{"type":"Feature","properties":{"X":19.209298571360002,"Y":50.822278386625399,"aktualnosc":"2025-02-18","Name":"Jaś i Malgosia","wysokosc":"12","LINK":"<a href=\"\" target=\"_blank\"></a>","TOPO":null,"rejon":"Mirów nad Wartą","wojewodztwo":"śląskie","powiat":"Częstochowa","gmina":"Częstochowa (gm. miejska)","nazwaOboczna":null,"foto":null,"KAT":"Skała","skaloplan":null},"geometry":{"type":"Point","coordinates":[19.209298571360002,50.822278386625399]}},
{"type":"Feature","properties":{"X":19.259672419400001,"Y":50.772706271099999,"aktualnosc":null,"Name":"Kuropatwa","wysokosc":"12","LINK":"<a href=\"\" target=\"_blank\"></a>","TOPO":null,"rejon":null,"wojewodztwo":null,"powiat":null,"gmina":null,"nazwaOboczna":null,"foto":null,"KAT":"Skała","skaloplan":null},"geometry":{"type":"Point","coordinates":[19.259672419400001,50.772706271099999]}},
{"type":"Feature","properties":{"X":19.232465716499998,"Y":50.778187455000001,"aktualnosc":null,"Name":"Kowadło","wysokosc":"10","LINK":"<a href=\"https://topo.portalgorski.pl/Zielona-G%C3%B3ra,Olsztyn-kCz%C4%99stochowy,Jura-Krakowsko-Cz%C4%99stochowska,skala,592\" target=\"_blank\">LINK</a>","TOPO":null,"rejon":null,"wojewodztwo":null,"powiat":null,"gmina":null,"nazwaOboczna":null,"foto":null,"KAT":"Skała","skaloplan":null},"geometry":{"type":"Point","coordinates":[19.232465716499998,50.778187455]}},
{"type":"Feature","properties":{"X":19.233211687299999,"Y":50.778322584800001,"aktualnosc":null,"Name":"Płetwa","wysokosc":"12","LINK":"<a href=\"https://topo.portalgorski.pl/Zielona-G%C3%B3ra,Olsztyn-kCz%C4%99stochowy,Jura-Krakowsko-Cz%C4%99stochowska,skala,592\" target=\"_blank\">LINK</a>","TOPO":null,"rejon":null,"wojewodztwo":null,"powiat":null,"gmina":null,"nazwaOboczna":null,"foto":null,"KAT":"Skała","skaloplan":null},"geometry":{"type":"Point","coordinates":[19.233211687299999,50.778322584800001]}},
{"type":"Feature","properties":{"X":19.233129999500001,"Y":50.778208631200002,"aktualnosc":null,"Name":"Zielona Góra","wysokosc":"20","LINK":"<a href=\"https://topo.portalgorski.pl/Zielona-G%C3%B3ra,Olsztyn-kCz%C4%99stochowy,Jura-Krakowsko-Cz%C4%99stochowska,skala,592\" target=\"_blank\">LINK</a>","TOPO":null,"rejon":null,"wojewodztwo":null,"powiat":null,"gmina":null,"nazwaOboczna":null,"foto":null,"KAT":"Skała","skaloplan":null},"geometry":{"type":"Point","coordinates":[19.233129999500001,50.778208631200002]}},
{"type":"Feature","properties":{"X":19.232428201299999,"Y":50.778290395699997,"aktualnosc":null,"Name":"Ściana Pod Kowadłem","wysokosc":"8","LINK":"<a href=\"https://topo.portalgorski.pl/Zielona-G%C3%B3ra,Olsztyn-kCz%C4%99stochowy,Jura-Krakowsko-Cz%C4%99stochowska,skala,592\" target=\"_blank\">LINK</a>","TOPO":null,"rejon":null,"wojewodztwo":null,"powiat":null,"gmina":null,"nazwaOboczna":null,"foto":null,"KAT":"Skała","skaloplan":null},"geometry":{"type":"Point","coordinates":[19.232428201299999,50.778290395699997]}},
{"type":"Feature","properties":{"X":19.2694549649,"Y":50.728667399700001,"aktualnosc":"2017-11-16","Name":"Amfiteatr","wysokosc":"17","LINK":"<a href=\"https://topo.portalgorski.pl/Boniek,Sokole-G%C3%B3ry,Jura-Krakowsko-Cz%C4%99stochowska,skala,609\" target=\"_blank\">LINK</a>","TOPO":null,"rejon":null,"wojewodztwo":null,"powiat":null,"gmina":null,"nazwaOboczna":null,"foto":null,"KAT":"Skała","skaloplan":null},"geometry":{"type":"Point","coordinates":[19.2694549649,50.728667399700001]}},
{"type":"Feature","properties":{"X":19.269581887000001,"Y":50.7288674825,"aktualnosc":"2017-11-16","Name":"Żółty Okap","wysokosc":"18","LINK":"<a href=\"https://topo.portalgorski.pl/Boniek,Sokole-G%C3%B3ry,Jura-Krakowsko-Cz%C4%99stochowska,skala,609\" target=\"_blank\">LINK</a>","TOPO":null,"rejon":null,"wojewodztwo":null,"powiat":null,"gmina":null,"nazwaOboczna":null,"foto":null,"KAT":"Skała","skaloplan":null},"geometry":{"type":"Point","coordinates":[19.269581887,50.7288674825]}},
{"type":"Feature","properties":{"X":19.270048927400001,"Y":50.728028331399997,"aktualnosc":"2017-11-16","Name":"Ponton","wysokosc":"10","LINK":"<a href=\"https://topo.portalgorski.pl/Boniek,Sokole-G%C3%B3ry,Jura-Krakowsko-Cz%C4%99stochowska,skala,609\" target=\"_blank\">LINK</a>","TOPO":null,"rejon":null,"wojewodztwo":null,"powiat":null,"gmina":null,"nazwaOboczna":null,"foto":null,"KAT":"Skała","skaloplan":null},"geometry":{"type":"Point","coordinates":[19.270048927400001,50.728028331399997]}},
{"type":"Feature","properties":{"X":19.269580101300001,"Y":50.727747336,"aktualnosc":"2017-11-16","Name":"Taksówka","wysokosc":"8","LINK":"<a href=\"\" target=\"_blank\"></a>","TOPO":null,"rejon":null,"wojewodztwo":null,"powiat":null,"gmina":null,"nazwaOboczna":null,"foto":null,"KAT":"Skała","skaloplan":null},"geometry":{"type":"Point","coordinates":[19.269580101300001,50.727747336]}},
{"type":"Feature","properties":{"X":19.362280722200001,"Y":50.678469813600003,"aktualnosc":"2023-05-15","Name":"Borowik","wysokosc":"8","LINK":"<a href=\"https://www.facebook.com/groups/1517447128554439/posts/2762264130739393/\" target=\"_blank\">LINK</a>","TOPO":null,"rejon":"Suliszowice","wojewodztwo":"śląskie","powiat":"myszkowski","gmina":" Żarki","nazwaOboczna":null,"foto":null,"KAT":"Skała","skaloplan":null},"geometry":{"type":"Point","coordinates":[19.362280722200001,50.678469813600003]}},
{"type":"Feature","properties":{"X":19.363254908999998,"Y":50.6791394416,"aktualnosc":null,"Name":"Kapliczka","wysokosc":"10","LINK":"<a href=\"\" target=\"_blank\"></a>","TOPO":null,"rejon":"Suliszowice","wojewodztwo":"śląskie","powiat":"myszkowski","gmina":" Żarki","nazwaOboczna":null,"foto":null,"KAT":"Skała","skaloplan":null},"geometry":{"type":"Point","coordinates":[19.363254909,50.6791394416]}},
{"type":"Feature","properties":{"X":19.397908360199999,"Y":50.686572022699998,"aktualnosc":null,"Name":"Baba","wysokosc":"16","LINK":"<a href=\"https://topo.portalgorski.pl/Baba,Dolina-Wiercicy,Jura-Krakowsko-Cz%C4%99stochowska,skala,630\" target=\"_blank\">LINK</a>","TOPO":null,"rejon":"Dolina Wiercicy","wojewodztwo":"śląskie","powiat":"częstochowski","gmina":"Janów","nazwaOboczna":null,"foto":null,"KAT":"Skała","skaloplan":null},"geometry":{"type":"Point","coordinates":[19.397908360199999,50.686572022699998]}},
{"type":"Feature","properties":{"X":19.736876047700001,"Y":50.159762521499999,"aktualnosc":null,"Name":"Bojowa Maczuga","wysokosc":"12","LINK":"<a href=\"\" target=\"_blank\"></a>","TOPO":null,"rejon":"Dolina Będkowska","wojewodztwo":"małopolskie","powiat":"krakowski","gmina":"Zabierzów (gm. wiejska)","nazwaOboczna":null,"foto":null,"KAT":"Skała","skaloplan":null},"geometry":{"type":"Point","coordinates":[19.736876047700001,50.159762521499999]}},
{"type":"Feature","properties":{"X":19.7523805919,"Y":50.179062161300003,"aktualnosc":null,"Name":"Gęsiarnia","wysokosc":null,"LINK":"<a href=\"\" target=\"_blank\"></a>","TOPO":null,"rejon":null,"wojewodztwo":"małopolskie","powiat":"krakowski","gmina":"Wielka Wieś-gmina wiejska","nazwaOboczna":null,"foto":null,"KAT":"Skała","skaloplan":null},"geometry":{"type":"Point","coordinates":[19.7523805919,50.179062161300003]}},
{"type":"Feature","properties":{"X":19.743071478514299,"Y":50.175791990196601,"aktualnosc":null,"Name":"Maningitisy","wysokosc":"25","LINK":"<a href=\"https://topo.wspinka.org/grupa-bedkowskiej-baszty/bedkowska-baszta-dupa-slonia\" target=\"_blank\">LINK</a>","TOPO":"<a href=\"./Skaly/36/Dupa_Slonia/T-Bedkowska_Dupa_Slonia.pdf\" target=\"_blank\">TOPO</a>","rejon":"Dolina Będkowska | Dupa Słonia","wojewodztwo":"małopolskie","powiat":"krakowski","gmina":"Jerzmanowice-Przeginia (gm. wiejska)","nazwaOboczna":null,"foto":null,"KAT":"Skała","skaloplan":null},"geometry":{"type":"Point","coordinates":[19.743071478514299,50.175791990196601]}},
{"type":"Feature","properties":{"X":19.743425645083001,"Y":50.175746112691002,"aktualnosc":null,"Name":"Pierwszy Filarek","wysokosc":"16","LINK":"<a href=\"https://topo.wspinka.org/grupa-bedkowskiej-baszty/bedkowska-baszta-dupa-slonia\" target=\"_blank\">LINK</a>","TOPO":"<a href=\"./Skaly/36/Dupa_Slonia/T-Bedkowska_Dupa_Slonia.pdf\" target=\"_blank\">TOPO</a>","rejon":"Dolina Będkowska | Dupa Słonia","wojewodztwo":"małopolskie","powiat":"krakowski","gmina":"Jerzmanowice-Przeginia (gm. wiejska)","nazwaOboczna":null,"foto":null,"KAT":"Skała","skaloplan":null},"geometry":{"type":"Point","coordinates":[19.743425645083001,50.175746112691002]}},
{"type":"Feature","properties":{"X":19.7432245658031,"Y":50.175775535797797,"aktualnosc":null,"Name":"Płetwa | Płaska Turniczka","wysokosc":"16","LINK":"<a href=\"https://topo.wspinka.org/grupa-bedkowskiej-baszty/bedkowska-baszta-dupa-slonia\" target=\"_blank\">LINK</a>","TOPO":"<a href=\"./Skaly/36/Dupa_Slonia/T-Bedkowska_Dupa_Slonia.pdf\" target=\"_blank\">TOPO</a>","rejon":"Dolina Będkowska | Dupa Słonia","wojewodztwo":"małopolskie","powiat":"krakowski","gmina":"Jerzmanowice-Przeginia (gm. wiejska)","nazwaOboczna":null,"foto":null,"KAT":"Skała","skaloplan":null},"geometry":{"type":"Point","coordinates":[19.7432245658031,50.175775535797797]}},
{"type":"Feature","properties":{"X":19.737504559542799,"Y":50.172880949349697,"aktualnosc":null,"Name":"Brandysowa","wysokosc":null,"LINK":"<a href=\"\" target=\"_blank\"></a>","TOPO":null,"rejon":null,"wojewodztwo":"małopolskie","powiat":"krakowski","gmina":"Wielka Wieś-gmina wiejska","nazwaOboczna":null,"foto":null,"KAT":"Skała","skaloplan":null},"geometry":{"type":"Point","coordinates":[19.737504559542799,50.172880949349697]}},
{"type":"Feature","properties":{"X":19.7288483469077,"Y":50.176465524315802,"aktualnosc":null,"Name":"Ambona","wysokosc":"16","LINK":"<a href=\"https://topo.wspinka.org/sites/default/files/topo/ambona/ambona-s-v150212-beta.pdf\" target=\"_blank\">LINK</a>","TOPO":"<a href=\"./Skaly/36/Ambona/T-Przecowki_Ambona.pdf\" target=\"_blank\">TOPO</a>","rejon":null,"wojewodztwo":"małopolskie","powiat":"krakowski","gmina":"Jerzmanowice-Przeginia (gm. wiejska)","nazwaOboczna":null,"foto":null,"KAT":"Skała","skaloplan":null},"geometry":{"type":"Point","coordinates":[19.7288483469077,50.176465524315802]}},
{"type":"Feature","properties":{"X":19.7286539987414,"Y":50.176634112135702,"aktualnosc":null,"Name":"Sarnia","wysokosc":"16","LINK":"<a href=\"https://topo.wspinka.org/sites/default/files/topo/sarnia-skala/sarnia_skala-s-v161020.pdf\" target=\"_blank\">LINK</a>","TOPO":"<a href=\"./Skaly/36/Sarnia_Skala/T-Przecowki_Sarnia_Skala.pdf\" target=\"_blank\">TOPO</a>","rejon":null,"wojewodztwo":"małopolskie","powiat":"krakowski","gmina":"Jerzmanowice-Przeginia (gm. wiejska)","nazwaOboczna":null,"foto":null,"KAT":"Skała","skaloplan":null},"geometry":{"type":"Point","coordinates":[19.7286539987414,50.176634112135702]}},
{"type":"Feature","properties":{"X":19.744416390400001,"Y":50.174681365799998,"aktualnosc":null,"Name":"Lewe Cmentarzysko","wysokosc":"40","LINK":"<a href=\"https://topo.wspinka.org/grupa-cmentarzyska/lewe-cmentarzysko\" target=\"_blank\">LINK</a>","TOPO":"<a href=\"./Skaly/38/Lewe_Cmentarzysko/T-Bedkowska_Lewe_Cmentarzysko.pdf\" target=\"_blank\">TOPO</a>","rejon":null,"wojewodztwo":"małopolskie","powiat":"krakowski","gmina":"Wielka Wieś-gmina wiejska","nazwaOboczna":null,"foto":null,"KAT":"Skała","skaloplan":null},"geometry":{"type":"Point","coordinates":[19.744416390400001,50.174681365799998]}},
{"type":"Feature","properties":{"X":19.6053426356,"Y":50.417370049399999,"aktualnosc":null,"Name":"Skała pod Słupem","wysokosc":"10","LINK":"<a href=\"\" target=\"_blank\"></a>","TOPO":null,"rejon":null,"wojewodztwo":null,"powiat":null,"gmina":null,"nazwaOboczna":null,"foto":null,"KAT":"Skała","skaloplan":null},"geometry":{"type":"Point","coordinates":[19.6053426356,50.417370049399999]}},
{"type":"Feature","properties":{"X":19.606454293599999,"Y":50.418264455699997,"aktualnosc":null,"Name":"Skrzynia","wysokosc":"18","LINK":"<a href=\"\" target=\"_blank\"></a>","TOPO":null,"rejon":null,"wojewodztwo":null,"powiat":null,"gmina":null,"nazwaOboczna":null,"foto":null,"KAT":"Skała","skaloplan":null},"geometry":{"type":"Point","coordinates":[19.606454293599999,50.418264455699997]}},
{"type":"Feature","properties":{"X":19.6074499516,"Y":50.4194282431,"aktualnosc":null,"Name":"Kominowa","wysokosc":"12","LINK":"<a href=\"\" target=\"_blank\"></a>","TOPO":null,"rejon":null,"wojewodztwo":null,"powiat":null,"gmina":null,"nazwaOboczna":null,"foto":null,"KAT":"Skała","skaloplan":null},"geometry":{"type":"Point","coordinates":[19.607427681056588,50.419429741603068]}},
{"type":"Feature","properties":{"X":19.5181201298,"Y":50.572669826800002,"aktualnosc":null,"Name":"Kazarma","wysokosc":"16","LINK":"<a href=\"\" target=\"_blank\"></a>","TOPO":null,"rejon":"Podlesice - Biblioteka","wojewodztwo":"śląskie","powiat":"zawierciański","gmina":"Kroczyce-gmina wiejska","nazwaOboczna":null,"foto":null,"KAT":"Skała","skaloplan":null},"geometry":{"type":"Point","coordinates":[19.5181201298,50.572669826800002]}},
{"type":"Feature","properties":{"X":19.518301120899999,"Y":50.572754249100001,"aktualnosc":null,"Name":"Żabia Grańka","wysokosc":null,"LINK":"<a href=\"\" target=\"_blank\"></a>","TOPO":null,"rejon":"Podlesice - Biblioteka","wojewodztwo":"śląskie","powiat":"zawierciański","gmina":"Kroczyce-gmina wiejska","nazwaOboczna":null,"foto":null,"KAT":"Skała","skaloplan":null},"geometry":{"type":"Point","coordinates":[19.518301120899999,50.572754249100001]}},
{"type":"Feature","properties":{"X":19.517912068499999,"Y":50.572557631899997,"aktualnosc":null,"Name":"Goliat","wysokosc":"18","LINK":"<a href=\"\" target=\"_blank\"></a>","TOPO":null,"rejon":"Podlesice - Biblioteka","wojewodztwo":"śląskie","powiat":"zawierciański","gmina":"Kroczyce-gmina wiejska","nazwaOboczna":null,"foto":null,"KAT":"Skała","skaloplan":null},"geometry":{"type":"Point","coordinates":[19.517912068499999,50.572557631899997]}},
{"type":"Feature","properties":{"X":19.517784761600002,"Y":50.572486916599999,"aktualnosc":null,"Name":"Dawid","wysokosc":"18","LINK":"<a href=\"\" target=\"_blank\"></a>","TOPO":null,"rejon":"Podlesice - Biblioteka","wojewodztwo":"śląskie","powiat":"zawierciański","gmina":"Kroczyce-gmina wiejska","nazwaOboczna":null,"foto":null,"KAT":"Skała","skaloplan":null},"geometry":{"type":"Point","coordinates":[19.517784761600002,50.572486916599999]}},
{"type":"Feature","properties":{"X":19.517625896799998,"Y":50.572200948199999,"aktualnosc":null,"Name":"Koń","wysokosc":"16","LINK":"<a href=\"\" target=\"_blank\"></a>","TOPO":null,"rejon":"Podlesice - Biblioteka","wojewodztwo":"śląskie","powiat":"zawierciański","gmina":"Kroczyce-gmina wiejska","nazwaOboczna":null,"foto":null,"KAT":"Skała","skaloplan":null},"geometry":{"type":"Point","coordinates":[19.517625896799998,50.572200948199999]}},
{"type":"Feature","properties":{"X":19.5176633622,"Y":50.5722891084,"aktualnosc":null,"Name":"Trzy Kominki","wysokosc":null,"LINK":"<a href=\"\" target=\"_blank\"></a>","TOPO":null,"rejon":"Podlesice - Biblioteka","wojewodztwo":"śląskie","powiat":"zawierciański","gmina":"Kroczyce-gmina wiejska","nazwaOboczna":null,"foto":null,"KAT":"Skała","skaloplan":null},"geometry":{"type":"Point","coordinates":[19.5176633622,50.5722891084]}},
{"type":"Feature","properties":{"X":19.5175330006,"Y":50.571939479800001,"aktualnosc":null,"Name":"Sowa","wysokosc":"12","LINK":"<a href=\"\" target=\"_blank\"></a>","TOPO":null,"rejon":"Podlesice - Biblioteka","wojewodztwo":"śląskie","powiat":"zawierciański","gmina":"Kroczyce-gmina wiejska","nazwaOboczna":null,"foto":null,"KAT":"Skała","skaloplan":null},"geometry":{"type":"Point","coordinates":[19.5175330006,50.571939479800001]}},
{"type":"Feature","properties":{"X":19.517555617399999,"Y":50.571782870500002,"aktualnosc":null,"Name":"Czarny Filarek","wysokosc":"12","LINK":"<a href=\"\" target=\"_blank\"></a>","TOPO":null,"rejon":"Podlesice - Biblioteka","wojewodztwo":"śląskie","powiat":"zawierciański","gmina":"Kroczyce-gmina wiejska","nazwaOboczna":null,"foto":null,"KAT":"Skała","skaloplan":null},"geometry":{"type":"Point","coordinates":[19.517555617399999,50.571782870500002]}},
{"type":"Feature","properties":{"X":19.570487678399999,"Y":50.591064939900001,"aktualnosc":null,"Name":"Brama Słupska","wysokosc":"3","LINK":"<a href=\"\" target=\"_blank\"></a>","TOPO":null,"rejon":null,"wojewodztwo":null,"powiat":null,"gmina":null,"nazwaOboczna":null,"foto":null,"KAT":"Skała","skaloplan":null},"geometry":{"type":"Point","coordinates":[19.570487678399999,50.591064939900001]}},
{"type":"Feature","properties":{"X":19.555710283900002,"Y":50.590178093500001,"aktualnosc":null,"Name":"Pszczela Skała","wysokosc":"6","LINK":"<a href=\"./Skaly/Kroczyce/Popielowa/Bogdanka/link_HYP.html\" target=\"_blank\">LINK</a>","TOPO":null,"rejon":null,"wojewodztwo":null,"powiat":null,"gmina":null,"nazwaOboczna":null,"foto":null,"KAT":"Skała","skaloplan":null},"geometry":{"type":"Point","coordinates":[19.555710283900002,50.590178093500001]}},
{"type":"Feature","properties":{"X":19.532642767500001,"Y":50.576345546100001,"aktualnosc":null,"Name":"Ptak","wysokosc":null,"LINK":"<a href=\"\" target=\"_blank\"></a>","TOPO":null,"rejon":"Podlesice | Kołoczek","wojewodztwo":"śląskie","powiat":"zawierciański","gmina":"Kroczyce","nazwaOboczna":null,"foto":null,"KAT":"Skała","skaloplan":null},"geometry":{"type":"Point","coordinates":[19.532642767500001,50.576345546100001]}},
{"type":"Feature","properties":{"X":19.531840764999998,"Y":50.576183480200001,"aktualnosc":null,"Name":"Kazerna","wysokosc":null,"LINK":"<a href=\"\" target=\"_blank\"></a>","TOPO":null,"rejon":"Podlesice | Kołoczek","wojewodztwo":"śląskie","powiat":"zawierciański","gmina":"Kroczyce","nazwaOboczna":null,"foto":null,"KAT":"Skała","skaloplan":null},"geometry":{"type":"Point","coordinates":[19.531840765,50.576183480200001]}},
{"type":"Feature","properties":{"X":19.335617202000002,"Y":50.6899365194,"aktualnosc":"2020-10-29","Name":"Panda","wysokosc":"16","LINK":"<a href=\"http://toprope.pl/index.php/topo/polska/1264-panda-siedlec-topo-rejonu-wspinaczkowego-2020\" target=\"_blank\">LINK</a>","TOPO":null,"rejon":"Suliszowice","wojewodztwo":null,"powiat":null,"gmina":null,"nazwaOboczna":null,"foto":null,"KAT":"Skała","skaloplan":null},"geometry":{"type":"Point","coordinates":[19.335617202,50.6899365194]}},
{"type":"Feature","properties":{"X":19.337464482400001,"Y":50.692513761800001,"aktualnosc":"2020-10-29","Name":"Ojciec Pandy","wysokosc":"12","LINK":"<a href=\"http://toprope.pl/index.php/topo/polska/1264-panda-siedlec-topo-rejonu-wspinaczkowego-2020\" target=\"_blank\">LINK</a>","TOPO":null,"rejon":"Suliszowice","wojewodztwo":null,"powiat":null,"gmina":null,"nazwaOboczna":null,"foto":null,"KAT":"Skała","skaloplan":null},"geometry":{"type":"Point","coordinates":[19.337464482400001,50.692513761800001]}},
{"type":"Feature","properties":{"X":19.429558823200001,"Y":50.666484053621303,"aktualnosc":null,"Name":"Czacha","wysokosc":null,"LINK":"<a href=\"http://toprope.pl/index.php/topo/polska/1060-czacha-trzebniow-topo-rejonu-wspinaczkowego-2018\" target=\"_blank\">LINK</a>","TOPO":null,"rejon":"Trzebniów","wojewodztwo":"śląskie","powiat":"myszkowski","gmina":"Niegowa (gm. wiejska)","nazwaOboczna":null,"foto":null,"KAT":"Skała","skaloplan":null},"geometry":{"type":"Point","coordinates":[19.429558823200001,50.666484053621303]}},
{"type":"Feature","properties":{"X":19.4292886878,"Y":50.665483980700003,"aktualnosc":null,"Name":"Mechata","wysokosc":null,"LINK":"<a href=\"http://toprope.pl/index.php/topo/polska/1139-trzebniow-topo-rejonu-wspinaczkowego-2019\" target=\"_blank\">LINK</a>","TOPO":null,"rejon":"Trzebniów","wojewodztwo":"śląskie","powiat":"myszkowski","gmina":"Niegowa (gm. wiejska)","nazwaOboczna":null,"foto":null,"KAT":"Skała","skaloplan":null},"geometry":{"type":"Point","coordinates":[19.4292886878,50.665483980700003]}},
{"type":"Feature","properties":{"X":19.437353634600001,"Y":50.668882384200003,"aktualnosc":null,"Name":"Kacza Skała i Kamień","wysokosc":null,"LINK":"<a href=\"http://toprope.pl/index.php/topo/polska/1139-trzebniow-topo-rejonu-wspinaczkowego-2019\" target=\"_blank\">LINK</a>","TOPO":null,"rejon":"Trzebniów","wojewodztwo":"śląskie","powiat":"myszkowski","gmina":"Niegowa (gm. wiejska)","nazwaOboczna":null,"foto":null,"KAT":"Skała","skaloplan":null},"geometry":{"type":"Point","coordinates":[19.437353634600001,50.668882384200003]}},
{"type":"Feature","properties":{"X":19.655870649600001,"Y":50.425560644800001,"aktualnosc":"2024-05-05","Name":"Skała Gaj II","wysokosc":"15","LINK":"<a href=\"https://wspinanie.pl/2018/09/w-rejonie-smolenia-nowe-drogi-na-gaju/\" target=\"_blank\">LINK</a>","TOPO":null,"rejon":"Smoleń","wojewodztwo":null,"powiat":null,"gmina":null,"nazwaOboczna":null,"foto":null,"KAT":"Skała","skaloplan":null},"geometry":{"type":"Point","coordinates":[19.655870649600001,50.425560644800001]}},
{"type":"Feature","properties":{"X":19.6683543613,"Y":50.437234242599999,"aktualnosc":"2024","Name":"Szczurek","wysokosc":"10","LINK":"<a href=\"https://wspinanie.pl/topo/polska/polnoc/smolen/park_jurajski.htm\" target=\"_blank\">LINK</a>","TOPO":null,"rejon":"Smoleń","wojewodztwo":null,"powiat":null,"gmina":null,"nazwaOboczna":null,"foto":null,"KAT":"Skała","skaloplan":null},"geometry":{"type":"Point","coordinates":[19.6683543613,50.437234242599999]}},
{"type":"Feature","properties":{"X":19.6678393987,"Y":50.437076632299998,"aktualnosc":"2024","Name":"Salceson","wysokosc":"12","LINK":"<a href=\"https://wspinanie.pl/topo/polska/polnoc/smolen/park_jurajski.htm\" target=\"_blank\">LINK</a>","TOPO":null,"rejon":"Smoleń","wojewodztwo":"śląskie","powiat":"zawierciański","gmina":"Pilica (gm. miejsko-wiejska)","nazwaOboczna":null,"foto":null,"KAT":"Skała","skaloplan":null},"geometry":{"type":"Point","coordinates":[19.6678393987,50.437076632299998]}},
{"type":"Feature","properties":{"X":19.742414964087899,"Y":50.165685144477003,"aktualnosc":"2024","Name":"Narożniak","wysokosc":"15","LINK":"<a href=\"\" target=\"_blank\"></a>","TOPO":null,"rejon":"Dolina Będkowska | Grupa Bramy Będkowskiej","wojewodztwo":"małopolskie","powiat":"krakowski","gmina":"Wielka Wieś-gmina wiejska","nazwaOboczna":null,"foto":null,"KAT":"Skała","skaloplan":null},"geometry":{"type":"Point","coordinates":[19.742414964087899,50.165685144477003]}},
{"type":"Feature","properties":{"X":19.7419246069589,"Y":50.159238055075299,"aktualnosc":null,"Name":"Migdałkowa Skała","wysokosc":null,"LINK":"<a href=\"\" target=\"_blank\"></a>","TOPO":null,"rejon":"Dolina Będkowska","wojewodztwo":"małopolskie","powiat":"krakowski","gmina":"Zabierzów (gm. wiejska)","nazwaOboczna":null,"foto":null,"KAT":"Skała","skaloplan":null},"geometry":{"type":"Point","coordinates":[19.7419246069589,50.159238055075299]}},
{"type":"Feature","properties":{"X":19.743787382629201,"Y":50.162366394916098,"aktualnosc":null,"Name":"Turnia nad Szańcem","wysokosc":null,"LINK":"<a href=\"\" target=\"_blank\"></a>","TOPO":null,"rejon":null,"wojewodztwo":"małopolskie","powiat":"krakowski","gmina":"Wielka Wieś-gmina wiejska","nazwaOboczna":null,"foto":null,"KAT":"Skała","skaloplan":null},"geometry":{"type":"Point","coordinates":[19.743787382629201,50.162366394916098]}},
{"type":"Feature","properties":{"X":19.743099622618502,"Y":50.160904943303798,"aktualnosc":null,"Name":"Reduta","wysokosc":null,"LINK":"<a href=\"\" target=\"_blank\"></a>","TOPO":null,"rejon":null,"wojewodztwo":"małopolskie","powiat":"krakowski","gmina":"Wielka Wieś-gmina wiejska","nazwaOboczna":null,"foto":null,"KAT":"Skała","skaloplan":null},"geometry":{"type":"Point","coordinates":[19.743099622618502,50.160904943303798]}},
{"type":"Feature","properties":{"X":19.7407739223849,"Y":50.158442561339101,"aktualnosc":null,"Name":"Wężowa Ostatnia","wysokosc":null,"LINK":"<a href=\"\" target=\"_blank\"></a>","TOPO":null,"rejon":"Dolina Będkowska","wojewodztwo":"małopolskie","powiat":"krakowski","gmina":"Zabierzów (gm. wiejska)","nazwaOboczna":null,"foto":null,"KAT":"Skała","skaloplan":null},"geometry":{"type":"Point","coordinates":[19.7407739223849,50.158442561339101]}},
{"type":"Feature","properties":{"X":19.7411337414683,"Y":50.158374558001398,"aktualnosc":null,"Name":"Wężowa Końcowa","wysokosc":null,"LINK":"<a href=\"\" target=\"_blank\"></a>","TOPO":null,"rejon":"Dolina Będkowska","wojewodztwo":"małopolskie","powiat":"krakowski","gmina":"Zabierzów (gm. wiejska)","nazwaOboczna":null,"foto":null,"KAT":"Skała","skaloplan":null},"geometry":{"type":"Point","coordinates":[19.7411337414683,50.158374558001398]}},
{"type":"Feature","properties":{"X":19.7403288819716,"Y":50.158543268191501,"aktualnosc":null,"Name":"Przełaz","wysokosc":"18","LINK":"<a href=\"\" target=\"_blank\"></a>","TOPO":null,"rejon":"Dolina Będkowska","wojewodztwo":"małopolskie","powiat":"krakowski","gmina":"Zabierzów (gm. wiejska)","nazwaOboczna":null,"foto":null,"KAT":"Skała","skaloplan":null},"geometry":{"type":"Point","coordinates":[19.7403288819716,50.158543268191501]}},
{"type":"Feature","properties":{"X":19.7404863474205,"Y":50.158502664365997,"aktualnosc":null,"Name":"Wężowa Górna","wysokosc":null,"LINK":"<a href=\"\" target=\"_blank\"></a>","TOPO":null,"rejon":"Dolina Będkowska","wojewodztwo":"małopolskie","powiat":"krakowski","gmina":"Zabierzów (gm. wiejska)","nazwaOboczna":null,"foto":null,"KAT":"Skała","skaloplan":null},"geometry":{"type":"Point","coordinates":[19.7404863474205,50.158502664365997]}},
{"type":"Feature","properties":{"X":19.7401602406871,"Y":50.1586197211005,"aktualnosc":null,"Name":"Wężowa Wielka","wysokosc":null,"LINK":"<a href=\"\" target=\"_blank\"></a>","TOPO":null,"rejon":"Dolina Będkowska","wojewodztwo":"małopolskie","powiat":"krakowski","gmina":"Zabierzów (gm. wiejska)","nazwaOboczna":null,"foto":null,"KAT":"Skała","skaloplan":null},"geometry":{"type":"Point","coordinates":[19.7401602406871,50.1586197211005]}},
{"type":"Feature","properties":{"X":19.7403869451101,"Y":50.157604639006301,"aktualnosc":null,"Name":"Rybna Skała Główna","wysokosc":"12","LINK":"<a href=\"\" target=\"_blank\"></a>","TOPO":null,"rejon":"Dolina Będkowska","wojewodztwo":"małopolskie","powiat":"krakowski","gmina":"Zabierzów (gm. wiejska)","nazwaOboczna":null,"foto":null,"KAT":"Skała","skaloplan":null},"geometry":{"type":"Point","coordinates":[19.7403869451101,50.157604639006301]}},
{"type":"Feature","properties":{"X":19.740035905312102,"Y":50.1587007992445,"aktualnosc":null,"Name":"Wężowa Dolna","wysokosc":null,"LINK":"<a href=\"\" target=\"_blank\"></a>","TOPO":null,"rejon":"Dolina Będkowska","wojewodztwo":"małopolskie","powiat":"krakowski","gmina":"Zabierzów (gm. wiejska)","nazwaOboczna":null,"foto":null,"KAT":"Skała","skaloplan":null},"geometry":{"type":"Point","coordinates":[19.740035905312102,50.1587007992445]}},
{"type":"Feature","properties":{"X":19.7422193519286,"Y":50.158724014632398,"aktualnosc":null,"Name":"Rodzynek","wysokosc":null,"LINK":"<a href=\"\" target=\"_blank\"></a>","TOPO":null,"rejon":"Dolina Będkowska","wojewodztwo":"małopolskie","powiat":"krakowski","gmina":"Zabierzów (gm. wiejska)","nazwaOboczna":null,"foto":null,"KAT":"Skała","skaloplan":null},"geometry":{"type":"Point","coordinates":[19.7422193519286,50.158724014632398]}},
{"type":"Feature","properties":{"X":19.742609279187601,"Y":50.1653295970833,"aktualnosc":null,"Name":"Skała LXX","wysokosc":null,"LINK":"<a href=\"\" target=\"_blank\"></a>","TOPO":null,"rejon":null,"wojewodztwo":"małopolskie","powiat":"krakowski","gmina":"Wielka Wieś-gmina wiejska","nazwaOboczna":null,"foto":null,"KAT":"Skała","skaloplan":null},"geometry":{"type":"Point","coordinates":[19.742609279187601,50.1653295970833]}},
{"type":"Feature","properties":{"X":19.7424963576177,"Y":50.166847917029699,"aktualnosc":null,"Name":"Zapytajnik","wysokosc":null,"LINK":"<a href=\"\" target=\"_blank\"></a>","TOPO":null,"rejon":null,"wojewodztwo":"małopolskie","powiat":"krakowski","gmina":"Wielka Wieś-gmina wiejska","nazwaOboczna":null,"foto":null,"KAT":"Skała","skaloplan":null},"geometry":{"type":"Point","coordinates":[19.7424963576177,50.166847917029699]}},
{"type":"Feature","properties":{"X":19.742552304579501,"Y":50.167034094551298,"aktualnosc":null,"Name":"Rogata Grań","wysokosc":null,"LINK":"<a href=\"\" target=\"_blank\"></a>","TOPO":null,"rejon":null,"wojewodztwo":"małopolskie","powiat":"krakowski","gmina":"Wielka Wieś-gmina wiejska","nazwaOboczna":null,"foto":null,"KAT":"Skała","skaloplan":null},"geometry":{"type":"Point","coordinates":[19.742552304579501,50.167034094551298]}},
{"type":"Feature","properties":{"X":19.742871611629901,"Y":50.1681266710236,"aktualnosc":null,"Name":"Futerko","wysokosc":null,"LINK":"<a href=\"\" target=\"_blank\"></a>","TOPO":null,"rejon":null,"wojewodztwo":"małopolskie","powiat":"krakowski","gmina":"Wielka Wieś-gmina wiejska","nazwaOboczna":null,"foto":null,"KAT":"Skała","skaloplan":null},"geometry":{"type":"Point","coordinates":[19.742871611629901,50.1681266710236]}},
{"type":"Feature","properties":{"X":19.743035579218599,"Y":50.168583040117099,"aktualnosc":null,"Name":"Bunkier","wysokosc":null,"LINK":"<a href=\"\" target=\"_blank\"></a>","TOPO":null,"rejon":null,"wojewodztwo":"małopolskie","powiat":"krakowski","gmina":"Wielka Wieś-gmina wiejska","nazwaOboczna":null,"foto":null,"KAT":"Skała","skaloplan":null},"geometry":{"type":"Point","coordinates":[19.743035579218599,50.168583040117099]}},
{"type":"Feature","properties":{"X":19.729563491481098,"Y":50.175317349703398,"aktualnosc":null,"Name":"Skała nad Polaną","wysokosc":null,"LINK":"<a href=\"\" target=\"_blank\"></a>","TOPO":null,"rejon":null,"wojewodztwo":"małopolskie","powiat":"krakowski","gmina":"Wielka Wieś-gmina wiejska","nazwaOboczna":null,"foto":null,"KAT":"Skała","skaloplan":null},"geometry":{"type":"Point","coordinates":[19.729563491481098,50.175317349703398]}},
{"type":"Feature","properties":{"X":19.7418427333563,"Y":50.169732276081803,"aktualnosc":null,"Name":"Grań za Wysoką","wysokosc":null,"LINK":"<a href=\"\" target=\"_blank\"></a>","TOPO":null,"rejon":null,"wojewodztwo":"małopolskie","powiat":"krakowski","gmina":"Wielka Wieś-gmina wiejska","nazwaOboczna":null,"foto":null,"KAT":"Skała","skaloplan":null},"geometry":{"type":"Point","coordinates":[19.7418427333563,50.169732276081803]}},
{"type":"Feature","properties":{"X":19.742061062963401,"Y":50.169482305187103,"aktualnosc":null,"Name":"Wysoka Grań-Mała Baszta","wysokosc":null,"LINK":"<a href=\"\" target=\"_blank\"></a>","TOPO":null,"rejon":null,"wojewodztwo":"małopolskie","powiat":"krakowski","gmina":"Wielka Wieś-gmina wiejska","nazwaOboczna":null,"foto":null,"KAT":"Skała","skaloplan":null},"geometry":{"type":"Point","coordinates":[19.742061062963401,50.169482305187103]}},
{"type":"Feature","properties":{"X":19.742656011142898,"Y":50.169050534198199,"aktualnosc":null,"Name":"Ściana pod Ogrodem","wysokosc":null,"LINK":"<a href=\"\" target=\"_blank\"></a>","TOPO":null,"rejon":null,"wojewodztwo":"małopolskie","powiat":"krakowski","gmina":"Wielka Wieś-gmina wiejska","nazwaOboczna":null,"foto":null,"KAT":"Skała","skaloplan":null},"geometry":{"type":"Point","coordinates":[19.742656011142898,50.169050534198199]}},
{"type":"Feature","properties":{"X":19.742190696167601,"Y":50.169011202638998,"aktualnosc":null,"Name":"Sarkofag","wysokosc":null,"LINK":"<a href=\"\" target=\"_blank\"></a>","TOPO":null,"rejon":null,"wojewodztwo":"małopolskie","powiat":"krakowski","gmina":"Wielka Wieś-gmina wiejska","nazwaOboczna":null,"foto":null,"KAT":"Skała","skaloplan":null},"geometry":{"type":"Point","coordinates":[19.742190696167601,50.169011202638998]}},
{"type":"Feature","properties":{"X":19.7420044342824,"Y":50.169548594575403,"aktualnosc":null,"Name":"Wysoka Grań-Dolna Baszta","wysokosc":null,"LINK":"<a href=\"\" target=\"_blank\"></a>","TOPO":null,"rejon":null,"wojewodztwo":"małopolskie","powiat":"krakowski","gmina":"Wielka Wieś-gmina wiejska","nazwaOboczna":null,"foto":null,"KAT":"Skała","skaloplan":null},"geometry":{"type":"Point","coordinates":[19.7420044342824,50.169548594575403]}},
{"type":"Feature","properties":{"X":19.742422671375198,"Y":50.169463076602597,"aktualnosc":null,"Name":"Wysoka Grań-Górna Baszta","wysokosc":null,"LINK":"<a href=\"\" target=\"_blank\"></a>","TOPO":null,"rejon":null,"wojewodztwo":"małopolskie","powiat":"krakowski","gmina":"Wielka Wieś-gmina wiejska","nazwaOboczna":null,"foto":null,"KAT":"Skała","skaloplan":null},"geometry":{"type":"Point","coordinates":[19.742422671375198,50.169463076602597]}},
{"type":"Feature","properties":{"X":19.742201612648,"Y":50.169522510384297,"aktualnosc":null,"Name":"Wysoka Grań-Środkowa Baszta","wysokosc":null,"LINK":"<a href=\"\" target=\"_blank\"></a>","TOPO":null,"rejon":null,"wojewodztwo":"małopolskie","powiat":"krakowski","gmina":"Wielka Wieś-gmina wiejska","nazwaOboczna":null,"foto":null,"KAT":"Skała","skaloplan":null},"geometry":{"type":"Point","coordinates":[19.742201612648,50.169522510384297]}},
{"type":"Feature","properties":{"X":19.742323058492001,"Y":50.169504155841899,"aktualnosc":null,"Name":"Wysoka Grań","wysokosc":null,"LINK":"<a href=\"\" target=\"_blank\"></a>","TOPO":null,"rejon":null,"wojewodztwo":"małopolskie","powiat":"krakowski","gmina":"Wielka Wieś-gmina wiejska","nazwaOboczna":null,"foto":null,"KAT":"Skała","skaloplan":null},"geometry":{"type":"Point","coordinates":[19.742323058492001,50.169504155841899]}},
{"type":"Feature","properties":{"X":19.743047639875702,"Y":50.1759514652598,"aktualnosc":null,"Name":"Dupa Słonia (Będkowska Baszta)","wysokosc":null,"LINK":"<a href=\"https://topo.wspinka.org/grupa-bedkowskiej-baszty/bedkowska-baszta-dupa-slonia\" target=\"_blank\">LINK</a>","TOPO":"<a href=\"./Skaly/36/Dupa_Slonia/T-Bedkowska_Dupa_Slonia.pdf\" target=\"_blank\">TOPO</a>","rejon":null,"wojewodztwo":"małopolskie","powiat":"krakowski","gmina":"Jerzmanowice-Przeginia (gm. wiejska)","nazwaOboczna":null,"foto":null,"KAT":"Skała","skaloplan":null},"geometry":{"type":"Point","coordinates":[19.743047639875702,50.1759514652598]}},
{"type":"Feature","properties":{"X":19.561410991399999,"Y":50.449704888699998,"aktualnosc":"2025-02-16","Name":"Baszty z Niebieskim Szlakiem","wysokosc":null,"LINK":"<a href=\"\" target=\"_blank\"></a>","TOPO":null,"rejon":"Podzamcze","wojewodztwo":"śląskie","powiat":"zawierciański","gmina":"Ogrodzieniec (gm. miejsko-wiejska)","nazwaOboczna":null,"foto":null,"KAT":"Skała","skaloplan":null},"geometry":{"type":"Point","coordinates":[19.561410991399999,50.449704888699998]}},
{"type":"Feature","properties":{"X":19.564497578699999,"Y":50.448921777499997,"aktualnosc":"2025-02-16","Name":"Okręt","wysokosc":null,"LINK":"<a href=\"\" target=\"_blank\"></a>","TOPO":null,"rejon":"Podzamcze","wojewodztwo":"śląskie","powiat":"zawierciański","gmina":"Ogrodzieniec (gm. miejsko-wiejska)","nazwaOboczna":null,"foto":"<a href=\".Skaly/Ogrodzieniec/Podzamcze/Okret/img/O.jpg\" target=\"_blank\">FOTO</a>","KAT":"Skała","skaloplan":null},"geometry":{"type":"Point","coordinates":[19.564369934526937,50.448887123939848]}},
{"type":"Feature","properties":{"X":19.553323957663,"Y":50.451483291190101,"aktualnosc":"2025-02-16","Name":"Czubatka","wysokosc":null,"LINK":"<a href=\"\" target=\"_blank\"></a>","TOPO":null,"rejon":"Podzamcze","wojewodztwo":"śląskie","powiat":"zawierciański","gmina":"Ogrodzieniec (gm. miejsko-wiejska)","nazwaOboczna":null,"foto":null,"KAT":"Skała","skaloplan":null},"geometry":{"type":"Point","coordinates":[19.553323957662968,50.451483291190073]}},
{"type":"Feature","properties":{"X":19.569293625154199,"Y":50.441175742735297,"aktualnosc":null,"Name":"Sitowina","wysokosc":null,"LINK":"<a href=\"\" target=\"_blank\"></a>","TOPO":null,"rejon":null,"wojewodztwo":null,"powiat":"zawierciański","gmina":"Ogrodzieniec-gmina miejsko-wiejska","nazwaOboczna":null,"foto":null,"KAT":"Skała","skaloplan":null},"geometry":{"type":"Point","coordinates":[19.569293625154199,50.441175742735297]}},
{"type":"Feature","properties":{"X":19.528026722300002,"Y":50.573246023800003,"aktualnosc":null,"Name":"Młyny","wysokosc":null,"LINK":"<a href=\"\" target=\"_blank\"></a>","TOPO":null,"rejon":"Podlesice | Góra Zborów","wojewodztwo":"śląskie","powiat":"zawierciański","gmina":"Kroczyce","nazwaOboczna":null,"foto":null,"KAT":"Skała","skaloplan":null},"geometry":{"type":"Point","coordinates":[19.528026722300002,50.573246023800003]}},
{"type":"Feature","properties":{"X":19.527725458300001,"Y":50.573545915300002,"aktualnosc":null,"Name":"Młynarz","wysokosc":null,"LINK":"<a href=\"\" target=\"_blank\"></a>","TOPO":null,"rejon":"Podlesice | Góra Zborów","wojewodztwo":"śląskie","powiat":"zawierciański","gmina":"Kroczyce","nazwaOboczna":null,"foto":null,"KAT":"Skała","skaloplan":null},"geometry":{"type":"Point","coordinates":[19.527725458300001,50.573545915300002]}},
{"type":"Feature","properties":{"X":19.528277704499999,"Y":50.573506473599998,"aktualnosc":null,"Name":"Biała Baszta","wysokosc":null,"LINK":"<a href=\"\" target=\"_blank\"></a>","TOPO":null,"rejon":"Podlesice | Góra Zborów","wojewodztwo":"śląskie","powiat":"zawierciański","gmina":"Kroczyce","nazwaOboczna":null,"foto":null,"KAT":"Skała","skaloplan":null},"geometry":{"type":"Point","coordinates":[19.528277704499999,50.573506473599998]}},
{"type":"Feature","properties":{"X":19.745202857817901,"Y":50.175296796012397,"aktualnosc":null,"Name":"Okiennik Będkowski","wysokosc":null,"LINK":"<a href=\"\" target=\"_blank\"></a>","TOPO":null,"rejon":null,"wojewodztwo":"małopolskie","powiat":"krakowski","gmina":"Wielka Wieś-gmina wiejska","nazwaOboczna":null,"foto":null,"KAT":"Skała","skaloplan":null},"geometry":{"type":"Point","coordinates":[19.745202857817901,50.175296796012397]}},
{"type":"Feature","properties":{"X":19.758682715244699,"Y":50.208544993586798,"aktualnosc":null,"Name":"Goła","wysokosc":"10","LINK":"<a href=\"https://topo.portalgorski.pl/Go%C5%82a,Fiala-i-Wzg%C3%B3rze-502,Dolina-B%C4%99dkowska,Jura-Krakowsko-Cz%C4%99stochowska,skala,786\"target=\"_blank\"LINK</a>","TOPO":null,"rejon":"DolinaBdkowska|Część północna","wojewodztwo":"małopolskie","powiat":"krakowski","gmina":"Jerzmanowice-Przeginia (gm. wiejska)","nazwaOboczna":null,"foto":null,"KAT":"Skała","skaloplan":null},"geometry":{"type":"Point","coordinates":[19.758682715244699,50.208544993586798]}},
{"type":"Feature","properties":{"X":19.755203813467599,"Y":50.210074022761297,"aktualnosc":"2025-03-02","Name":"Śpiewacza (Filipkowa)","wysokosc":"8","LINK":"<a href=\"https://www.goryonline.com/spiewacza-skala---topo,2005992,i.html\" target=\"_blank\">TOPO</a>","TOPO":"<a href=\"./Skaly/36/Spiewacza/T-Bedkowska_PN_Spiewacza.jpg\" target=\"_blank\">TOPO</a>","rejon":"Dolina Będkowska|Częsć północna","wojewodztwo":"małopolskie","powiat":"krakowski","gmina":"Jerzmanowice-Przeginia (gm. wiejska)","nazwaOboczna":"Filipkowa","foto":null,"KAT":"Skała","skaloplan":null},"geometry":{"type":"Point","coordinates":[19.755203813467599,50.210074022761297]}},
{"type":"Feature","properties":{"X":19.674833296216999,"Y":50.428257235893597,"aktualnosc":"2025-02-18","Name":"Zegarowa","wysokosc":"30","LINK":"<a href=\"https://topo.wspinka.org/zegarowe-skaly/zegarowa\" target=\"_blank\">LINK</a>","TOPO":"<a href=\"./Skaly/23/Zegarowa/T-SMOLEN_ZEGAROWA.pdf\" target=\"_blank\">TOPO</a>","rejon":"Smoleń","wojewodztwo":"Małopolskie","powiat":"olkuski","gmina":"Wolbrom (gm. miejsko-wiejska)","nazwaOboczna":null,"foto":null,"KAT":"Skała","skaloplan":null},"geometry":{"type":"Point","coordinates":[19.674838446911977,50.42828584655328]}},
{"type":"Feature","properties":{"X":19.674265283822201,"Y":50.428164327226597,"aktualnosc":"2025-02-18","Name":"Mała Zegarowa","wysokosc":"20","LINK":"<a href=\"https://topo.wspinka.org/zegarowe-skaly/mala-zegarowa\" target=\"_blank\">LINK</a>","TOPO":"<a href=\"./Skaly/23/Mala_Zegarowa/T-SMOLEN_MALA_ZEGAROWA.pdf\" target=\"_blank\">TOPO</a>","rejon":"Smoleń","wojewodztwo":"Małopolskie","powiat":"olkuski","gmina":"Wolbrom (gm. miejsko-wiejska)","nazwaOboczna":null,"foto":null,"KAT":"Skała","skaloplan":null},"geometry":{"type":"Point","coordinates":[19.674265283822201,50.428164327226597]}},
{"type":"Feature","properties":{"X":19.674473092717999,"Y":50.4284755300488,"aktualnosc":"2025-02-18","Name":"Kursowa","wysokosc":"12","LINK":"<a href=\"https://topo.wspinka.org/zegarowe-skaly/kursowa\" target=\"_blank\">LINK</a>","TOPO":"<a href=\"./Skaly/23/Kursowa/T-SMOLEN_KURSOWA.pdf\" target=\"_blank\">TOPO</a>","rejon":"Smoleń","wojewodztwo":"Małopolskie","powiat":"olkuski","gmina":"Wolbrom (gm. miejsko-wiejska)","nazwaOboczna":null,"foto":null,"KAT":"Skała","skaloplan":null},"geometry":{"type":"Point","coordinates":[19.674473092717999,50.4284755300488]}},
{"type":"Feature","properties":{"X":19.674533010842001,"Y":50.428758828624098,"aktualnosc":"2025-02-18","Name":"Żagiel","wysokosc":"15","LINK":"<a href=\"https://topo.wspinka.org/topo/zagiel\" target=\"_blank\">LINK</a>","TOPO":"<a href=\"./Skaly/23/Zagiel/T-SMOLEN_ZAGIEL.pdf\" target=\"_blank\">TOPO</a>","rejon":"Smoleń","wojewodztwo":"Małopolskie","powiat":"olkuski","gmina":"Wolbrom (gm. miejsko-wiejska)","nazwaOboczna":null,"foto":null,"KAT":"Skała","skaloplan":null},"geometry":{"type":"Point","coordinates":[19.674533010842001,50.428758828624098]}},
{"type":"Feature","properties":{"X":19.674039232635099,"Y":50.4289739286029,"aktualnosc":"2025-02-18","Name":"Dolne Skały","wysokosc":"16","LINK":"<a href=\"https://topo.wspinka.org/zegarowe-skaly/dolne-skaly\" target=\"_blank\">LINK</a>","TOPO":"<a href=\"./Skaly/23/Dolne_SkalyT-SMOLEN_DOLNE_SKALY.pdf\" target=\"_blank\">TOPO</a>","rejon":"Smoleń","wojewodztwo":"Małopolskie","powiat":"olkuski","gmina":"Wolbrom (gm. miejsko-wiejska)","nazwaOboczna":null,"foto":null,"KAT":"Skała","skaloplan":null},"geometry":{"type":"Point","coordinates":[19.674039232635099,50.4289739286029]}},
{"type":"Feature","properties":{"X":19.675844099867,"Y":50.428262278586999,"aktualnosc":"2025-02-18","Name":"Siekierezada","wysokosc":"16","LINK":"<a href=\"https://topo.wspinka.org/zegarowe-skaly/siekierezada\" target=\"_blank\">LINK</a>","TOPO":"<a href=\"./Skaly/23/Siekierezada/T-SMOLEN_SIEKIEREZADA.pdf\" target=\"_blank\">TOPO</a>","rejon":"Smoleń","wojewodztwo":"Małopolskie","powiat":"olkuski","gmina":"Wolbrom (gm. miejsko-wiejska)","nazwaOboczna":null,"foto":null,"KAT":"Skała","skaloplan":null},"geometry":{"type":"Point","coordinates":[19.675844099867,50.428262278586999]}},
{"type":"Feature","properties":{"X":19.6745607455582,"Y":50.428088232022603,"aktualnosc":"2025-02-18","Name":"Wieloryb","wysokosc":"15","LINK":"<a href=\"https://topo.wspinka.org/zegarowe-skaly/wieloryb\" target=\"_blank\">LINK</a>","TOPO":"<a href=\"./Skaly/23/Wieloryb/T-SMOLEN_WIELORYB.pdf\" target=\"_blank\">TOPO</a>","rejon":"Smoleń","wojewodztwo":"Małopolskie","powiat":"olkuski","gmina":"Wolbrom (gm. miejsko-wiejska)","nazwaOboczna":null,"foto":null,"KAT":"Skała","skaloplan":null},"geometry":{"type":"Point","coordinates":[19.6745607455582,50.428088232022603]}},
{"type":"Feature","properties":{"X":19.6754189797281,"Y":50.4285007881019,"aktualnosc":"2025-02-18","Name":"Szara Płyta","wysokosc":"18","LINK":"<a href=\"https://topo.wspinka.org/zegarowe-skaly/szara-plyta\" target=\"_blank\">LINK</a>","TOPO":"<a href=\"./Skaly/23/Szara_Plyta/T-SMOLEN_SZARA_PLYTA.pdf\" target=\"_blank\">TOPO</a>","rejon":"Smoleń","wojewodztwo":"Małopolskie","powiat":"olkuski","gmina":"Wolbrom (gm. miejsko-wiejska)","nazwaOboczna":null,"foto":null,"KAT":"Skała","skaloplan":null},"geometry":{"type":"Point","coordinates":[19.6754189797281,50.4285007881019]}},
{"type":"Feature","properties":{"X":19.675513654753001,"Y":50.427734592794401,"aktualnosc":"2025-02-18","Name":"Jaskinia Jasna","wysokosc":"16","LINK":"<a href=\"https://topo.wspinka.org/zegarowe-skaly/jaskinia-jasna\" target=\"_blank\">LINK</a>","TOPO":"<a href=\"./Skaly/23/Jaskinia_Jasna/T-SMOLEN_JASKINIA_JASNA.pdf\" target=\"_blank\">TOPO</a>","rejon":"Smoleń","wojewodztwo":"Małopolskie","powiat":"olkuski","gmina":"Wolbrom (gm. miejsko-wiejska)","nazwaOboczna":null,"foto":null,"KAT":"Skała","skaloplan":null},"geometry":{"type":"Point","coordinates":[19.675513654753001,50.427734592794401]}},
{"type":"Feature","properties":{"X":19.549741057989699,"Y":50.587653454549503,"aktualnosc":"2013-06-18","Name":"Północny Bastion","wysokosc":null,"LINK":"<a href=\"\" target=\"_blank\"></a>","TOPO":null,"rejon":"Skały Kroczyckie | Jastrzębnik","wojewodztwo":"śląskie","powiat":"zawierciański","gmina":"Kroczyce","nazwaOboczna":null,"foto":null,"KAT":"Skała","skaloplan":null},"geometry":{"type":"Point","coordinates":[19.549741057989699,50.587653454549503]}},
{"type":"Feature","properties":{"X":19.340154055739099,"Y":50.678857073570498,"aktualnosc":"2020-10-29","Name":"Biedruniowa","wysokosc":"17","LINK":"https://topo.portalgorski.pl/Biedruniowa-Ska%C5%82a,Suliszowice,Dolina-Wiercicy,Jura-Krakowsko-Cz%C4%99stochowska,skala,632","TOPO":"Zamknięta dla wspinaczy - Brak zgody właściciela","rejon":"Suliszowice","wojewodztwo":"śląskie","powiat":"myszkowski","gmina":" Żarki","nazwaOboczna":null,"foto":null,"KAT":"Skała","skaloplan":null},"geometry":{"type":"Point","coordinates":[19.340365857088209,50.679057644659359]}},
{"type":"Feature","properties":{"X":19.338169562009501,"Y":50.670314687226202,"aktualnosc":"2020-10-29","Name":"Smok","wysokosc":"15","LINK":"","TOPO":null,"rejon":"Suliszowice","wojewodztwo":"śląskie","powiat":"myszkowski","gmina":" Żarki","nazwaOboczna":null,"foto":null,"KAT":"Skała","skaloplan":null},"geometry":{"type":"Point","coordinates":[19.33815765288535,50.670365062390097]}},
{"type":"Feature","properties":{"X":19.368640915986202,"Y":50.671288367524603,"aktualnosc":"2020-10-29","Name":"Hajduczek","wysokosc":"15","LINK":"<a href=\"https://topo.portalgorski.pl/Kazalnica-Suliszowicka,Suliszowice,Dolina-Wiercicy,Jura-Krakowsko-Cz%C4%99stochowska,skala,640\" target=\"_blank\">TOPO</a>","TOPO":null,"rejon":"Suliszowice|Zastudnie","wojewodztwo":"śląskie","powiat":"myszkowski","gmina":" Żarki","nazwaOboczna":null,"foto":null,"KAT":"Skała","skaloplan":"<a href=\" \" target=\"_blank\">TOPO</a>"},"geometry":{"type":"Point","coordinates":[19.368640915986202,50.671288367524603]}},
{"type":"Feature","properties":{"X":19.367960943302698,"Y":50.675336726189897,"aktualnosc":"2020-10-29","Name":"Jaskiniówka","wysokosc":"10","LINK":"<a href=\"\" target=\"_blank\"></a>","TOPO":null,"rejon":"Suliszowice","wojewodztwo":"śląskie","powiat":"myszkowski","gmina":" Żarki","nazwaOboczna":null,"foto":null,"KAT":"Skała","skaloplan":null},"geometry":{"type":"Point","coordinates":[19.367960943302698,50.675336726189897]}},
{"type":"Feature","properties":{"X":19.368853393638101,"Y":50.681673954089597,"aktualnosc":"2023-05-15","Name":"Jelonek","wysokosc":"10","LINK":"<a href=\"\" target=\"_blank\"></a>","TOPO":null,"rejon":"Suliszowice|Zastudnie","wojewodztwo":"śląskie","powiat":"myszkowski","gmina":" Żarki","nazwaOboczna":null,"foto":null,"KAT":"Skała","skaloplan":"<a href=\" \" target=\"_blank\">TOPO</a>"},"geometry":{"type":"Point","coordinates":[19.368853393638101,50.681673954089597]}},
{"type":"Feature","properties":{"X":19.379941507497801,"Y":50.6781157603113,"aktualnosc":"2020-10-29","Name":"Ślimak","wysokosc":null,"LINK":"<a href=\"\" target=\"_blank\"></a>","TOPO":null,"rejon":"Suliszowice|Zastudnie","wojewodztwo":"śląskie","powiat":"częstochowski","gmina":"Janów","nazwaOboczna":null,"foto":null,"KAT":"Skała","skaloplan":"<a href=\" \" target=\"_blank\">TOPO</a>"},"geometry":{"type":"Point","coordinates":[19.379941507497801,50.6781157603113]}},
{"type":"Feature","properties":{"X":19.384348382558599,"Y":50.680001783768603,"aktualnosc":"2025-02-18","Name":"Skały Pustelnika","wysokosc":null,"LINK":"<a href=\"http://toprope.pl/index.php/topo/polska/1223-skaly-pustelnika-suliszowice-topo-rejonu-wspinaczkowego-2020\" target=\"_blank\">LINK</a>","TOPO":"<a href=\"./Skaly/10/Suliszowice/T-SULISZOWICE_PUSTELNIKA.pdf\" target=\"_blank\">TOPO</a>","rejon":"Suliszowice|Zastudnie","wojewodztwo":"śląskie","powiat":"częstochowski","gmina":"Janów","nazwaOboczna":null,"foto":null,"KAT":"Skała","skaloplan":null},"geometry":{"type":"Point","coordinates":[19.384348382558599,50.680001783768603]}},
{"type":"Feature","properties":{"X":19.381980084949198,"Y":50.678906438579702,"aktualnosc":"2020-10-29","Name":"Maślak","wysokosc":null,"LINK":"<a href=\"\" target=\"_blank\"></a>","TOPO":null,"rejon":"Suliszowice|Zastudnie","wojewodztwo":"śląskie","powiat":"częstochowski","gmina":"Janów","nazwaOboczna":null,"foto":null,"KAT":"Skała","skaloplan":"<a href=\" \" target=\"_blank\">TOPO</a>"},"geometry":{"type":"Point","coordinates":[19.381980084949198,50.678906438579702]}},
{"type":"Feature","properties":{"X":19.388407857088598,"Y":50.681333344398901,"aktualnosc":"2020-10-29","Name":"Spiralna","wysokosc":null,"LINK":"<a href=\"\" target=\"_blank\"></a>","TOPO":null,"rejon":"Suliszowice|Zastudnie","wojewodztwo":"śląskie","powiat":"częstochowski","gmina":"Janów","nazwaOboczna":null,"foto":null,"KAT":"Skała","skaloplan":"<a href=\" \" target=\"_blank\">TOPO</a>"},"geometry":{"type":"Point","coordinates":[19.388407857088598,50.681333344398901]}},
{"type":"Feature","properties":{"X":19.380549350267898,"Y":50.684087881277499,"aktualnosc":"2023-05-15","Name":"Dinozaur","wysokosc":"10","LINK":"<a href=\"http://www.toprope.pl/index.php/topo/1066-dinozaur-siedlec-topo-rejonu-wspinaczkowego-2018\" target=\"_blank\">LINK</a>","TOPO":null,"rejon":"Suliszowice|Zastudnie","wojewodztwo":"śląskie","powiat":"częstochowski","gmina":"Janów","nazwaOboczna":null,"foto":null,"KAT":"Skała","skaloplan":"<a href=\" \" target=\"_blank\">TOPO</a>"},"geometry":{"type":"Point","coordinates":[19.380549350267898,50.684087881277499]}},
{"type":"Feature","properties":{"X":19.3775936447196,"Y":50.676409701460599,"aktualnosc":"2024-08-23","Name":"Zawiecha","wysokosc":null,"LINK":"<a href=\" http://toprope.pl/index.php/topo/polska/1289-zawiecha-suliszowice-topo-rejonu-wspinaczkowego-2021\" target=\"_blank\">LINK</a>","TOPO":null,"rejon":"Suliszowice|Zastudnie","wojewodztwo":"śląskie","powiat":"częstochowski","gmina":"Janów","nazwaOboczna":null,"foto":null,"KAT":"Skała","skaloplan":"<a href=\" \" target=\"_blank\">TOPO</a>"},"geometry":{"type":"Point","coordinates":[19.3775936447196,50.676409701460599]}},
{"type":"Feature","properties":{"X":19.379799947539802,"Y":50.675950310011999,"aktualnosc":"2024-08-23","Name":"Ostatnie","wysokosc":null,"LINK":"<a href=\" http://toprope.pl/index.php/topo/polska/1289-zawiecha-suliszowice-topo-rejonu-wspinaczkowego-2021\" target=\"_blank\">LINK</a>","TOPO":null,"rejon":"Suliszowice|Zastudnie","wojewodztwo":"śląskie","powiat":"częstochowski","gmina":"Janów","nazwaOboczna":null,"foto":null,"KAT":"Skała","skaloplan":"<a href=\" \" target=\"_blank\">TOPO</a>"},"geometry":{"type":"Point","coordinates":[19.379799947539802,50.675950310011999]}},
{"type":"Feature","properties":{"X":19.380210189883901,"Y":50.675728811168902,"aktualnosc":"2024-08-23","Name":"Lisia","wysokosc":null,"LINK":"<a href=\" http://toprope.pl/index.php/topo/polska/1289-zawiecha-suliszowice-topo-rejonu-wspinaczkowego-2021\" target=\"_blank\">LINK</a>","TOPO":null,"rejon":"Suliszowice|Zastudnie","wojewodztwo":"śląskie","powiat":"częstochowski","gmina":"Janów","nazwaOboczna":null,"foto":null,"KAT":"Skała","skaloplan":"<a href=\" \" target=\"_blank\">TOPO</a>"},"geometry":{"type":"Point","coordinates":[19.380210189883901,50.675728811168902]}},
{"type":"Feature","properties":{"X":19.380959507938201,"Y":50.675750165787001,"aktualnosc":"2024-08-23","Name":"Czarny Pies","wysokosc":null,"LINK":"<a href=\" http://toprope.pl/index.php/topo/polska/1289-zawiecha-suliszowice-topo-rejonu-wspinaczkowego-2021\" target=\"_blank\">LINK</a>","TOPO":null,"rejon":"Suliszowice|Zastudnie","wojewodztwo":"śląskie","powiat":"częstochowski","gmina":"Janów","nazwaOboczna":null,"foto":null,"KAT":"Skała","skaloplan":"<a href=\" \" target=\"_blank\">TOPO</a>"},"geometry":{"type":"Point","coordinates":[19.380959507938201,50.675750165787001]}},
{"type":"Feature","properties":{"X":19.3805790082918,"Y":50.673859210482,"aktualnosc":"2024-08-23","Name":"Przecięta","wysokosc":null,"LINK":"<a href=\" https://wspinanie.pl/2018/04/tradowo-w-rejonie-zastudnia-jagodowa-i-studnia/\" target=\"_blank\">LINK</a>","TOPO":null,"rejon":"Suliszowice|Zastudnie","wojewodztwo":"śląskie","powiat":"częstochowski","gmina":"Janów","nazwaOboczna":null,"foto":null,"KAT":"Skała","skaloplan":"<a href=\" \" target=\"_blank\">TOPO</a>"},"geometry":{"type":"Point","coordinates":[19.3805790082918,50.673859210482]}},
{"type":"Feature","properties":{"X":19.380834595859,"Y":50.6730431831418,"aktualnosc":"2024-08-23","Name":"Studnia","wysokosc":null,"LINK":"<a href=\" https://wspinanie.pl/2018/04/tradowo-w-rejonie-zastudnia-jagodowa-i-studnia/\" target=\"_blank\">LINK</a>","TOPO":null,"rejon":"Suliszowice|Zastudnie","wojewodztwo":"śląskie","powiat":"częstochowski","gmina":"Janów","nazwaOboczna":null,"foto":null,"KAT":"Skała","skaloplan":"<a href=\" \" target=\"_blank\">TOPO</a>"},"geometry":{"type":"Point","coordinates":[19.380834595859,50.6730431831418]}},
{"type":"Feature","properties":{"X":19.3810276771686,"Y":50.684169622933801,"aktualnosc":"2023-05-15","Name":"Brama Brzegowa","wysokosc":"10","LINK":"<a href=\"https://wspinanie.pl/2018/04/brama-brzegowa-dinozaur/\" target=\"_blank\">LINK</a>","TOPO":null,"rejon":"Suliszowice|Zastudnie","wojewodztwo":"śląskie","powiat":"częstochowski","gmina":"Janów","nazwaOboczna":null,"foto":null,"KAT":"Skała","skaloplan":"<a href=\" \" target=\"_blank\">TOPO</a>"},"geometry":{"type":"Point","coordinates":[19.3810276771686,50.684169622933801]}},
{"type":"Feature","properties":{"X":19.379689961981999,"Y":50.683210039301102,"aktualnosc":"2023-05-15","Name":"Ostroga","wysokosc":"10","LINK":"<a href=\"https://wspinanie.pl/2018/07/ostroga-suliszowice-topo/\" target=\"_blank\">LINK</a>","TOPO":null,"rejon":"Suliszowice|Zastudnie","wojewodztwo":"śląskie","powiat":"częstochowski","gmina":"Janów","nazwaOboczna":null,"foto":null,"KAT":"Skała","skaloplan":"<a href=\" \" target=\"_blank\">TOPO</a>"},"geometry":{"type":"Point","coordinates":[19.379689961981999,50.683210039301102]}},
{"type":"Feature","properties":{"X":19.399880475067601,"Y":50.671094042294001,"aktualnosc":null,"Name":"Leśna Zjawa (Czaszka Ostrężnicka)","wysokosc":"14","LINK":"<a href=\"\" target=\"_blank\"></a>","TOPO":null,"rejon":"Dolina Wiercicy","wojewodztwo":"śląskie","powiat":"częstochowski","gmina":"Janów (gm. wiejska)","nazwaOboczna":"Czaszka Ostrężnicka","foto":null,"KAT":"Skała","skaloplan":null},"geometry":{"type":"Point","coordinates":[19.399880475067601,50.671094042294001]}},
{"type":"Feature","properties":{"X":19.538327471278699,"Y":50.4832573789054,"aktualnosc":"2013-06-18","Name":"Biały Kamień","wysokosc":null,"LINK":"<a href=\"\" target=\"_blank\"></a>","TOPO":null,"rejon":"Karlin","wojewodztwo":"ślaskie","powiat":"zawierciański","gmina":"Zawiercie-gmina miejska","nazwaOboczna":null,"foto":null,"KAT":"Skała","skaloplan":null},"geometry":{"type":"Point","coordinates":[19.538327471278699,50.4832573789054]}},
{"type":"Feature","properties":{"X":19.549991678287601,"Y":50.4913168913249,"aktualnosc":"2013-06-18","Name":"Nad Wsią","wysokosc":null,"LINK":"<a href=\"\" target=\"_blank\"></a>","TOPO":null,"rejon":"Karlin","wojewodztwo":"śląskie","powiat":"zawierciański","gmina":"Zawiercie-gmina miejska","nazwaOboczna":null,"foto":null,"KAT":"Skała","skaloplan":null},"geometry":{"type":"Point","coordinates":[19.549991678287601,50.4913168913249]}},
{"type":"Feature","properties":{"X":19.5427798274299,"Y":50.498541953732101,"aktualnosc":"2013-06-18","Name":"Reniferowa","wysokosc":null,"LINK":"<a href=\"\" target=\"_blank\"></a>","TOPO":null,"rejon":"Karlin","wojewodztwo":"śląskie","powiat":"zawierciański","gmina":"Zawiercie-gmina miejska","nazwaOboczna":null,"foto":null,"KAT":"Skała","skaloplan":null},"geometry":{"type":"Point","coordinates":[19.5427798274299,50.498541953732101]}},
{"type":"Feature","properties":{"X":19.529465465991901,"Y":50.478627667566201,"aktualnosc":"2013-06-18","Name":"Rzędowa Skała","wysokosc":null,"LINK":"<a href=\"\" target=\"_blank\"></a>","TOPO":null,"rejon":"Bzów","wojewodztwo":"ślaskie","powiat":"zawierciański","gmina":"Zawiercie-gmina miejska","nazwaOboczna":null,"foto":null,"KAT":"Skała","skaloplan":null},"geometry":{"type":"Point","coordinates":[19.529465465991901,50.478627667566201]}},
{"type":"Feature","properties":{"X":19.553966670156399,"Y":50.454663649437201,"aktualnosc":"2025-02-16","Name":"Biały Filar","wysokosc":null,"LINK":"<a href=\"\" target=\"_blank\"></a>","TOPO":null,"rejon":"Podzamcze","wojewodztwo":"śląskie","powiat":"zawierciański","gmina":"Ogrodzieniec (gm. miejsko-wiejska)","nazwaOboczna":null,"foto":null,"KAT":"Skała","skaloplan":null},"geometry":{"type":"Point","coordinates":[19.553966670156399,50.454663649437201]}},
{"type":"Feature","properties":{"X":19.4007204643367,"Y":50.674839778462903,"aktualnosc":null,"Name":"Ostrężnik","wysokosc":"18","LINK":"<a href=\"http://toprope.pl/index.php/topo/polska/901-ostreznik-dol-wiercicy-topo-rejonu-wspinaczkowego-2017\" target=\"_blank\">LINK</a>","TOPO":null,"rejon":"Dolina Wiercicy","wojewodztwo":"śląskie","powiat":"częstochowski","gmina":"Janów (gm. wiejska)","nazwaOboczna":"Czaszka Ostrężnicka","foto":null,"KAT":"Skała","skaloplan":null},"geometry":{"type":"Point","coordinates":[19.4007204643367,50.674839778462903]}},
{"type":"Feature","properties":{"X":19.391075860273698,"Y":50.669758281132303,"aktualnosc":null,"Name":"Proxima","wysokosc":"14","LINK":"<a href=\"\" target=\"_blank\"></a>","TOPO":null,"rejon":"Dolina Wiercicy","wojewodztwo":"śląskie","powiat":"częstochowski","gmina":"Janów (gm. wiejska)","nazwaOboczna":null,"foto":null,"KAT":"Skała","skaloplan":null},"geometry":{"type":"Point","coordinates":[19.391075860273698,50.669758281132303]}},
{"type":"Feature","properties":{"X":19.389120976156399,"Y":50.668664477385498,"aktualnosc":null,"Name":"Biały Pies","wysokosc":"14","LINK":"<a href=\"\" target=\"_blank\"></a>","TOPO":null,"rejon":"Dolina Wiercicy","wojewodztwo":"śląskie","powiat":"częstochowski","gmina":"Janów (gm. wiejska)","nazwaOboczna":null,"foto":null,"KAT":"Skała","skaloplan":null},"geometry":{"type":"Point","coordinates":[19.389120976156399,50.668664477385498]}},
{"type":"Feature","properties":{"X":19.390495504051302,"Y":50.668190165184697,"aktualnosc":null,"Name":"Czarny Kot","wysokosc":"12","LINK":"<a href=\"\" target=\"_blank\"></a>","TOPO":null,"rejon":"Dolina Wiercicy","wojewodztwo":"śląskie","powiat":"częstochowski","gmina":"Janów (gm. wiejska)","nazwaOboczna":null,"foto":null,"KAT":"Skała","skaloplan":null},"geometry":{"type":"Point","coordinates":[19.390495504051302,50.668190165184697]}},
{"type":"Feature","properties":{"X":19.388540619933998,"Y":50.6670382441757,"aktualnosc":null,"Name":"Kopciówki","wysokosc":"12","LINK":"<a href=\"\" target=\"_blank\"></a>","TOPO":null,"rejon":"Dolina Wiercicy","wojewodztwo":"śląskie","powiat":"częstochowski","gmina":"Janów (gm. wiejska)","nazwaOboczna":null,"foto":null,"KAT":"Skała","skaloplan":null},"geometry":{"type":"Point","coordinates":[19.388540619933998,50.6670382441757]}},
{"type":"Feature","properties":{"X":19.404760049094801,"Y":50.668064326449603,"aktualnosc":null,"Name":"Laboratorium","wysokosc":"12","LINK":"<a href=\"\" target=\"_blank\"></a>","TOPO":null,"rejon":"Dolina Wiercicy | Czatachowa","wojewodztwo":"śląskie","powiat":"myszkowski","gmina":"Żarki (gm. wiejska)","nazwaOboczna":"Kopciówki","foto":null,"KAT":"Skała","skaloplan":null},"geometry":{"type":"Point","coordinates":[19.404760049094801,50.668064326449603]}},
{"type":"Feature","properties":{"X":19.4053709503814,"Y":50.666346109977397,"aktualnosc":null,"Name":"Kieł","wysokosc":"12","LINK":"<a href=\"\" target=\"_blank\"></a>","TOPO":null,"rejon":"Dolina Wiercicy | Czatachowa","wojewodztwo":"śląskie","powiat":"myszkowski","gmina":"Żarki (gm. wiejska)","nazwaOboczna":null,"foto":null,"KAT":"Skała","skaloplan":null},"geometry":{"type":"Point","coordinates":[19.4053709503814,50.666346109977397]}},
{"type":"Feature","properties":{"X":19.405271678922301,"Y":50.666012139477203,"aktualnosc":null,"Name":"Dziurawa","wysokosc":"10","LINK":"<a href=\"\" target=\"_blank\"></a>","TOPO":null,"rejon":"Dolina Wiercicy | Czatachowa","wojewodztwo":"śląskie","powiat":"myszkowski","gmina":"Żarki (gm. wiejska)","nazwaOboczna":null,"foto":null,"KAT":"Skała","skaloplan":null},"geometry":{"type":"Point","coordinates":[19.405271678922301,50.666012139477203]}},
{"type":"Feature","properties":{"X":19.4029884353635,"Y":50.665595883064398,"aktualnosc":null,"Name":"Verdon","wysokosc":"10","LINK":"<a href=\"\" target=\"_blank\"></a>","TOPO":null,"rejon":"Dolina Wiercicy | Czatachowa","wojewodztwo":"śląskie","powiat":"myszkowski","gmina":"Żarki (gm. wiejska)","nazwaOboczna":null,"foto":null,"KAT":"Skała","skaloplan":null},"geometry":{"type":"Point","coordinates":[19.4029884353635,50.665595883064398]}},
{"type":"Feature","properties":{"X":19.403759698237899,"Y":50.664966651249003,"aktualnosc":null,"Name":"Wampirek","wysokosc":"10","LINK":"<a href=\"\" target=\"_blank\"></a>","TOPO":null,"rejon":"Dolina Wiercicy | Czatachowa","wojewodztwo":"śląskie","powiat":"myszkowski","gmina":"Żarki (gm. wiejska)","nazwaOboczna":null,"foto":null,"KAT":"Skała","skaloplan":null},"geometry":{"type":"Point","coordinates":[19.403759698237899,50.664966651249003]}},
{"type":"Feature","properties":{"X":19.418669507765301,"Y":50.662314104442402,"aktualnosc":null,"Name":"Tadzikowa","wysokosc":"18","LINK":"<a href=\"\" target=\"_blank\"></a>","TOPO":null,"rejon":"Trzebniów","wojewodztwo":"śląskie","powiat":"myszkowski","gmina":"Niegowa (gm. wiejska)","nazwaOboczna":null,"foto":null,"KAT":"Skała","skaloplan":null},"geometry":{"type":"Point","coordinates":[19.418669507765301,50.662314104442402]}},
{"type":"Feature","properties":{"X":19.420788571603399,"Y":50.662156786284498,"aktualnosc":null,"Name":"Owcza","wysokosc":"12","LINK":"<a href=\"\" target=\"_blank\"></a>","TOPO":null,"rejon":"Trzebniów","wojewodztwo":"śląskie","powiat":"myszkowski","gmina":"Niegowa (gm. wiejska)","nazwaOboczna":null,"foto":null,"KAT":"Skała","skaloplan":null},"geometry":{"type":"Point","coordinates":[19.420788571603399,50.662156786284498]}},
{"type":"Feature","properties":{"X":19.419933309802101,"Y":50.661026500331403,"aktualnosc":null,"Name":"Bukowie","wysokosc":"12","LINK":"<a href=\"\" target=\"_blank\"></a>","TOPO":null,"rejon":"Trzebniów","wojewodztwo":"śląskie","powiat":"myszkowski","gmina":"Niegowa (gm. wiejska)","nazwaOboczna":null,"foto":null,"KAT":"Skała","skaloplan":null},"geometry":{"type":"Point","coordinates":[19.419933309802101,50.661026500331403]}},
{"type":"Feature","properties":{"X":19.423629262586399,"Y":50.661384709530999,"aktualnosc":null,"Name":"Barania","wysokosc":"10","LINK":"<a href=\"\" target=\"_blank\"></a>","TOPO":null,"rejon":"Trzebniów","wojewodztwo":"śląskie","powiat":"myszkowski","gmina":"Niegowa (gm. wiejska)","nazwaOboczna":null,"foto":null,"KAT":"Skała","skaloplan":null},"geometry":{"type":"Point","coordinates":[19.423629262586399,50.661384709530999]}},
{"type":"Feature","properties":{"X":19.426790676744801,"Y":50.665862093986298,"aktualnosc":null,"Name":"Biały Murek","wysokosc":"12","LINK":"<a href=\"\" target=\"_blank\"></a>","TOPO":null,"rejon":"Trzebniów","wojewodztwo":"śląskie","powiat":"myszkowski","gmina":"Niegowa (gm. wiejska)","nazwaOboczna":null,"foto":null,"KAT":"Skała","skaloplan":null},"geometry":{"type":"Point","coordinates":[19.426790676744801,50.665862093986298]}},
{"type":"Feature","properties":{"X":19.426397409041499,"Y":50.665036835215403,"aktualnosc":null,"Name":"Hasiok","wysokosc":"12","LINK":"<a href=\"\" target=\"_blank\"></a>","TOPO":null,"rejon":"Trzebniów","wojewodztwo":"śląskie","powiat":"myszkowski","gmina":"Niegowa (gm. wiejska)","nazwaOboczna":null,"foto":null,"KAT":"Skała","skaloplan":null},"geometry":{"type":"Point","coordinates":[19.426397409041499,50.665036835215403]}},
{"type":"Feature","properties":{"X":19.429360280281799,"Y":50.6633911145992,"aktualnosc":null,"Name":"Płaska","wysokosc":"8","LINK":"<a href=\"\" target=\"_blank\"></a>","TOPO":null,"rejon":"Trzebniów","wojewodztwo":"śląskie","powiat":"myszkowski","gmina":"Niegowa (gm. wiejska)","nazwaOboczna":null,"foto":null,"KAT":"Skała","skaloplan":null},"geometry":{"type":"Point","coordinates":[19.429360280281799,50.6633911145992]}},
{"type":"Feature","properties":{"X":19.498053530549399,"Y":50.532071657670897,"aktualnosc":"2025-02-07","Name":"Skała Wowodnik","wysokosc":"10","LINK":"<a href=\"https://wspinanie.pl/wp-content/uploads/2020/10/WOWODNIK-TOPO.pdf\" target=\"_blank\">LINK</a>","TOPO":"<!DOCTYPE HTML PUBLIC \"-//W3C//DTD HTML 4.0//EN\" \"http://www.w3.org/TR/REC-html40/strict.dtd\">\n<html><head><meta name=\"qrichtext\" content=\"1\" /><meta charset=\"utf-8\" /><style type=\"text/css\">\np, li { white-space: pre-wrap; }\nhr { height: 1px; border-width: 0; }\nli.unchecked::marker { content: \"\\2610\"; }\nli.checked::marker { content: \"\\2612\"; }\n</style></head><body style=\" font-family:'Segoe UI'; font-size:8.3pt; font-weight:400; font-style:normal;\">\n<p style=\" margin-top:0px; margin-bottom:0px; margin-left:0px; margin-right:0px; -qt-block-indent:0; text-indent:0px;\"><a href=\"./Skaly/20/Wowodnik/T-WOWODNIK.pdf\"><span style=\" text-decoration: underline; color:#004275;\">TOPO</span></a></p></body></html>","rejon":"Skarżyce","wojewodztwo":"śląkie","powiat":"zawierciański","gmina":"Zawiercie (gm. miejska)","nazwaOboczna":null,"foto":" <a href=\"./Skaly/Zawiercie/Skarzyce/Wowodnik/O.jpg\" target=\"_blank\">FOTO</a>","KAT":"Skała","skaloplan":null},"geometry":{"type":"Point","coordinates":[19.498053530549399,50.532071657670897]}},
{"type":"Feature","properties":{"X":19.494618462187699,"Y":50.5728026436311,"aktualnosc":"2025-02-11","Name":"Mnich Rzędkowicki","wysokosc":"9","LINK":"<a href=\"https://topo.wspinka.org/rzedkowice/mnich\" target=\"_blank\">WSPINKA.PL</a>","TOPO":"<a href=\"./Skaly/18/Mnich_Rzedkowicki/T-RZEDKOWICE_MNICH.pdf\" target=\"_blank\">TOPO</a>","rejon":"Rzędkowice","wojewodztwo":"śląskie","powiat":"zawierciański","gmina":"Włodowice","nazwaOboczna":null,"foto":"<a href=\"./Skaly/18/Mnich_Rzedkowicki/O.jpg\" target=\"_blank\">FOTO</a>","KAT":"Skała","skaloplan":null},"geometry":{"type":"Point","coordinates":[19.494618462187699,50.5728026436311]}},
{"type":"Feature","properties":{"X":19.4762558421655,"Y":50.614329809236899,"aktualnosc":"2025-02-16","Name":"Z Odstrzeloną Basztą","wysokosc":"10","LINK":"<a href=\"\" target=\"_blank\"></a>","TOPO":null,"rejon":"Grzęda Mirowska","wojewodztwo":"śląskie","powiat":"myszkowski ","gmina":"Niegowa (gm. wiejska)","nazwaOboczna":null,"foto":null,"KAT":"Skała","skaloplan":null},"geometry":{"type":"Point","coordinates":[19.4762558421655,50.614329809236899]}},
{"type":"Feature","properties":{"X":19.4773702340668,"Y":50.614824418073397,"aktualnosc":"2025-02-16","Name":"Studnisko przy Zamkuw Mirowie","wysokosc":"12","LINK":"<a href=\"\" target=\"_blank\"></a>","TOPO":null,"rejon":"Grzęda Mirowska","wojewodztwo":"śląskie","powiat":"myszkowski ","gmina":"Niegowa (gm. wiejska)","nazwaOboczna":null,"foto":null,"KAT":"Skała","skaloplan":null},"geometry":{"type":"Point","coordinates":[19.4773702340668,50.614824418073397]}},
{"type":"Feature","properties":{"X":19.479370234268099,"Y":50.615007294689498,"aktualnosc":"2025-02-16","Name":"Trzy Siostry","wysokosc":"16","LINK":"<a href=\"\" target=\"_blank\"></a>","TOPO":null,"rejon":"Grzęda Mirowska","wojewodztwo":"śląskie","powiat":"myszkowski ","gmina":"Niegowa (gm. wiejska)","nazwaOboczna":null,"foto":null,"KAT":"Skała","skaloplan":null},"geometry":{"type":"Point","coordinates":[19.479370234268099,50.615007294689498]}},
{"type":"Feature","properties":{"X":19.479372241305299,"Y":50.614601711219201,"aktualnosc":"2025-02-16","Name":"Ścianka nad Wanną","wysokosc":"14","LINK":"<a href=\"\" target=\"_blank\"></a>","TOPO":null,"rejon":"Grzęda Mirowska","wojewodztwo":"śląskie","powiat":"myszkowski ","gmina":"Niegowa (gm. wiejska)","nazwaOboczna":null,"foto":null,"KAT":"Skała","skaloplan":null},"geometry":{"type":"Point","coordinates":[19.479372241305299,50.614601711219201]}},
{"type":"Feature","properties":{"X":19.480079161761601,"Y":50.615406051132503,"aktualnosc":"2025-02-16","Name":"Trzecia Grzęda (Skała z Łysym Zacięciem)","wysokosc":"12","LINK":"<a href=\"\" target=\"_blank\"></a>","TOPO":null,"rejon":"Grzęda Mirowska","wojewodztwo":"śląskie","powiat":"myszkowski ","gmina":"Niegowa (gm. wiejska)","nazwaOboczna":"Skała z Łysym Zacięciem","foto":null,"KAT":"Skała","skaloplan":null},"geometry":{"type":"Point","coordinates":[19.480079161761601,50.615406051132503]}},
{"type":"Feature","properties":{"X":19.480349437331999,"Y":50.615463433568202,"aktualnosc":"2025-02-16","Name":"Skoczek","wysokosc":"12","LINK":"<a href=\"\" target=\"_blank\"></a>","TOPO":null,"rejon":"Grzęda Mirowska","wojewodztwo":"śląskie","powiat":"myszkowski ","gmina":"Niegowa (gm. wiejska)","nazwaOboczna":null,"foto":null,"KAT":"Skała","skaloplan":null},"geometry":{"type":"Point","coordinates":[19.480349437331999,50.615463433568202]}},
{"type":"Feature","properties":{"X":19.480989918874201,"Y":50.615309675461397,"aktualnosc":"2025-02-16","Name":"Czwarta Grzęda (Domino)","wysokosc":"12","LINK":"<a href=\"\" target=\"_blank\"></a>","TOPO":null,"rejon":"Grzęda Mirowska","wojewodztwo":"śląskie","powiat":"myszkowski ","gmina":"Niegowa (gm. wiejska)","nazwaOboczna":"Domino","foto":null,"KAT":"Skała","skaloplan":null},"geometry":{"type":"Point","coordinates":[19.480989918874201,50.615309675461397]}},
{"type":"Feature","properties":{"X":19.481354041558699,"Y":50.615553856648603,"aktualnosc":"2025-02-16","Name":"Biwakowa","wysokosc":"12","LINK":"<a href=\"\" target=\"_blank\"></a>","TOPO":null,"rejon":"Grzęda Mirowska","wojewodztwo":"śląskie","powiat":"myszkowski ","gmina":"Niegowa (gm. wiejska)","nazwaOboczna":null,"foto":null,"KAT":"Skała","skaloplan":null},"geometry":{"type":"Point","coordinates":[19.481354041558699,50.615553856648603]}},
{"type":"Feature","properties":{"X":19.482278340083599,"Y":50.615433041452299,"aktualnosc":"2025-02-16","Name":"Szafa","wysokosc":"16","LINK":"<a href=\"\" target=\"_blank\"></a>","TOPO":null,"rejon":"Grzęda Mirowska","wojewodztwo":"śląskie","powiat":"myszkowski ","gmina":"Niegowa (gm. wiejska)","nazwaOboczna":null,"foto":null,"KAT":"Skała","skaloplan":null},"geometry":{"type":"Point","coordinates":[19.482278340083599,50.615433041452299]}},
{"type":"Feature","properties":{"X":19.4832817923036,"Y":50.615261193709003,"aktualnosc":"2025-02-16","Name":"Krótka Grzęda","wysokosc":"14","LINK":"<a href=\"\" target=\"_blank\"></a>","TOPO":null,"rejon":"Grzęda Mirowska","wojewodztwo":"śląskie","powiat":"myszkowski ","gmina":"Niegowa (gm. wiejska)","nazwaOboczna":null,"foto":null,"KAT":"Skała","skaloplan":null},"geometry":{"type":"Point","coordinates":[19.483328845818409,50.615180700998671]}},
{"type":"Feature","properties":{"X":19.483438496447601,"Y":50.615599822862698,"aktualnosc":"2025-02-16","Name":"Szeroka Baszta","wysokosc":"18","LINK":"<a href=\"\" target=\"_blank\"></a>","TOPO":null,"rejon":"Grzęda Mirowska","wojewodztwo":"śląskie","powiat":"myszkowski ","gmina":"Niegowa (gm. wiejska)","nazwaOboczna":null,"foto":null,"KAT":"Skała","skaloplan":null},"geometry":{"type":"Point","coordinates":[19.483438496447601,50.615599822862698]}},
{"type":"Feature","properties":{"X":19.483262750135999,"Y":50.615795540034298,"aktualnosc":"2025-02-16","Name":"Mniszek","wysokosc":"10","LINK":"<a href=\"\" target=\"_blank\"></a>","TOPO":null,"rejon":"Grzęda Mirowska","wojewodztwo":"śląskie","powiat":"myszkowski ","gmina":"Niegowa (gm. wiejska)","nazwaOboczna":null,"foto":null,"KAT":"Skała","skaloplan":null},"geometry":{"type":"Point","coordinates":[19.483262750135999,50.615795540034298]}},
{"type":"Feature","properties":{"X":19.483981466102701,"Y":50.615351883648401,"aktualnosc":"2025-02-16","Name":"Skała XL","wysokosc":null,"LINK":"<a href=\"\" target=\"_blank\"></a>","TOPO":null,"rejon":"Grzęda Mirowska","wojewodztwo":"śląskie","powiat":"myszkowski ","gmina":"Niegowa (gm. wiejska)","nazwaOboczna":null,"foto":null,"KAT":"Skała","skaloplan":null},"geometry":{"type":"Point","coordinates":[19.483981466102701,50.615351883648401]}},
{"type":"Feature","properties":{"X":19.483963432223199,"Y":50.615983719937397,"aktualnosc":"2025-02-16","Name":"Klawiatura","wysokosc":"25","LINK":"<a href=\"\" target=\"_blank\"></a>","TOPO":null,"rejon":"Grzęda Mirowska","wojewodztwo":"śląskie","powiat":"myszkowski ","gmina":"Niegowa (gm. wiejska)","nazwaOboczna":null,"foto":null,"KAT":"Skała","skaloplan":null},"geometry":{"type":"Point","coordinates":[19.484073829176907,50.616027897701848]}},
{"type":"Feature","properties":{"X":19.484409077894501,"Y":50.616106660315303,"aktualnosc":"2025-02-16","Name":"Skała z Grotą","wysokosc":"20","LINK":"<a href=\"\" target=\"_blank\"></a>","TOPO":null,"rejon":"Grzęda Mirowska","wojewodztwo":"śląskie","powiat":"myszkowski ","gmina":"Niegowa (gm. wiejska)","nazwaOboczna":null,"foto":null,"KAT":"Skała","skaloplan":null},"geometry":{"type":"Point","coordinates":[19.484432866903774,50.616122664619361]}},
{"type":"Feature","properties":{"X":19.485075316549501,"Y":50.616222831147702,"aktualnosc":"2025-02-16","Name":"Szare Ściany","wysokosc":"15","LINK":"<a href=\"\" target=\"_blank\"></a>","TOPO":null,"rejon":"Grzęda Mirowska","wojewodztwo":"śląskie","powiat":"myszkowski ","gmina":"Niegowa (gm. wiejska)","nazwaOboczna":null,"foto":null,"KAT":"Skała","skaloplan":null},"geometry":{"type":"Point","coordinates":[19.484890371728774,50.615738933348091]}},
{"type":"Feature","properties":{"X":19.532415126927798,"Y":50.552393891461598,"aktualnosc":"2025-02-16","Name":"Gips I","wysokosc":"14","LINK":"<a href=\"\" target=\"_blank\"></a>","TOPO":null,"rejon":"Skały Morskie","wojewodztwo":"śląskie","powiat":"zawierciański","gmina":" Zawiercie (gm. miejska)","nazwaOboczna":null,"foto":null,"KAT":"Skała","skaloplan":null},"geometry":{"type":"Point","coordinates":[19.532415126927798,50.552393891461598]}},
{"type":"Feature","properties":{"X":19.531525553260501,"Y":50.552155300154297,"aktualnosc":"2025-02-16","Name":"Gips II","wysokosc":"14","LINK":"<a href=\"\" target=\"_blank\"></a>","TOPO":null,"rejon":"Skały Morskie","wojewodztwo":"śląskie","powiat":"zawierciański","gmina":" Zawiercie (gm. miejska)","nazwaOboczna":null,"foto":null,"KAT":"Skała","skaloplan":null},"geometry":{"type":"Point","coordinates":[19.531525553260501,50.552155300154297]}},
{"type":"Feature","properties":{"X":19.530987571319798,"Y":50.551731375136001,"aktualnosc":"2025-02-16","Name":"Biwakowa","wysokosc":"14","LINK":"<a href=\"\" target=\"_blank\"></a>","TOPO":null,"rejon":"Skały Morskie","wojewodztwo":"śląskie","powiat":"zawierciański","gmina":" Zawiercie (gm. miejska)","nazwaOboczna":null,"foto":null,"KAT":"Skała","skaloplan":null},"geometry":{"type":"Point","coordinates":[19.530987571319798,50.551731375136001]}},
{"type":"Feature","properties":{"X":19.523905035787099,"Y":50.5513856044413,"aktualnosc":"2025-02-16","Name":"Łężec III","wysokosc":"12","LINK":"<a href=\"\" target=\"_blank\"></a>","TOPO":null,"rejon":"Skały Morskie","wojewodztwo":"śląskie","powiat":"zawierciański","gmina":" Zawiercie (gm. miejska)","nazwaOboczna":null,"foto":null,"KAT":"Skała","skaloplan":null},"geometry":{"type":"Point","coordinates":[19.523905035787099,50.5513856044413]}},
{"type":"Feature","properties":{"X":19.520883881421199,"Y":50.550761321078198,"aktualnosc":"2025-02-16","Name":"Zamkowa","wysokosc":"18","LINK":"<a href=\"\" target=\"_blank\"></a>","TOPO":null,"rejon":"Skały Morskie","wojewodztwo":"śląskie","powiat":"zawierciański","gmina":" Zawiercie (gm. miejska)","nazwaOboczna":null,"foto":null,"KAT":"Skała","skaloplan":null},"geometry":{"type":"Point","coordinates":[19.520883881421199,50.550761321078198]}},
{"type":"Feature","properties":{"X":19.5005865646696,"Y":50.544319457313001,"aktualnosc":"2025-02-16","Name":"Słomkowa","wysokosc":"14","LINK":"<a href=\"http://toprope.pl/index.php/topo/polska/1144-slomkowa-skala-morsko-topo-rejonu-wspinaczkowego-2019\" target=\"_blank\">LINK</a>","TOPO":null,"rejon":"Skały Morskie","wojewodztwo":"śląskie","powiat":"zawierciański","gmina":" Zawiercie (gm. miejska)","nazwaOboczna":"Słowikowa","foto":null,"KAT":"Skała","skaloplan":null},"geometry":{"type":"Point","coordinates":[19.5005865646696,50.544319457313001]}},
{"type":"Feature","properties":{"X":19.5255916184326,"Y":50.544524735829,"aktualnosc":"2025-02-16","Name":"Macierz","wysokosc":"10","LINK":"<a href=\"\" target=\"_blank\"></a>","TOPO":null,"rejon":"Skały Morskie","wojewodztwo":"śląskie","powiat":"zawierciański","gmina":" Zawiercie (gm. miejska)","nazwaOboczna":null,"foto":null,"KAT":"Skała","skaloplan":null},"geometry":{"type":"Point","coordinates":[19.525478601935106,50.5444291684747]}},
{"type":"Feature","properties":{"X":19.667408211739001,"Y":50.423768037670797,"aktualnosc":"2025-02-18","Name":"Grodzisko Chłopskie","wysokosc":"20","LINK":"<a href=\"https://topo.wspinka.org/okolice-smolenia/grodzisko-chlopskie\" target=\"_blank\">LINK</a>","TOPO":"<a href=\"./Skaly/23/Grodzisko_Chlopskie/T-SMOLEN_GRODZISKO_CHLOPSKIE.pdf\" target=\"_blank\">TOPO</a>","rejon":"Smoleń","wojewodztwo":"małopolskie","powiat":"olkuski","gmina":"Wolbrom (gm. miejsko-wiejska)","nazwaOboczna":null,"foto":null,"KAT":"Skała","skaloplan":null},"geometry":{"type":"Point","coordinates":[19.667408211739001,50.423768037670797]}},
{"type":"Feature","properties":{"X":19.669013450525998,"Y":50.420284525139799,"aktualnosc":"2025-02-18","Name":"Skała Grodzisko Pańskie","wysokosc":"12","LINK":"<a href=\"https://topo.wspinka.org/okolice-smolenia/grodzisko-panskie\" target=\"_blank\">LINK</a>","TOPO":"<a href=\"./Skaly/23/Grodzisko_Panskie/T-SMOLEN_GRODZISKO_PANSKIE.pdf\" target=\"_blank\">TOPO</a>","rejon":"Smoleń","wojewodztwo":"śląskie","powiat":"zawierciański","gmina":"Pilica (gm. miejsko-wiejska)","nazwaOboczna":null,"foto":null,"KAT":"Skała","skaloplan":null},"geometry":{"type":"Point","coordinates":[19.669013450525998,50.420284525139799]}},
{"type":"Feature","properties":{"X":19.548168632974502,"Y":50.589067725948702,"aktualnosc":"2013-06-18","Name":"Biały Kanion","wysokosc":null,"LINK":"<a href=\"\" target=\"_blank\"></a>","TOPO":null,"rejon":"Skały Kroczyckie | Jastrzębnik","wojewodztwo":"śląskie","powiat":"zawierciański","gmina":"Kroczyce","nazwaOboczna":null,"foto":null,"KAT":"Skała","skaloplan":null},"geometry":{"type":"Point","coordinates":[19.548168632974502,50.589067725948702]}},
{"type":"Feature","properties":{"X":19.855292965703899,"Y":50.312824902437903,"aktualnosc":"2020-05-20","Name":"Nowy Dom Poziomek","wysokosc":"7","LINK":"<a href=\"https://topo.wspinka.org/wawoz-ostryszni/nowy-dom-poziomek\"target=\"_blank\">LINK</a>","TOPO":"<a href=\"./Skaly/30/T-OSTRYSZNIA_NOWY_DOM_POZIOMEK.pdf\"target=\"_blank\">TOPO</a>","rejon":"Dolina Dłubni|Wąwóz Ostryszni","wojewodztwo":"małopolskie","powiat":"olkuski","gmina":"Trzyciąż (gm. wiejska)","nazwaOboczna":null,"foto":null,"KAT":"Skała","skaloplan":null},"geometry":{"type":"Point","coordinates":[19.855292965703899,50.312824902437903]}},
{"type":"Feature","properties":{"X":19.8546764865109,"Y":50.312206981272404,"aktualnosc":"2020-05-20","Name":"Organy","wysokosc":"7","LINK":"<a href=\"https://topo.wspinka.org/wawoz-ostryszni/nowy-dom-poziomek\"target=\"_blank\">LINK</a>","TOPO":"<a href=\"./Skaly/30/T-OSTRYSZNIA_NOWY_DOM_POZIOMEK.pdf\"target=\"_blank\">TOPO</a>","rejon":"Dolina Dłubni|Wąwóz Ostryszni","wojewodztwo":"małopolskie","powiat":"olkuski","gmina":"Trzyciąż (gm. wiejska)","nazwaOboczna":null,"foto":null,"KAT":"Skała","skaloplan":null},"geometry":{"type":"Point","coordinates":[19.8546764865109,50.312206981272404]}},
{"type":"Feature","properties":{"X":19.854404562982001,"Y":50.311783089853499,"aktualnosc":"2020-05-20","Name":"Cieplarnia","wysokosc":"7","LINK":"<a href=\"https://topo.wspinka.org/wawoz-ostryszni/nowy-dom-poziomek\"target=\"_blank\">LINK</a>","TOPO":"<a href=\"./Skaly/30/T-OSTRYSZNIA_NOWY_DOM_POZIOMEK.pdf\"target=\"_blank\">TOPO</a>","rejon":"Dolina Dłubni|Wąwóz Ostryszni","wojewodztwo":"małopolskie","powiat":"olkuski","gmina":"Trzyciąż (gm. wiejska)","nazwaOboczna":null,"foto":null,"KAT":"Skała","skaloplan":null},"geometry":{"type":"Point","coordinates":[19.854404562982001,50.311783089853499]}},
{"type":"Feature","properties":{"X":19.854869450127499,"Y":50.311555807158797,"aktualnosc":"2020-05-20","Name":"Szkatułka","wysokosc":"7","LINK":"<a href=\"https://topo.wspinka.org/wawoz-ostryszni/nowy-dom-poziomek\"target=\"_blank\">LINK</a>","TOPO":"<a href=\"./Skaly/30/T-OSTRYSZNIA_NOWY_DOM_POZIOMEK.pdf\"target=\"_blank\">TOPO</a>","rejon":"Dolina Dłubni|Wąwóz Ostryszni","wojewodztwo":"małopolskie","powiat":"olkuski","gmina":"Trzyciąż (gm. wiejska)","nazwaOboczna":null,"foto":null,"KAT":"Skała","skaloplan":null},"geometry":{"type":"Point","coordinates":[19.854869450127499,50.311555807158797]}},
{"type":"Feature","properties":{"X":19.855368826171201,"Y":50.311350109367098,"aktualnosc":"2020-05-20","Name":"Kowadło","wysokosc":"7","LINK":"<a href=\"https://topo.wspinka.org/wawoz-ostryszni/nowy-dom-poziomek\"target=\"_blank\">LINK</a>","TOPO":"<a href=\"./Skaly/30/T-OSTRYSZNIA_NOWY_DOM_POZIOMEK.pdf\"target=\"_blank\">TOPO</a>","rejon":"Dolina Dłubni|Wąwóz Ostryszni","wojewodztwo":"małopolskie","powiat":"olkuski","gmina":"Trzyciąż (gm. wiejska)","nazwaOboczna":null,"foto":null,"KAT":"Skała","skaloplan":null},"geometry":{"type":"Point","coordinates":[19.855368826171201,50.311350109367098]}},
{"type":"Feature","properties":{"X":19.857879232747401,"Y":50.309655352047798,"aktualnosc":"2020-05-20","Name":"Fortepian","wysokosc":"7","LINK":"<a href=\"https://topo.wspinka.org/wawoz-ostryszni/fortepian\"target=\"_blank\">LINK</a>","TOPO":"<a href=\"./Skaly/30/T-OSTRYSZNIA_NOWY_DOM_POZIOMEK.pdf\"target=\"_blank\">TOPO</a>","rejon":"Dolina Dłubni|Wąwóz Ostryszni","wojewodztwo":"małopolskie","powiat":"olkuski","gmina":"Trzyciąż (gm. wiejska)","nazwaOboczna":null,"foto":null,"KAT":"Skała","skaloplan":null},"geometry":{"type":"Point","coordinates":[19.857879232747401,50.309655352047798]}},
{"type":"Feature","properties":{"X":19.857497550630999,"Y":50.309292338964703,"aktualnosc":"2020-05-20","Name":"Skała na Rozdrożu","wysokosc":"7","LINK":"<a href=\"https://topo.wspinka.org/wawoz-ostryszni/skala-na-rozdrozu\"target=\"_blank\">LINK</a>","TOPO":"<a href=\"./Skaly/30/T-OSTRYSZNIA_NOWY_DOM_POZIOMEK.pdf\"target=\"_blank\">TOPO</a>","rejon":"Dolina Dłubni|Wąwóz Ostryszni","wojewodztwo":"małopolskie","powiat":"olkuski","gmina":"Trzyciąż (gm. wiejska)","nazwaOboczna":null,"foto":null,"KAT":"Skała","skaloplan":null},"geometry":{"type":"Point","coordinates":[19.857497550630999,50.309292338964703]}},
{"type":"Feature","properties":{"X":19.857263743279098,"Y":50.3090920383137,"aktualnosc":"2020-05-20","Name":"Murek z Wampirami","wysokosc":"7","LINK":"<a href=\"https://topo.wspinka.org/wawoz-ostryszni/murek-z-wampirami\"target=\"_blank\">LINK</a>","TOPO":"<a href=\"./Skaly/30/T-OSTRYSZNIA_NOWY_DOM_POZIOMEK.pdf\"target=\"_blank\">TOPO</a>","rejon":"Dolina Dłubni|Wąwóz Ostryszni","wojewodztwo":"małopolskie","powiat":"olkuski","gmina":"Trzyciąż (gm. wiejska)","nazwaOboczna":null,"foto":null,"KAT":"Skała","skaloplan":null},"geometry":{"type":"Point","coordinates":[19.857263743279098,50.3090920383137]}},
{"type":"Feature","properties":{"X":19.8573285073387,"Y":50.308900456093298,"aktualnosc":"2020-05-20","Name":"Wielka Ostryszniańska","wysokosc":"7","LINK":"<a href=\"https://topo.wspinka.org/wawoz-ostryszni/wielka-ostrysznianska\"target=\"_blank\">LINK</a>","TOPO":"<a href=\"./Skaly/30/T-OSTRYSZNIA_NOWY_DOM_POZIOMEK.pdf\"target=\"_blank\">TOPO</a>","rejon":"Dolina Dłubni|Wąwóz Ostryszni","wojewodztwo":"małopolskie","powiat":"olkuski","gmina":"Trzyciąż (gm. wiejska)","nazwaOboczna":null,"foto":null,"KAT":"Skała","skaloplan":null},"geometry":{"type":"Point","coordinates":[19.8573285073387,50.308900456093298]}},
{"type":"Feature","properties":{"X":19.857317528299301,"Y":50.308764033729098,"aktualnosc":"2020-05-20","Name":"Igła","wysokosc":"7","LINK":"<a href=\"https://topo.wspinka.org/wawoz-ostryszni/skala-na-rozdrozu\"target=\"_blank\">LINK</a>","TOPO":"<a href=\"./Skaly/30/T-OSTRYSZNIA_NOWY_DOM_POZIOMEK.pdf\"target=\"_blank\">TOPO</a>","rejon":"Dolina Dłubni|Wąwóz Ostryszni","wojewodztwo":"małopolskie","powiat":"olkuski","gmina":"Trzyciąż (gm. wiejska)","nazwaOboczna":null,"foto":null,"KAT":"Skała","skaloplan":null},"geometry":{"type":"Point","coordinates":[19.857317528299301,50.308764033729098]}},
{"type":"Feature","properties":{"X":19.857995395942201,"Y":50.308529707430502,"aktualnosc":"2020-05-20","Name":"Pociski","wysokosc":"7","LINK":"<a href=\"https://topo.wspinka.org/wawoz-ostryszni/pociski\"target=\"_blank\">LINK</a>","TOPO":"<a href=\"./Skaly/30/T-OSTRYSZNIA_NOWY_DOM_POZIOMEK.pdf\"target=\"_blank\">TOPO</a>","rejon":"Dolina Dłubni|Wąwóz Ostryszni","wojewodztwo":"małopolskie","powiat":"olkuski","gmina":"Trzyciąż (gm. wiejska)","nazwaOboczna":null,"foto":null,"KAT":"Skała","skaloplan":null},"geometry":{"type":"Point","coordinates":[19.857995395942201,50.308529707430502]}},
{"type":"Feature","properties":{"X":19.858638665977299,"Y":50.308268332013398,"aktualnosc":"2020-05-20","Name":"Sanatorium","wysokosc":"7","LINK":"<a href=\"https://topo.wspinka.org/wawoz-ostryszni/sanatorium\"target=\"_blank\">LINK</a>","TOPO":"<a href=\"./Skaly/30/T-OSTRYSZNIA_NOWY_DOM_POZIOMEK.pdf\"target=\"_blank\">TOPO</a>","rejon":"Dolina Dłubni|Wąwóz Ostryszni","wojewodztwo":"małopolskie","powiat":"olkuski","gmina":"Trzyciąż (gm. wiejska)","nazwaOboczna":null,"foto":null,"KAT":"Skała","skaloplan":null},"geometry":{"type":"Point","coordinates":[19.858638665977299,50.308268332013398]}},
{"type":"Feature","properties":{"X":19.861234202144701,"Y":50.307997967318698,"aktualnosc":"2020-05-20","Name":"Imbrama","wysokosc":"7","LINK":"<a href=\"https://topo.wspinka.org/wawoz-ostryszni/imbrama\"target=\"_blank\">LINK</a>","TOPO":"<a href=\"./Skaly/30/T-OSTRYSZNIA_NOWY_DOM_POZIOMEK.pdf\"target=\"_blank\">TOPO</a>","rejon":"Dolina Dłubni|Wąwóz Ostryszni","wojewodztwo":"małopolskie","powiat":"olkuski","gmina":"Trzyciąż (gm. wiejska)","nazwaOboczna":null,"foto":null,"KAT":"Skała","skaloplan":null},"geometry":{"type":"Point","coordinates":[19.861234202144701,50.307997967318698]}},
{"type":"Feature","properties":{"X":19.8616448712676,"Y":50.308076826415501,"aktualnosc":"2020-05-20","Name":"Imbramka","wysokosc":"7","LINK":"<a href=\"https://topo.wspinka.org/wawoz-ostryszni/imbramka\"target=\"_blank\">LINK</a>","TOPO":"<a href=\"./Skaly/30/T-OSTRYSZNIA_NOWY_DOM_POZIOMEK.pdf\"target=\"_blank\">TOPO</a>","rejon":"Dolina Dłubni|Wąwóz Ostryszni","wojewodztwo":"małopolskie","powiat":"olkuski","gmina":"Trzyciąż (gm. wiejska)","nazwaOboczna":null,"foto":null,"KAT":"Skała","skaloplan":null},"geometry":{"type":"Point","coordinates":[19.8616448712676,50.308076826415501]}},
{"type":"Feature","properties":{"X":19.558024757758599,"Y":50.321955465870303,"aktualnosc":"25.02.2025","Name":"Pożogi","wysokosc":"7","LINK":"<a href=\"\" target=\"_blank\"></a>","TOPO":null,"rejon":"Klucze","wojewodztwo":"małopolskie","powiat":"olkuski","gmina":"Klucze-gmina wiejska","nazwaOboczna":null,"foto":null,"KAT":"Skała","skaloplan":null},"geometry":{"type":"Point","coordinates":[19.558024757758599,50.321955465870303]}},
{"type":"Feature","properties":{"X":19.579330326464301,"Y":50.3328605629832,"aktualnosc":"25.02.2025","Name":"Mudynowa","wysokosc":"12","LINK":"<a href=\"\" target=\"_blank\"></a>","TOPO":null,"rejon":"Klucze","wojewodztwo":"małopolskie","powiat":"olkuski","gmina":"Klucze-gmina wiejska","nazwaOboczna":null,"foto":null,"KAT":"Skała","skaloplan":null},"geometry":{"type":"Point","coordinates":[19.579330326464301,50.3328605629832]}},
{"type":"Feature","properties":{"X":19.770350602073599,"Y":50.201111323542101,"aktualnosc":"2025-02-27","Name":"Kapucyn","wysokosc":"15","LINK":"<a href=\"https://topo.wspinka.org/wzgorze-502/kapucyn\"target=\"_blank\"LINK</a>","TOPO":"<a href=\"./Skaly/36/Kapucyn/T-502_Kapucyn.pdf/\"target=\"_blank\"TOPO</a>","rejon":"Wzgórze 502","wojewodztwo":"małopolskie","powiat":"krakowski","gmina":"Jerzmanowice-Przeginia (gm. wiejska)","nazwaOboczna":null,"foto":null,"KAT":"Skała","skaloplan":null},"geometry":{"type":"Point","coordinates":[19.770350602073599,50.201111323542101]}},
{"type":"Feature","properties":{"X":19.769899179754201,"Y":50.200240341417697,"aktualnosc":"2025-02-27","Name":"Duży Mur","wysokosc":"18","LINK":"<a href=\"https://topo.wspinka.org/wzgorze-502/duzy-mur\"target=\"_blank\"LINK</a>","TOPO":"<a href=\"./Skaly/36/Duzy_Mur/T-502_Duzy_Mur.pdf/\"target=\"_blank\"TOPO</a>","rejon":"Wzgórze 502","wojewodztwo":"małopolskie","powiat":"krakowski","gmina":"Jerzmanowice-Przeginia (gm. wiejska)","nazwaOboczna":null,"foto":null,"KAT":"Skała","skaloplan":null},"geometry":{"type":"Point","coordinates":[19.769899179754201,50.200240341417697]}},
{"type":"Feature","properties":{"X":19.768933630983099,"Y":50.199861824917903,"aktualnosc":"2025-02-27","Name":"Ogródek Altruisty","wysokosc":"22","LINK":"<a href=\"https://topo.wspinka.org/wzgorze-502/ogrodek-altruisty\"target=\"_blank\"LINK</a>","TOPO":"<a href=\"./Skaly/36/Ogrodek_Altruisty/T-502_Ogrodek_Altruisty.pdf/\"target=\"_blank\"TOPO</a>","rejon":"Wzgórze 502","wojewodztwo":"małopolskie","powiat":"krakowski","gmina":"Jerzmanowice-Przeginia (gm. wiejska)","nazwaOboczna":null,"foto":null,"KAT":"Skała","skaloplan":null},"geometry":{"type":"Point","coordinates":[19.768933630983099,50.199861824917903]}},
{"type":"Feature","properties":{"X":19.7666212972,"Y":50.2016131452,"aktualnosc":"2025-02-27","Name":"Skała Cielęca","wysokosc":null,"LINK":"<a href=\"\"target=\"_blank\"LINK</a>","TOPO":"<a href=\"./Skaly/36/\"target=\"_blank\"TOPO</a>","rejon":null,"wojewodztwo":"małopolskie","powiat":"krakowski","gmina":"Jerzmanowice-Przeginia (gm. wiejska)","nazwaOboczna":null,"foto":null,"KAT":"Skała","skaloplan":null},"geometry":{"type":"Point","coordinates":[19.7666212972,50.2016131452]}},
{"type":"Feature","properties":{"X":19.769392875689199,"Y":50.199904068110399,"aktualnosc":"2025-02-27","Name":"Patelnia","wysokosc":"20","LINK":"<a href=\"https://topo.wspinka.org/wzgorze-502/patelnia\"target=\"_blank\"LINK</a>","TOPO":"<a href=\"./Skaly/36/Patelnia/T-502_Patelnia.pdf/\"target=\"_blank\"TOPO</a>","rejon":"Wzgórze 502","wojewodztwo":"małopolskie","powiat":"krakowski","gmina":"Jerzmanowice-Przeginia (gm. wiejska)","nazwaOboczna":null,"foto":null,"KAT":"Skała","skaloplan":null},"geometry":{"type":"Point","coordinates":[19.769392875689199,50.199904068110399]}},
{"type":"Feature","properties":{"X":19.7666212972,"Y":50.2016131452,"aktualnosc":"2025-02-27","Name":"Skała Cielęca","wysokosc":null,"LINK":"<a href=\"\"target=\"_blank\"LINK</a>","TOPO":"<a href=\"./Skaly/36/\"target=\"_blank\"TOPO</a>","rejon":null,"wojewodztwo":"małopolskie","powiat":"krakowski","gmina":"Jerzmanowice-Przeginia (gm. wiejska)","nazwaOboczna":null,"foto":null,"KAT":"Skała","skaloplan":null},"geometry":{"type":"Point","coordinates":[19.7666212972,50.2016131452]}},
{"type":"Feature","properties":{"X":19.7696672579888,"Y":50.1998569670153,"aktualnosc":"2025-02-27","Name":"Rekin","wysokosc":"15","LINK":"<a href=\"https://topo.wspinka.org/wzgorze-502/rekin\"target=\"_blank\"LINK</a>","TOPO":"<a href=\"./Skaly/36/Rekin/T-502_Rekin.pdf.pdf/\"target=\"_blank\"TOPO</a>","rejon":"Wzgórze 502","wojewodztwo":"małopolskie","powiat":"krakowski","gmina":"Jerzmanowice-Przeginia (gm. wiejska)","nazwaOboczna":null,"foto":null,"KAT":"Skała","skaloplan":null},"geometry":{"type":"Point","coordinates":[19.7696672579888,50.1998569670153]}},
{"type":"Feature","properties":{"X":19.7666212972,"Y":50.2016131452,"aktualnosc":"2025-02-27","Name":"Skała Cielęca","wysokosc":null,"LINK":"<a href=\"\"target=\"_blank\"LINK</a>","TOPO":"<a href=\"./Skaly/36/\"target=\"_blank\"TOPO</a>","rejon":null,"wojewodztwo":"małopolskie","powiat":"krakowski","gmina":"Jerzmanowice-Przeginia (gm. wiejska)","nazwaOboczna":null,"foto":null,"KAT":"Skała","skaloplan":null},"geometry":{"type":"Point","coordinates":[19.7666212972,50.2016131452]}},
{"type":"Feature","properties":{"X":19.770575123489799,"Y":50.199719626313303,"aktualnosc":"2025-02-27","Name":"Pokutnik","wysokosc":"12","LINK":"<a href=\"https://topo.wspinka.org/wzgorze-502/pokutnik\"target=\"_blank\"LINK</a>","TOPO":"<a href=\"./Skaly/36/Pokutnik/T-502_Pokutnik.pdf/\"target=\"_blank\"TOPO</a>","rejon":"Wzgórze 502","wojewodztwo":"małopolskie","powiat":"krakowski","gmina":"Jerzmanowice-Przeginia (gm. wiejska)","nazwaOboczna":null,"foto":null,"KAT":"Skała","skaloplan":null},"geometry":{"type":"Point","coordinates":[19.770575123489799,50.199719626313303]}},
{"type":"Feature","properties":{"X":19.7703164095159,"Y":50.200740224308902,"aktualnosc":"2025-02-27","Name":"Mały Mur","wysokosc":"12","LINK":"<a href=\"https://topo.wspinka.org/wzgorze-502/maly-mur\"target=\"_blank\"LINK</a>","TOPO":"<a href=\"./Skaly/36/Maly_Mur/T-502_Maly_Mur.pdf/\"target=\"_blank\"TOPO</a>","rejon":"Wzgórze 502","wojewodztwo":"małopolskie","powiat":"krakowski","gmina":"Jerzmanowice-Przeginia (gm. wiejska)","nazwaOboczna":null,"foto":null,"KAT":"Skała","skaloplan":null},"geometry":{"type":"Point","coordinates":[19.7703164095159,50.200740224308902]}},
{"type":"Feature","properties":{"X":19.7383809345347,"Y":50.148916331092401,"aktualnosc":"2025-03-02","Name":"Babka","wysokosc":null,"LINK":"<a href=\"\" target=\"_blank\"></a>","TOPO":null,"rejon":"Dolina Będkowska","wojewodztwo":"małopolskie","powiat":"krakowski","gmina":"Zabierzów (gm. wiejska)","nazwaOboczna":null,"foto":null,"KAT":"Skała","skaloplan":null},"geometry":{"type":"Point","coordinates":[19.7383809345347,50.148916331092401]}},
{"type":"Feature","properties":{"X":19.829190472575998,"Y":50.160514290781698,"aktualnosc":"2025-03-02","Name":"Zamkowa Strażnica","wysokosc":"18","LINK":"<a href=\"https://topo.wspinka.org/dolina-kluczwody/zamkowa-straznica\"target=\"_blank\">LINK</a>","TOPO":"<a href=\".Skaly/38/Zamkowa_Straznica/T-Kluczwody_Zamkowa_Straznica.pdf\" target=\"_blank\">TOPO</a>","rejon":"Dolina Kluczwody","wojewodztwo":"małopolskie","powiat":"krakowski","gmina":"Wielka Wieś (gm. wiejska)","nazwaOboczna":null,"foto":null,"KAT":"Skała","skaloplan":null},"geometry":{"type":"Point","coordinates":[19.829190472575998,50.160514290781698]}},
{"type":"Feature","properties":{"X":19.802726781139999,"Y":50.176683977163897,"aktualnosc":"2025-03-02","Name":"Polnik","wysokosc":"19","LINK":"<a href=\"http://wspinanie.pl/topo2/page,skala-drukuj,skala,555.html\"target=\"_blank\">LINK</a>","TOPO":"<a href=\"./Skaly/38/Polnik/T-Kluczwody_Polnik.pdf\"target=\"_blank\">TOPO</a>","rejon":"Dolina Kluczwody","wojewodztwo":"małopolskie","powiat":"krakowski","gmina":"Wielka Wieś-gmina wiejska","nazwaOboczna":null,"foto":null,"KAT":"Skała","skaloplan":null},"geometry":{"type":"Point","coordinates":[19.802726781139999,50.176683977163897]}},
{"type":"Feature","properties":{"X":19.817251459833098,"Y":50.152047803500501,"aktualnosc":"2025-03-02","Name":"Leśna Baszta","wysokosc":"18","LINK":"<a href=\"https://wspinanie.pl/2015/06/lesna-baszta-w-dolinie-kluczwody-topo-rejonu/\"target=\"_blank\">LINK</a>","TOPO":"<a href=\".Skaly/38/Lesna_Baszta/T-Kluczwody_Lesna_Baszta.pdf\" target=\"_blank\"></a>","rejon":"Dolina Kluczwody","wojewodztwo":"małopolskie","powiat":"krakowski","gmina":"Wielka Wieś (gm. wiejska)","nazwaOboczna":null,"foto":null,"KAT":"Skała","skaloplan":null},"geometry":{"type":"Point","coordinates":[19.817251459833098,50.152047803500501]}},
{"type":"Feature","properties":{"X":19.489051913495899,"Y":50.508848622746903,"aktualnosc":"2013-06-18","Name":"Pieckowe Skały","wysokosc":"12","LINK":"<a href=\"\" target=\"_blank\"></a>","TOPO":null,"rejon":null,"wojewodztwo":"śląskie","powiat":"zawierciański","gmina":null,"nazwaOboczna":null,"foto":null,"KAT":"Skała","skaloplan":null},"geometry":{"type":"Point","coordinates":[19.489051913495899,50.508848622746903]}},
{"type":"Feature","properties":{"X":19.4491973453,"Y":50.628894303800003,"aktualnosc":"2025-03-16","Name":"Polny Kamień","wysokosc":"16","LINK":"<a href=\"\" target=\"_blank\">LINK</a>","TOPO":null,"rejon":"Łutowiec","wojewodztwo":"śląskie","powiat":"myszkowski","gmina":"Niegowa (gm. wiejska)","nazwaOboczna":null,"foto":null,"KAT":"Skała","skaloplan":null},"geometry":{"type":"Point","coordinates":[19.447799608274568,50.629432636492886]}},
{"type":"Feature","properties":{"X":19.485075316549501,"Y":50.616222831147702,"aktualnosc":"2025-02-16","Name":"Skrzypce","wysokosc":"14","LINK":"<a href=\"\" target=\"_blank\"></a>","TOPO":null,"rejon":"Grzęda Mirowska","wojewodztwo":"śląskie","powiat":"myszkowski ","gmina":"Niegowa (gm. wiejska)","nazwaOboczna":null,"foto":null,"KAT":"Skała","skaloplan":null},"geometry":{"type":"Point","coordinates":[19.485069269091188,50.616216276006782]}},
{"type":"Feature","properties":{"X":19.484409077894501,"Y":50.616106660315303,"aktualnosc":"2025-02-16","Name":"Szara Płyta","wysokosc":"18","LINK":"<a href=\"\" target=\"_blank\"></a>","TOPO":null,"rejon":"Grzęda Mirowska","wojewodztwo":"śląskie","powiat":"myszkowski ","gmina":"Niegowa (gm. wiejska)","nazwaOboczna":null,"foto":null,"KAT":"Skała","skaloplan":null},"geometry":{"type":"Point","coordinates":[19.484901861634537,50.616120713665509]}},
{"type":"Feature","properties":{"X":19.4832817923036,"Y":50.615261193709003,"aktualnosc":"2025-02-16","Name":"Zygzak","wysokosc":"14","LINK":"<a href=\"\" target=\"_blank\"></a>","TOPO":null,"rejon":"Grzęda Mirowska","wojewodztwo":"śląskie","powiat":"myszkowski ","gmina":"Niegowa (gm. wiejska)","nazwaOboczna":null,"foto":null,"KAT":"Skała","skaloplan":null},"geometry":{"type":"Point","coordinates":[19.483229632389513,50.615341544534445]}},
{"type":"Feature","properties":{"X":19.483981466102701,"Y":50.615351883648401,"aktualnosc":"2025-02-16","Name":"Mały Cyrk","wysokosc":"10","LINK":"<a href=\"\" target=\"_blank\"></a>","TOPO":null,"rejon":"Grzęda Mirowska","wojewodztwo":"śląskie","powiat":"myszkowski ","gmina":"Niegowa (gm. wiejska)","nazwaOboczna":null,"foto":null,"KAT":"Skała","skaloplan":null},"geometry":{"type":"Point","coordinates":[19.483628315343701,50.615368768056669]}},
{"type":"Feature","properties":{"X":19.4762558421655,"Y":50.614329809236899,"aktualnosc":"2025-02-16","Name":"Bukowiec","wysokosc":"12","LINK":"<a href=\"\" target=\"_blank\"></a>","TOPO":null,"rejon":"Bukowiec","wojewodztwo":"śląskie","powiat":"myszkowski ","gmina":"Niegowa (gm. wiejska)","nazwaOboczna":null,"foto":null,"KAT":"Skała","skaloplan":null},"geometry":{"type":"Point","coordinates":[19.477564260529196,50.628093562964715]}},
{"type":"Feature","properties":{"X":19.606454293599999,"Y":50.418264455699997,"aktualnosc":null,"Name":"Szkatułka","wysokosc":"15","LINK":"<a href=\"\" target=\"_blank\"></a>","TOPO":null,"rejon":null,"wojewodztwo":null,"powiat":null,"gmina":null,"nazwaOboczna":null,"foto":null,"KAT":"Skała","skaloplan":null},"geometry":{"type":"Point","coordinates":[19.606279644874355,50.418510855000918]}},
{"type":"Feature","properties":{"X":19.397908360199999,"Y":50.686572022699998,"aktualnosc":null,"Name":"Mnich","wysokosc":"12","LINK":"<a href=\".Skaly/12/Bogdaniec/Mnich/img/W.jpg\"_target=\"blank\">Ściana zachodnia</a>","TOPO":null,"rejon":"Dolina Wiercicy","wojewodztwo":"śląskie","powiat":"częstochowski","gmina":"Janów","nazwaOboczna":null,"foto":"<a href=\".Skaly/12/Bogdaniec/Mnich/img/S.jpg\"_target=\"blank\">Ściana południowa</a>","KAT":"Skała","skaloplan":"<a href=\".Skaly/12/Bogdaniec/Mnich/img/E.jpg\"_target=\"blank\">Ściana wschodnia</a>"},"geometry":{"type":"Point","coordinates":[19.382039431633579,50.704332858269865]}},
{"type":"Feature","properties":{"X":null,"Y":null,"aktualnosc":"21.06.2025","Name":"Ambona","wysokosc":"15","LINK":"<a href=\"\" target=\"_blank\">LINK</a>","TOPO":null,"rejon":null,"wojewodztwo":null,"powiat":"zawierciański","gmina":"Ogrodzieniec-gmina miejsko-wiejska","nazwaOboczna":null,"foto":"<a href=\"./Skaly/21/Ksiedza_Gora/Ambona/W.jpg\" target=\"_blank\">Ściana Zachodnia</a>","KAT":"Skała","skaloplan":null},"geometry":{"type":"Point","coordinates":[19.574287694939425,50.426734782720871]}},
{"type":"Feature","properties":{"X":null,"Y":null,"aktualnosc":"2025-07-17","Name":"Jaskółcza","wysokosc":"13","LINK":"<a href=\"https://topo.portalgorski.pl/Jaskółcza-Skała,Skarżyce,Jura-Krakowsko-Częstochowska,skala,944\" target=\"_blank\">LINK</a>","TOPO":null,"rejon":"Żerkowice","wojewodztwo":"śląskie","powiat":"zawierciański","gmina":" Zawiercie","nazwaOboczna":null,"foto":"<a href=\".Skaly/Zawiercie/Skarzyce/Jaskolcza/img/O.jpg\" target=\"_blank\">FOTO</a>","KAT":"Skała","skaloplan":null},"geometry":{"type":"Point","coordinates":[19.526438750090968,50.511125834418458]}},
{"type":"Feature","properties":{"X":19.759951080800001,"Y":50.174804269900001,"aktualnosc":"2025","Name":"Lotniki - Słoneczna Turnia","wysokosc":"14","LINK":"<a href=\"\" target=\"_blank\">LINK</a>","TOPO":null,"rejon":"Dolina Kobylańska","wojewodztwo":"małopolskie","powiat":"krakowski","gmina":"Zabierzów","nazwaOboczna":"","foto":null,"KAT":"Skała","skaloplan":"<a href=\"./Skaly/18/Dolina_Kobylanska/T-Lotniki.pdf\" target=\"_blank\"><a/>"},"geometry":{"type":"Point","coordinates":[19.763846303793919,50.16551504212508]}},
{"type":"Feature","properties":{"X":19.759951080800001,"Y":50.174804269900001,"aktualnosc":"2025","Name":"Brzuchata","wysokosc":"10","LINK":"<a href=\"https://topo.wspinka.org/dolina-kobylanska/brzuchata-turniczka\" target=\"_blank\">LINK</a>","TOPO":null,"rejon":"Dolina Kobylańska","wojewodztwo":"małopolskie","powiat":"krakowski","gmina":"Zabierzów","nazwaOboczna":"","foto":null,"KAT":"Skała","skaloplan":"<a href=\"./Skaly/18/Dolina_Kobylanska/T-Brzuchata.pdf\" target=\"_blank\"><a/>"},"geometry":{"type":"Point","coordinates":[19.765251084943014,50.166045947594206]}},
{"type":"Feature","properties":{"X":19.759951080800001,"Y":50.174804269900001,"aktualnosc":"2025","Name":"Gzylowa Baszta , Igła, Murek i Orzeszek","wysokosc":"16","LINK":"<a href=\"https://wspinanie.pl/topo/polska/podkrakowskie/kobylanska/gzylowe_skaly.htm\" target=\"_blank\">LINK</a>","TOPO":null,"rejon":"Dolina Kobylańska","wojewodztwo":"małopolskie","powiat":"krakowski","gmina":"Wielka Wieś-gmina wiejska","nazwaOboczna":"Gzylowe Skały","foto":null,"KAT":"Skała","skaloplan":"<a href=\"./Skaly/18/Dolina_Kobylanska/T-Gzylowe_Skaly.pdf\" target=\"_blank\"><a/>"},"geometry":{"type":"Point","coordinates":[19.759827458720505,50.174807569611268]}},
{"type":"Feature","properties":{"X":19.759951080800001,"Y":50.174804269900001,"aktualnosc":"2025","Name":"Lotniki - Pierwszy Filarek","wysokosc":"14","LINK":"<a href=\"\" target=\"_blank\">LINK</a>","TOPO":null,"rejon":"Dolina Kobylańska","wojewodztwo":"małopolskie","powiat":"krakowski","gmina":"Zabierzów","nazwaOboczna":"","foto":null,"KAT":"Skała","skaloplan":"<a href=\"./Skaly/18/Dolina_Kobylanska/T-Lotniki.pdf\" target=\"_blank\"><a/>"},"geometry":{"type":"Point","coordinates":[19.763834205651133,50.165783325436216]}},
{"type":"Feature","properties":{"X":19.759951080800001,"Y":50.174804269900001,"aktualnosc":"2025","Name":"Lotniki - Drugi i Trzeci Filarek","wysokosc":"14","LINK":"<a href=\"\" target=\"_blank\">LINK</a>","TOPO":null,"rejon":"Dolina Kobylańska","wojewodztwo":"małopolskie","powiat":"krakowski","gmina":"Zabierzów","nazwaOboczna":"","foto":null,"KAT":"Skała","skaloplan":"<a href=\"./Skaly/18/Dolina_Kobylanska/T-Lotniki.pdf\" target=\"_blank\"><a/>"},"geometry":{"type":"Point","coordinates":[19.763963962882062,50.16557737507317]}},
{"type":"Feature","properties":{"X":19.759951080800001,"Y":50.174804269900001,"aktualnosc":"2025","Name":"Pochyła Grań","wysokosc":"14","LINK":"<a href=\"\" target=\"_blank\">LINK</a>","TOPO":null,"rejon":"Dolina Kobylańska","wojewodztwo":"małopolskie","powiat":"krakowski","gmina":"Zabierzów","nazwaOboczna":"","foto":null,"KAT":"Skała","skaloplan":"<a href=\"./Skaly/18/Dolina_Kobylanska/T-Lotniki.pdf\" target=\"_blank\"><a/>"},"geometry":{"type":"Point","coordinates":[19.764278125321233,50.165512201544452]}},
{"type":"Feature","properties":{"X":19.759951080800001,"Y":50.174804269900001,"aktualnosc":"2025","Name":"Jastrzębia Turnia","wysokosc":"25","LINK":"<a href=\"\" target=\"_blank\">LINK</a>","TOPO":null,"rejon":"Dolina Kobylańska","wojewodztwo":"małopolskie","powiat":"krakowski","gmina":"Zabierzów","nazwaOboczna":"","foto":null,"KAT":"Skała","skaloplan":"<a href=\"./Skaly/18/Dolina_Kobylanska/T-Lotniki.pdf\" target=\"_blank\"><a/>"},"geometry":{"type":"Point","coordinates":[19.764408563556117,50.165220789103742]}},
{"type":"Feature","properties":{"X":19.759951080800001,"Y":50.174804269900001,"aktualnosc":"2025","Name":"Szeroka Turnia","wysokosc":"25","LINK":"<a href=\"\" target=\"_blank\">LINK</a>","TOPO":null,"rejon":"Dolina Kobylańska","wojewodztwo":"małopolskie","powiat":"krakowski","gmina":"Zabierzów","nazwaOboczna":"","foto":null,"KAT":"Skała","skaloplan":"<a href=\"./Skaly/18/Dolina_Kobylanska/T-Lotniki.pdf\" target=\"_blank\"><a/>"},"geometry":{"type":"Point","coordinates":[19.764559545751847,50.16519087143508]}},
{"type":"Feature","properties":{"X":19.759951080800001,"Y":50.174804269900001,"aktualnosc":"2025","Name":"Dziurawa Turnia","wysokosc":"25","LINK":"<a href=\"\" target=\"_blank\">LINK</a>","TOPO":null,"rejon":"Dolina Kobylańska","wojewodztwo":"małopolskie","powiat":"krakowski","gmina":"Zabierzów","nazwaOboczna":"","foto":null,"KAT":"Skała","skaloplan":"<a href=\"./Skaly/18/Dolina_Kobylanska/T-Lotniki.pdf\" target=\"_blank\"><a/>"},"geometry":{"type":"Point","coordinates":[19.764766098785849,50.165180308559165]}},
{"type":"Feature","properties":{"X":19.759951080800001,"Y":50.174804269900001,"aktualnosc":"2025","Name":"Cyrk i Omszała Turnia","wysokosc":"25","LINK":"<a href=\"\" target=\"_blank\">LINK</a>","TOPO":null,"rejon":"Dolina Kobylańska","wojewodztwo":"małopolskie","powiat":"krakowski","gmina":"Zabierzów","nazwaOboczna":"","foto":null,"KAT":"Skała","skaloplan":"<a href=\"./Skaly/18/Dolina_Kobylanska/T-Lotniki.pdf\" target=\"_blank\"><a/>"},"geometry":{"type":"Point","coordinates":[19.7655036352078,50.163473319932635]}},
{"type":"Feature","properties":{"X":19.759951080800001,"Y":50.174804269900001,"aktualnosc":"2025","Name":"Podcięta Turnia","wysokosc":"25","LINK":"<a href=\"\" target=\"_blank\">LINK</a>","TOPO":null,"rejon":"Dolina Kobylańska","wojewodztwo":"małopolskie","powiat":"krakowski","gmina":"Zabierzów","nazwaOboczna":"","foto":null,"KAT":"Skała","skaloplan":"<a href=\"./Skaly/18/Dolina_Kobylanska/T-Lotniki.pdf\" target=\"_blank\"><a/>"},"geometry":{"type":"Point","coordinates":[19.765834537453323,50.163346677983611]}},
{"type":"Feature","properties":{"X":19.759951080800001,"Y":50.174804269900001,"aktualnosc":"2025","Name":"Asterix","wysokosc":"25","LINK":"<a href=\"\" target=\"_blank\">LINK</a>","TOPO":null,"rejon":"Dolina Kobylańska","wojewodztwo":"małopolskie","powiat":"krakowski","gmina":"Zabierzów","nazwaOboczna":"","foto":null,"KAT":"Skała","skaloplan":"<a href=\"./Skaly/18/Dolina_Kobylanska/T-Lotniki.pdf\" target=\"_blank\"><a/>"},"geometry":{"type":"Point","coordinates":[19.765945888068536,50.16399629428907]}},
{"type":"Feature","properties":{"X":19.759951080800001,"Y":50.174804269900001,"aktualnosc":"2025","Name":"Obelisk","wysokosc":"14","LINK":"<a href=\"\" target=\"_blank\">LINK</a>","TOPO":null,"rejon":"Dolina Kobylańska","wojewodztwo":"małopolskie","powiat":"krakowski","gmina":"Zabierzów","nazwaOboczna":"","foto":null,"KAT":"Skała","skaloplan":"<a href=\"./Skaly/18/Dolina_Kobylanska/T-Lotniki.pdf\" target=\"_blank\"><a/>"},"geometry":{"type":"Point","coordinates":[19.765504028992058,50.163839687316717]}},
{"type":"Feature","properties":{"X":19.759951080800001,"Y":50.174804269900001,"aktualnosc":"2025","Name":"Sępia Baszta","wysokosc":"20","LINK":"<a href=\"\" target=\"_blank\">LINK</a>","TOPO":null,"rejon":"Dolina Kobylańska","wojewodztwo":"małopolskie","powiat":"krakowski","gmina":"Zabierzów","nazwaOboczna":"","foto":null,"KAT":"Skała","skaloplan":"<a href=\"./Skaly/18/Dolina_Kobylanska/T-Lotniki.pdf\" target=\"_blank\"><a/>"},"geometry":{"type":"Point","coordinates":[19.765206502342721,50.164775102318778]}},
{"type":"Feature","properties":{"X":19.759951080800001,"Y":50.174804269900001,"aktualnosc":"2025","Name":"Szeroki Mur","wysokosc":"20","LINK":"<a href=\"\" target=\"_blank\">LINK</a>","TOPO":null,"rejon":"Dolina Kobylańska","wojewodztwo":"małopolskie","powiat":"krakowski","gmina":"Zabierzów","nazwaOboczna":"","foto":null,"KAT":"Skała","skaloplan":"<a href=\"./Skaly/18/Dolina_Kobylanska/T-Lotniki.pdf\" target=\"_blank\"><a/>"},"geometry":{"type":"Point","coordinates":[19.765472388793047,50.164848727889797]}},
{"type":"Feature","properties":{"X":19.759951080800001,"Y":50.174804269900001,"aktualnosc":"2025","Name":"Zadnia Wronia Baszta","wysokosc":"20","LINK":"<a href=\"\" target=\"_blank\">LINK</a>","TOPO":null,"rejon":"Dolina Kobylańska","wojewodztwo":"małopolskie","powiat":"krakowski","gmina":"Zabierzów","nazwaOboczna":"","foto":null,"KAT":"Skała","skaloplan":"<a href=\"./Skaly/18/Dolina_Kobylanska/T-Lotniki.pdf\" target=\"_blank\"><a/>"},"geometry":{"type":"Point","coordinates":[19.765584090735079,50.161932808407109]}},
{"type":"Feature","properties":{"X":19.759951080800001,"Y":50.174804269900001,"aktualnosc":"2025","Name":"Wielka Wronia Baszta","wysokosc":"30","LINK":"<a href=\"\" target=\"_blank\">LINK</a>","TOPO":null,"rejon":"Dolina Kobylańska","wojewodztwo":"małopolskie","powiat":"krakowski","gmina":"Zabierzów","nazwaOboczna":"","foto":null,"KAT":"Skała","skaloplan":"<a href=\"./Skaly/18/Dolina_Kobylanska/T-Lotniki.pdf\" target=\"_blank\"><a/>"},"geometry":{"type":"Point","coordinates":[19.765307796178153,50.162060842860321]}},
{"type":"Feature","properties":{"X":19.759951080800001,"Y":50.174804269900001,"aktualnosc":"2025","Name":"Skalny Mur","wysokosc":"18","LINK":"<a href=\"\" target=\"_blank\">LINK</a>","TOPO":null,"rejon":"Dolina Kobylańska","wojewodztwo":"małopolskie","powiat":"krakowski","gmina":"Zabierzów","nazwaOboczna":"","foto":null,"KAT":"Skała","skaloplan":"<a href=\"./Skaly/18/Dolina_Kobylanska/T-Lotniki.pdf\" target=\"_blank\"><a/>"},"geometry":{"type":"Point","coordinates":[19.764471808497003,50.161230182954434]}},
{"type":"Feature","properties":{"X":19.759951080800001,"Y":50.174804269900001,"aktualnosc":"2025","Name":"Pieninki","wysokosc":"18","LINK":"<a href=\"\" target=\"_blank\">LINK</a>","TOPO":null,"rejon":"Dolina Kobylańska","wojewodztwo":"małopolskie","powiat":"krakowski","gmina":"Zabierzów","nazwaOboczna":"","foto":null,"KAT":"Skała","skaloplan":"<a href=\"./Skaly/18/Dolina_Kobylanska/T-Lotniki.pdf\" target=\"_blank\"><a/>"},"geometry":{"type":"Point","coordinates":[19.764136273658846,50.160979963650107]}},
{"type":"Feature","properties":{"X":19.759951080800001,"Y":50.174804269900001,"aktualnosc":"2025","Name":"Tarasowata Turnia","wysokosc":"12","LINK":"<a href=\"\" target=\"_blank\">LINK</a>","TOPO":null,"rejon":"Dolina Kobylańska","wojewodztwo":"małopolskie","powiat":"krakowski","gmina":"Zabierzów","nazwaOboczna":"","foto":null,"KAT":"Skała","skaloplan":"<a href=\"./Skaly/18/Dolina_Kobylanska/T-Lotniki.pdf\" target=\"_blank\"><a/>"},"geometry":{"type":"Point","coordinates":[19.765105663407535,50.159398540799984]}},
{"type":"Feature","properties":{"X":19.759951080800001,"Y":50.174804269900001,"aktualnosc":"2025","Name":"Krucha Turnia","wysokosc":"12","LINK":"<a href=\"\" target=\"_blank\">LINK</a>","TOPO":null,"rejon":"Dolina Kobylańska","wojewodztwo":"małopolskie","powiat":"krakowski","gmina":"Zabierzów","nazwaOboczna":"","foto":null,"KAT":"Skała","skaloplan":"<a href=\"./Skaly/18/Dolina_Kobylanska/T-Lotniki.pdf\" target=\"_blank\"><a/>"},"geometry":{"type":"Point","coordinates":[19.765067845344976,50.159080626279504]}},
{"type":"Feature","properties":{"X":19.759951080800001,"Y":50.174804269900001,"aktualnosc":"2025","Name":"Krucha Turnia","wysokosc":"12","LINK":"<a href=\"\" target=\"_blank\">LINK</a>","TOPO":null,"rejon":"Dolina Kobylańska","wojewodztwo":"małopolskie","powiat":"krakowski","gmina":"Zabierzów","nazwaOboczna":"","foto":null,"KAT":"Skała","skaloplan":"<a href=\"./Skaly/18/Dolina_Kobylanska/T-Lotniki.pdf\" target=\"_blank\"><a/>"},"geometry":{"type":"Point","coordinates":[19.764713037491386,50.158647788630176]}},
{"type":"Feature","properties":{"X":19.759951080800001,"Y":50.174804269900001,"aktualnosc":"2025","Name":"Żabka","wysokosc":"12","LINK":"<a href=\"\" target=\"_blank\">LINK</a>","TOPO":null,"rejon":"Dolina Kobylańska","wojewodztwo":"małopolskie","powiat":"krakowski","gmina":"Zabierzów","nazwaOboczna":"","foto":null,"KAT":"Skała","skaloplan":"<a href=\"./Skaly/18/Dolina_Kobylanska/T-Lotniki.pdf\" target=\"_blank\"><a/>"},"geometry":{"type":"Point","coordinates":[19.762707477497713,50.15787476992044]}},
{"type":"Feature","properties":{"X":19.7630938257,"Y":50.157856584299999,"aktualnosc":null,"Name":"Mur pod Okrętem","wysokosc":"16","LINK":"<a href=\"\" target=\"_blank\"></a>","TOPO":null,"rejon":"Dolina Kobylańska","wojewodztwo":"małopolskie","powiat":"krakowski","gmina":"Zabierzów","nazwaOboczna":null,"foto":null,"KAT":"Skała","skaloplan":null},"geometry":{"type":"Point","coordinates":[19.763226924832477,50.157852951490504]}},
{"type":"Feature","properties":{"X":19.7630938257,"Y":50.157856584299999,"aktualnosc":null,"Name":"Rozwalista Turnia","wysokosc":"30","LINK":"<a href=\"\" target=\"_blank\"></a>","TOPO":null,"rejon":"Dolina Kobylańska","wojewodztwo":"małopolskie","powiat":"krakowski","gmina":"Zabierzów","nazwaOboczna":null,"foto":null,"KAT":"Skała","skaloplan":null},"geometry":{"type":"Point","coordinates":[19.760871496939139,50.157596257497488]}},
{"type":"Feature","properties":{"X":19.7598716651,"Y":50.157836145099999,"aktualnosc":null,"Name":"Wielbłłąd","wysokosc":"15","LINK":"<a href=\"\" target=\"_blank\"></a>","TOPO":null,"rejon":"Dolina Kobylańska","wojewodztwo":"małopolskie","powiat":"krakowski","gmina":"Zabierzów","nazwaOboczna":null,"foto":null,"KAT":"Skała","skaloplan":null},"geometry":{"type":"Point","coordinates":[19.759538470213013,50.157157975701288]}},
{"type":"Feature","properties":{"X":19.7598716651,"Y":50.157836145099999,"aktualnosc":null,"Name":"Postrzępiona Turnia","wysokosc":"15","LINK":"<a href=\"\" target=\"_blank\"></a>","TOPO":null,"rejon":"Dolina Kobylańska","wojewodztwo":"małopolskie","powiat":"krakowski","gmina":"Zabierzów","nazwaOboczna":null,"foto":null,"KAT":"Skała","skaloplan":null},"geometry":{"type":"Point","coordinates":[19.759487976674038,50.157329220263399]}},
{"type":"Feature","properties":{"X":19.7598716651,"Y":50.157836145099999,"aktualnosc":null,"Name":"Żabia Lalka","wysokosc":"15","LINK":"<a href=\"\" target=\"_blank\"></a>","TOPO":null,"rejon":"Dolina Kobylańska","wojewodztwo":"małopolskie","powiat":"krakowski","gmina":"Zabierzów","nazwaOboczna":null,"foto":null,"KAT":"Skała","skaloplan":null},"geometry":{"type":"Point","coordinates":[19.756539020546942,50.156157324695727]}},
{"type":"Feature","properties":{"X":19.7598716651,"Y":50.157836145099999,"aktualnosc":null,"Name":"Żabi Koń","wysokosc":"40","LINK":"<a href=\"\" target=\"_blank\"></a>","TOPO":null,"rejon":"Dolina Kobylańska","wojewodztwo":"małopolskie","powiat":"krakowski","gmina":"Zabierzów","nazwaOboczna":null,"foto":null,"KAT":"Skała","skaloplan":null},"geometry":{"type":"Point","coordinates":[19.756329372752013,50.155969369555422]}},
{"type":"Feature","properties":{"X":19.7598716651,"Y":50.157836145099999,"aktualnosc":null,"Name":"Mnich","wysokosc":"16","LINK":"<a href=\"\" target=\"_blank\"></a>","TOPO":null,"rejon":"Dolina Kobylańska","wojewodztwo":"małopolskie","powiat":"krakowski","gmina":"Zabierzów","nazwaOboczna":null,"foto":null,"KAT":"Skała","skaloplan":null},"geometry":{"type":"Point","coordinates":[19.756292652668151,50.155328022333848]}},
{"type":"Feature","properties":{"X":19.7598716651,"Y":50.157836145099999,"aktualnosc":null,"Name":"Żabi Mnich","wysokosc":"16","LINK":"<a href=\"\" target=\"_blank\"></a>","TOPO":null,"rejon":"Dolina Kobylańska","wojewodztwo":"małopolskie","powiat":"krakowski","gmina":"Zabierzów","nazwaOboczna":null,"foto":null,"KAT":"Skała","skaloplan":null},"geometry":{"type":"Point","coordinates":[19.756194493870161,50.155591606696404]}},
{"type":"Feature","properties":{"X":19.7598716651,"Y":50.157836145099999,"aktualnosc":null,"Name":"Przydrożne Skały","wysokosc":"12","LINK":"<a href=\"\" target=\"_blank\"></a>","TOPO":null,"rejon":"Dolina Kobylańska","wojewodztwo":"małopolskie","powiat":"krakowski","gmina":"Zabierzów","nazwaOboczna":null,"foto":null,"KAT":"Skała","skaloplan":null},"geometry":{"type":"Point","coordinates":[19.756907887534314,50.153986937800028]}},
{"type":"Feature","properties":{"X":19.756704626499999,"Y":50.153367403200001,"aktualnosc":"2025","Name":"Kula (Skalny Raj)","wysokosc":"14","LINK":"<a href=\"\" target=\"_blank\"></a>","TOPO":null,"rejon":"Dolina Kobylańska","wojewodztwo":"małopolskie","powiat":"krakowski","gmina":"Zabierzów","nazwaOboczna":"Skalny Raj, Sikornik","foto":null,"KAT":"Skała","skaloplan":null},"geometry":{"type":"Point","coordinates":[19.754903089336693,50.153912767693058]}},
{"type":"Feature","properties":{"X":19.756704626499999,"Y":50.153367403200001,"aktualnosc":"2025","Name":"Turnia Marcinkiewicza i Mała Płyta","wysokosc":"14","LINK":"<a href=\"\" target=\"_blank\"></a>","TOPO":null,"rejon":"Dolina Kobylańska","wojewodztwo":"małopolskie","powiat":"krakowski","gmina":"Zabierzów","nazwaOboczna":"","foto":null,"KAT":"Skała","skaloplan":null},"geometry":{"type":"Point","coordinates":[19.754702938947801,50.156125884006698]}},
{"type":"Feature","properties":{"X":19.756704626499999,"Y":50.153367403200001,"aktualnosc":"2025","Name":"Filar obok Garażu","wysokosc":"14","LINK":"<a href=\"\" target=\"_blank\"></a>","TOPO":null,"rejon":"Dolina Kobylańska","wojewodztwo":"małopolskie","powiat":"krakowski","gmina":"Zabierzów","nazwaOboczna":"","foto":null,"KAT":"Skała","skaloplan":null},"geometry":{"type":"Point","coordinates":[19.755052855067841,50.15625508233537]}},
{"type":"Feature","properties":{"X":19.756704626499999,"Y":50.153367403200001,"aktualnosc":"2025","Name":"Szara Płyta","wysokosc":"16","LINK":"<a href=\"\" target=\"_blank\"></a>","TOPO":null,"rejon":"Dolina Kobylańska","wojewodztwo":"małopolskie","powiat":"krakowski","gmina":"Zabierzów","nazwaOboczna":"","foto":null,"KAT":"Skała","skaloplan":null},"geometry":{"type":"Point","coordinates":[19.755130243893255,50.156491229865665]}},
{"type":"Feature","properties":{"X":19.756704626499999,"Y":50.153367403200001,"aktualnosc":"2025","Name":"Wysoka Płyta","wysokosc":"14","LINK":"<a href=\"\" target=\"_blank\"></a>","TOPO":null,"rejon":"Dolina Kobylańska","wojewodztwo":"małopolskie","powiat":"krakowski","gmina":"Zabierzów","nazwaOboczna":"","foto":null,"KAT":"Skała","skaloplan":null},"geometry":{"type":"Point","coordinates":[19.755456924259505,50.156963721476437]}},
{"type":"Feature","properties":{"X":19.756704626499999,"Y":50.153367403200001,"aktualnosc":"2025","Name":"Turnia z Korkiem","wysokosc":"18","LINK":"<a href=\"\" target=\"_blank\"></a>","TOPO":null,"rejon":"Dolina Kobylańska","wojewodztwo":"małopolskie","powiat":"krakowski","gmina":"Zabierzów","nazwaOboczna":"","foto":null,"KAT":"Skała","skaloplan":null},"geometry":{"type":"Point","coordinates":[19.755658766222673,50.15678623518437]}},
{"type":"Feature","properties":{"X":19.756704626499999,"Y":50.153367403200001,"aktualnosc":"2025","Name":"Zjazdowa Turnia","wysokosc":"30","LINK":"<a href=\"\" target=\"_blank\"></a>","TOPO":null,"rejon":"Dolina Kobylańska","wojewodztwo":"małopolskie","powiat":"krakowski","gmina":"Zabierzów","nazwaOboczna":"","foto":null,"KAT":"Skała","skaloplan":null},"geometry":{"type":"Point","coordinates":[19.755985856150012,50.15702470145024]}},
{"type":"Feature","properties":{"X":19.756704626499999,"Y":50.153367403200001,"aktualnosc":"2025","Name":"Turnia Długosza","wysokosc":"16","LINK":"<a href=\"\" target=\"_blank\"></a>","TOPO":null,"rejon":"Dolina Kobylańska","wojewodztwo":"małopolskie","powiat":"krakowski","gmina":"Zabierzów","nazwaOboczna":"","foto":null,"KAT":"Skała","skaloplan":null},"geometry":{"type":"Point","coordinates":[19.756151541837617,50.157149836565466]}},
{"type":"Feature","properties":{"X":19.756704626499999,"Y":50.153367403200001,"aktualnosc":"2025","Name":"Turnia z Krzyżem","wysokosc":"14","LINK":"<a href=\"\" target=\"_blank\"></a>","TOPO":null,"rejon":"Dolina Kobylańska","wojewodztwo":"małopolskie","powiat":"krakowski","gmina":"Zabierzów","nazwaOboczna":"","foto":null,"KAT":"Skała","skaloplan":null},"geometry":{"type":"Point","coordinates":[19.758198823508142,50.157722857657497]}},
{"type":"Feature","properties":{"X":19.756704626499999,"Y":50.153367403200001,"aktualnosc":"2025","Name":"Bodzio","wysokosc":"14","LINK":"<a href=\"\" target=\"_blank\"></a>","TOPO":null,"rejon":"Dolina Kobylańska","wojewodztwo":"małopolskie","powiat":"krakowski","gmina":"Zabierzów","nazwaOboczna":"","foto":null,"KAT":"Skała","skaloplan":null},"geometry":{"type":"Point","coordinates":[19.758616923411527,50.158021199748767]}},
{"type":"Feature","properties":{"X":19.756704626499999,"Y":50.153367403200001,"aktualnosc":"2025","Name":"Cycówka","wysokosc":"16","LINK":"<a href=\"\" target=\"_blank\"></a>","TOPO":null,"rejon":"Dolina Kobylańska","wojewodztwo":"małopolskie","powiat":"krakowski","gmina":"Wielka Wieś","nazwaOboczna":"","foto":null,"KAT":"Skała","skaloplan":null},"geometry":{"type":"Point","coordinates":[19.759086811276216,50.158746487697059]}},
{"type":"Feature","properties":{"X":19.756704626499999,"Y":50.153367403200001,"aktualnosc":"2025","Name":"Czarna Ścianka","wysokosc":"16","LINK":"<a href=\"\" target=\"_blank\"></a>","TOPO":null,"rejon":"Dolina Kobylańska","wojewodztwo":"małopolskie","powiat":"krakowski","gmina":"Wielka Wieś","nazwaOboczna":"","foto":null,"KAT":"Skała","skaloplan":null},"geometry":{"type":"Point","coordinates":[19.760491072197972,50.158512483457166]}},
{"type":"Feature","properties":{"X":19.756704626499999,"Y":50.153367403200001,"aktualnosc":"2025","Name":"Piersiówka","wysokosc":"16","LINK":"<a href=\"\" target=\"_blank\"></a>","TOPO":null,"rejon":"Dolina Kobylańska","wojewodztwo":"małopolskie","powiat":"krakowski","gmina":"Wielka Wieś","nazwaOboczna":"","foto":null,"KAT":"Skała","skaloplan":null},"geometry":{"type":"Point","coordinates":[19.758721813383254,50.158959228678839]}},
{"type":"Feature","properties":{"X":19.756704626499999,"Y":50.153367403200001,"aktualnosc":"2025","Name":"Prawie K2","wysokosc":"16","LINK":"<a href=\"\" target=\"_blank\"></a>","TOPO":null,"rejon":"Dolina Kobylańska","wojewodztwo":"małopolskie","powiat":"krakowski","gmina":"Wielka Wieś","nazwaOboczna":"","foto":null,"KAT":"Skała","skaloplan":null},"geometry":{"type":"Point","coordinates":[19.760185447984529,50.158597311902014]}},
{"type":"Feature","properties":{"X":19.756704626499999,"Y":50.153367403200001,"aktualnosc":"2025","Name":"Ściana na przeciw Okrętu","wysokosc":"16","LINK":"<a href=\"\" target=\"_blank\"></a>","TOPO":null,"rejon":"Dolina Kobylańska","wojewodztwo":"małopolskie","powiat":"krakowski","gmina":"Wielka Wieś","nazwaOboczna":"","foto":null,"KAT":"Skała","skaloplan":null},"geometry":{"type":"Point","coordinates":[19.762146921095308,50.158142709529876]}},
{"type":"Feature","properties":{"X":19.759951080800001,"Y":50.174804269900001,"aktualnosc":"2025","Name":"Pochyła Turnia","wysokosc":"14","LINK":"<a href=\"\" target=\"_blank\">LINK</a>","TOPO":null,"rejon":"Dolina Kobylańska","wojewodztwo":"małopolskie","powiat":"krakowski","gmina":"Zabierzów","nazwaOboczna":"","foto":null,"KAT":"Skała","skaloplan":"<a href=\"./Skaly/18/Dolina_Kobylanska/T-Lotniki.pdf\" target=\"_blank\"><a/>"},"geometry":{"type":"Point","coordinates":[19.764066448218884,50.165415428102961]}},
{"type":"Feature","properties":{"X":19.759951080800001,"Y":50.174804269900001,"aktualnosc":"2025","Name":"Chorobliwa Grań","wysokosc":"14","LINK":"<a href=\"\" target=\"_blank\">LINK</a>","TOPO":null,"rejon":"Dolina Kobylańska","wojewodztwo":"małopolskie","powiat":"krakowski","gmina":"Zabierzów","nazwaOboczna":"","foto":null,"KAT":"Skała","skaloplan":"<a href=\"./Skaly/18/Dolina_Kobylanska/T-Lotniki.pdf\" target=\"_blank\"><a/>"},"geometry":{"type":"Point","coordinates":[19.765120561902155,50.165118373316538]}},
{"type":"Feature","properties":{"X":19.759951080800001,"Y":50.174804269900001,"aktualnosc":"2025","Name":"Cyrk","wysokosc":"10","LINK":"<a href=\"\" target=\"_blank\">LINK</a>","TOPO":null,"rejon":"Dolina Kobylańska","wojewodztwo":"małopolskie","powiat":"krakowski","gmina":"Zabierzów","nazwaOboczna":"","foto":null,"KAT":"Skała","skaloplan":"<a href=\"./Skaly/18/Dolina_Kobylanska/T-Lotniki.pdf\" target=\"_blank\"><a/>"},"geometry":{"type":"Point","coordinates":[19.765829684471491,50.163555312994319]}},
{"type":"Feature","properties":{"X":19.759951080800001,"Y":50.174804269900001,"aktualnosc":"2025","Name":"Bliźnięta","wysokosc":"12","LINK":"<a href=\"\" target=\"_blank\">LINK</a>","TOPO":null,"rejon":"Dolina Kobylańska","wojewodztwo":"małopolskie","powiat":"krakowski","gmina":"Zabierzów","nazwaOboczna":"","foto":null,"KAT":"Skała","skaloplan":"<a href=\"./Skaly/18/Dolina_Kobylanska/T-Lotniki.pdf\" target=\"_blank\"><a/>"},"geometry":{"type":"Point","coordinates":[19.765096808729002,50.164912556280655]}},
{"type":"Feature","properties":{"X":null,"Y":null,"aktualnosc":"2025","Name":"Całorocznik","wysokosc":"12","LINK":null,"TOPO":null,"rejon":"Ryczów","wojewodztwo":"śląskie","powiat":"zawierciański","gmina":"Ogrodzieniec","nazwaOboczna":"Skały Sołtysa","foto":null,"KAT":null,"skaloplan":null},"geometry":{"type":"Point","coordinates":[19.586947142317559,50.425732472531024]}},
{"type":"Feature","properties":{"X":19.543649027602498,"Y":50.597249873242603,"aktualnosc":null,"Name":"Zajęcza Skała","wysokosc":null,"LINK":"<a href=\".Skaly/12/Zajecza/img/O.jpg\" target=\"_blank\">WIDOK</a>","TOPO":null,"rejon":null,"wojewodztwo":null,"powiat":"zawierciański","gmina":"Włodowice-gmina miejsko-wiejska","nazwaOboczna":null,"foto":null,"KAT":"Skała","skaloplan":null},"geometry":{"type":"Point","coordinates":[19.536435168367547,50.597009302454389]}},
{"type":"Feature","properties":{"X":19.538327471278699,"Y":50.4832573789054,"aktualnosc":"2013-06-18","Name":"Krzewiny","wysokosc":"15","LINK":"<a href=\"https://wspinanie.pl/2017/06/krzewiny-karlin-topo/\" target=\"_blank\">LINK</a>","TOPO":null,"rejon":"Karlin","wojewodztwo":"ślaskie","powiat":"zawierciański","gmina":"Zawiercie-gmina miejska","nazwaOboczna":null,"foto":null,"KAT":"Skała","skaloplan":null},"geometry":{"type":"Point","coordinates":[19.531045613809003,50.484700868138681]}},
{"type":"Feature","properties":{"X":19.548260924099999,"Y":50.5894246119,"aktualnosc":"2013-06-18","Name":"Labirynt","wysokosc":"12","LINK":"<a href=\"\" target=\"_blank\">LINK</a>","TOPO":null,"rejon":"Skały Kroczyckie | Jastrzębnik","wojewodztwo":"śląskie","powiat":"zawierciański","gmina":"Kroczyce","nazwaOboczna":"Łysak","foto":null,"KAT":"Skała","skaloplan":null},"geometry":{"type":"Point","coordinates":[19.548671381914087,50.588950413982559]}},
{"type":"Feature","properties":{"X":19.5128190806,"Y":50.565638548599999,"aktualnosc":"2014-10-10","Name":"Skały na Aptece","wysokosc":"12","LINK":"<a href=\"\" target=\"_blank\">LINK</a>","TOPO":null,"rejon":"Góra Apteka","wojewodztwo":"śląskie","powiat":"zawierciański","gmina":"Kroczyce","nazwaOboczna":"","foto":"<a href=\"./Skaly/19/Gora_Apteka/Skaly_na_Aptece/img/O.jpg\" target=\"_blank\">FOTO</a>","KAT":"Skała","skaloplan":null},"geometry":{"type":"Point","coordinates":[19.518434546865606,50.567705820015817]}},
{"type":"Feature","properties":{"X":19.6678393987,"Y":50.437076632299998,"aktualnosc":"2024","Name":"","wysokosc":"12","LINK":"<a href=\"https://wspinanie.pl/topo/polska/polnoc/smolen/park_jurajski.htm\" target=\"_blank\"></a>","TOPO":null,"rejon":"Smoleń","wojewodztwo":"śląskie","powiat":"zawierciański","gmina":"Pilica (gm. miejsko-wiejska)","nazwaOboczna":null,"foto":null,"KAT":"Skała","skaloplan":null},"geometry":{"type":"Point","coordinates":[19.672853036237459,50.432485101322143]}},
{"type":"Feature","properties":{"X":19.6678393987,"Y":50.437076632299998,"aktualnosc":"2024","Name":"Wróblowa","wysokosc":"12","LINK":"<a href=\"https://topo.portalgorski.pl/Wr%C3%B3blowa,Smole%C5%84,Jura-Krakowsko-Cz%C4%99stochowska,skala,525\" target=\"_blank\">LINK</a>","TOPO":null,"rejon":"Smoleń","wojewodztwo":"śląskie","powiat":"zawierciański","gmina":"Pilica (gm. miejsko-wiejska)","nazwaOboczna":null,"foto":null,"KAT":"Skała","skaloplan":null},"geometry":{"type":"Point","coordinates":[19.663107004363837,50.431616952533751]}},
{"type":"Feature","properties":{"X":19.359272981899998,"Y":50.679652387300003,"aktualnosc":"2020-10-29","Name":"Nowiny","wysokosc":"12","LINK":"","TOPO":null,"rejon":"Suliszowice","wojewodztwo":"śląskie","powiat":"myszkowski","gmina":" Żarki","nazwaOboczna":"","foto":"<a href=\"./Skaly/Zarki/Suliszowice/Nowiny/img/O.jpg\" target=\"_blank\">FOTO</a>","KAT":"Skała","skaloplan":null},"geometry":{"type":"Point","coordinates":[19.358104390194118,50.682326182795691]}},
{"type":"Feature","properties":{"X":19.366687220100001,"Y":50.687535733399997,"aktualnosc":"2013-06-18","Name":"Kamieniołom Warszawski","wysokosc":null,"LINK":"<a href=\"\" target=\"_blank\">LINK</a>","TOPO":null,"rejon":null,"wojewodztwo":"śląskie","powiat":"częstochowski","gmina":"Janów","nazwaOboczna":null,"foto":"<a href=\"./Skaly/Janow/Siedlec/Kamieniolom_Warszawski/img/O.jpg\" target=\"_blank\">Foto</a>","KAT":"Skała","skaloplan":null},"geometry":{"type":"Point","coordinates":[19.372757921738764,50.688759767524651]}},
{"type":"Feature","properties":{"X":19.5005865646696,"Y":50.544319457313001,"aktualnosc":"2025-02-16","Name":"Zagumnie","wysokosc":"14","LINK":"<a href=\"https://https://wspinanie.pl/2026/05/nowa-skala-w-morsku-zagumnie/\" target=\"_blank\"></a>","TOPO":null,"rejon":"Skały Morskie","wojewodztwo":"śląskie","powiat":"zawierciański","gmina":" Zawiercie (gm. miejska)","nazwaOboczna":"Słowikowa","foto":"<a href=\"./Skaly/Wlodowice/Zagumnie/img/O.jpg\" target=\"_blank\">FOTO</a>","KAT":"Skała","skaloplan":null},"geometry":{"type":"Point","coordinates":[19.502923228778826,50.5451131838254]}},
{"type":"Feature","properties":{"X":19.6074499516,"Y":50.4194282431,"aktualnosc":null,"Name":"Zamczysko","wysokosc":"12","LINK":"<a href=\"\" target=\"_blank\"></a>","TOPO":null,"rejon":"Ruskie Góry","wojewodztwo":"śląskie","powiat":"zawierciański","gmina":"Pilica (gmina wiejska)","nazwaOboczna":null,"foto":null,"KAT":"Skała","skaloplan":null},"geometry":{"type":"Point","coordinates":[19.614324863330417,50.42221984886551]}},
{"type":"Feature","properties":{"X":19.6074499516,"Y":50.4194282431,"aktualnosc":null,"Name":"Zacisznma","wysokosc":"13","LINK":"<a href=\"\" target=\"_blank\"></a>","TOPO":null,"rejon":"Ruskie Góry","wojewodztwo":"śląskie","powiat":"zawierciański","gmina":"Pilica (gmina wiejska)","nazwaOboczna":null,"foto":"<a href=\"./Skaly/Pilica/Gora_Ruska/Zaciszna/img/O.jpg\" target=\"_blank\">FOTO</a>","KAT":"Skała","skaloplan":null},"geometry":{"type":"Point","coordinates":[19.62712815317154,50.424735464706863]}},
{"type":"Feature","properties":{"X":19.6043225766105,"Y":50.438809947638497,"aktualnosc":"2013-06-18","Name":"Kryjówka","wysokosc":"15","LINK":"<a href=\"\" target=\"_blank\">LINK</a>","TOPO":null,"rejon":"Ryczów","wojewodztwo":"śląskie","powiat":"zawierciański","gmina":"Ogrodzieniec","nazwaOboczna":null,"foto":null,"KAT":"Skała","skaloplan":null},"geometry":{"type":"Point","coordinates":[19.606412798633094,50.427705775217163]}},
{"type":"Feature","properties":{"X":19.6043225766105,"Y":50.438809947638497,"aktualnosc":"2013-06-18","Name":"Grodzisko","wysokosc":"15","LINK":"<a href=\"\" target=\"_blank\">LINK</a>","TOPO":null,"rejon":"Ryczów","wojewodztwo":"śląskie","powiat":"zawierciański","gmina":"Ogrodzieniec","nazwaOboczna":null,"foto":null,"KAT":"Skała","skaloplan":null},"geometry":{"type":"Point","coordinates":[19.601853499741559,50.427582514259193]}},
{"type":"Feature","properties":{"X":19.6043225766105,"Y":50.438809947638497,"aktualnosc":"2013-06-18","Name":"Kosia Skała","wysokosc":"15","LINK":"<a href=\"\" target=\"_blank\">LINK</a>","TOPO":null,"rejon":"Ryczów","wojewodztwo":"śląskie","powiat":"zawierciański","gmina":"Ogrodzieniec","nazwaOboczna":null,"foto":null,"KAT":"Skała","skaloplan":null},"geometry":{"type":"Point","coordinates":[19.603751752480569,50.427463840710452]}},
{"type":"Feature","properties":{"X":19.6043225766105,"Y":50.438809947638497,"aktualnosc":"2013-06-18","Name":"Firkowa Skała","wysokosc":"15","LINK":"<a href=\"\" target=\"_blank\">LINK</a>","TOPO":null,"rejon":"Ryczów","wojewodztwo":"śląskie","powiat":"zawierciański","gmina":"Ogrodzieniec","nazwaOboczna":null,"foto":null,"KAT":"Skała","skaloplan":null},"geometry":{"type":"Point","coordinates":[19.592107979478392,50.421461320767314]}},
{"type":"Feature","properties":{"X":19.5123220115,"Y":50.549767643899997,"aktualnosc":"2025-02-16","Name":"Płetwa","wysokosc":"15","LINK":"<a href=\"https://topo.portalgorski.pl/Popielarka,Podlesice,Jura-Krakowsko-Cz%C4%99stochowska,skala,454\" target=\"_blank\">LINK</a>","TOPO":null,"rejon":"Skały Morskie","wojewodztwo":"śląskie","powiat":"zawierciański","gmina":" Zawiercie (gm. miejska)","nazwaOboczna":null,"foto":null,"KAT":"Skała","skaloplan":null},"geometry":{"type":"Point","coordinates":[19.512313210352175,50.549873313138015]}},
{"type":"Feature","properties":{"X":19.655555263499998,"Y":50.425473687699998,"aktualnosc":"2024-05-05","Name":"Skała w Wąwozie","wysokosc":"15","LINK":"<a href=\"https://wspinanie.pl/2018/09/w-rejonie-smolenia-nowe-drogi-na-gaju/\" target=\"_blank\"></a>","TOPO":null,"rejon":"Smoleń","wojewodztwo":"śląskie","powiat":"zawierciański","gmina":"Pilica","nazwaOboczna":null,"foto":"<a href=\"./Skaly/Pilica/Gory_Bydlinskie/W_Wawozie/img/O.jpg\" target=\"_blank\">FOTO</a>","KAT":"Skała","skaloplan":null},"geometry":{"type":"Point","coordinates":[19.650281496439291,50.416531215889123]}},
{"type":"Feature","properties":{"X":19.508497933299999,"Y":50.562789048100001,"aktualnosc":"2014-10-10","Name":"Perełka","wysokosc":"10","LINK":"<a href=\"https://wspinanie.pl/2026/05/podlesickie-znaleziska-perelka-i-dilfery/\" target=\"_blank\">LINK</a>","TOPO":null,"rejon":"Podlesice","wojewodztwo":"śląskie","powiat":"zawierciański","gmina":"Włodowice","nazwaOboczna":null,"foto":null,"KAT":"Skała","skaloplan":null},"geometry":{"type":"Point","coordinates":[19.508440455155078,50.563772365977186]}},
{"type":"Feature","properties":{"X":19.508497933299999,"Y":50.562789048100001,"aktualnosc":"2014-10-10","Name":"Dilfery","wysokosc":"8","LINK":"<a href=\"https://wspinanie.pl/2026/05/podlesickie-znaleziska-perelka-i-dilfery/\" target=\"_blank\">LINK</a>","TOPO":null,"rejon":"Podlesice","wojewodztwo":"śląskie","powiat":"zawierciański","gmina":"Włodowice","nazwaOboczna":null,"foto":null,"KAT":"Skała","skaloplan":null},"geometry":{"type":"Point","coordinates":[19.507483353026643,50.564139550352451]}},
{"type":"Feature","properties":{"X":19.521719681499999,"Y":50.532000486999998,"aktualnosc":"2023-05-05","Name":"Piaseczno","wysokosc":null,"LINK":"","TOPO":null,"rejon":"Piaseczno","wojewodztwo":"śląskie","powiat":"zawierciański","gmina":"Kroczyce","nazwaOboczna":null,"foto":null,"KAT":"Skała","skaloplan":null},"geometry":{"type":"Point","coordinates":[19.525373822860058,50.532017173046981]}},
{"type":"Feature","properties":{"X":19.522829734599998,"Y":50.5240713078,"aktualnosc":"2013-06-18","Name":"Skarzyce","wysokosc":null,"LINK":"<a href=\"\" target=\"_blank\">LINK</a>","TOPO":null,"rejon":"Skarżyce","wojewodztwo":"śląskie","powiat":"zawierciański","gmina":"Kroczyce","nazwaOboczna":null,"foto":null,"KAT":"Skała","skaloplan":null},"geometry":{"type":"Point","coordinates":[19.526993260337605,50.523310526623803]}},
{"type":"Feature","properties":{"X":19.750809229000001,"Y":50.250997025899999,"aktualnosc":"2026-05-13","Name":"Krzynkowa Skała","wysokosc":"20","LINK":"","TOPO":null,"rejon":"Sułoszowa","wojewodztwo":"małopolskie","powiat":"krakowski","gmina":"Sułoszowa","nazwaOboczna":null,"foto":"<a href=\"./Skaly/Suloszowa/Krzynkowa/img/O.jpg\" target=\"_blank\">FOTO</a>","KAT":"Skała","skaloplan":null},"geometry":{"type":"Point","coordinates":[19.769381054879847,50.254435675391832]}},
{"type":"Feature","properties":{"X":19.674833296216999,"Y":50.428257235893597,"aktualnosc":"2025-02-18","Name":"Taran","wysokosc":"8","LINK":"<a href=\"https://wspinanie.pl/2026/05/taran-i-katapulta-na-smoleniu/\" target=\"_blank\">LINK</a>","TOPO":"<!DOCTYPE HTML PUBLIC \"-//W3C//DTD HTML 4.0//EN\" \"http://www.w3.org/TR/REC-html40/strict.dtd\">\n<html><head><meta name=\"qrichtext\" content=\"1\" /><meta charset=\"utf-8\" /><style type=\"text/css\">\np, li { white-space: pre-wrap; }\nhr { height: 1px; border-width: 0; }\nli.unchecked::marker { content: \"\\2610\"; }\nli.checked::marker { content: \"\\2612\"; }\n</style></head><body style=\" font-family:'Segoe UI'; font-size:10pt; font-weight:400; font-style:normal;\">\n<p style=\" margin-top:0px; margin-bottom:0px; margin-left:0px; margin-right:0px; -qt-block-indent:0; text-indent:0px;\"><a href=\"./Skaly/23/Zegarowa/T-SMOLEN_ZEGAROWA.pdf\"><span style=\" text-decoration: underline; color:#99ebff;\">TOPO</span></a></p></body></html>","rejon":"Smoleń","wojewodztwo":"Małopolskie","powiat":"olkuski","gmina":"Wolbrom (gm. miejsko-wiejska)","nazwaOboczna":null,"foto":"<a href=\"https://www.mapajury.pl/Jaskinie/Wolbrom/Schronisko_w_Oparanicy_III/O.jpg\" target=\"_blank\">LINK</a>","KAT":"Skała","skaloplan":null},"geometry":{"type":"Point","coordinates":[19.678629201327503,50.428721396448914]}},
{"type":"Feature","properties":{"X":19.674833296216999,"Y":50.428257235893597,"aktualnosc":"2025-02-18","Name":"Katapulta","wysokosc":"8","LINK":"<a href=\"https://wspinanie.pl/2026/05/taran-i-katapulta-na-smoleniu/\" target=\"_blank\">LINK</a>","TOPO":"<!DOCTYPE HTML PUBLIC \"-//W3C//DTD HTML 4.0//EN\" \"http://www.w3.org/TR/REC-html40/strict.dtd\">\n<html><head><meta name=\"qrichtext\" content=\"1\" /><meta charset=\"utf-8\" /><style type=\"text/css\">\np, li { white-space: pre-wrap; }\nhr { height: 1px; border-width: 0; }\nli.unchecked::marker { content: \"\\2610\"; }\nli.checked::marker { content: \"\\2612\"; }\n</style></head><body style=\" font-family:'Segoe UI'; font-size:10pt; font-weight:400; font-style:normal;\">\n<p style=\" margin-top:0px; margin-bottom:0px; margin-left:0px; margin-right:0px; -qt-block-indent:0; text-indent:0px;\"><a href=\"./Skaly/23/Zegarowa/T-SMOLEN_ZEGAROWA.pdf\"><span style=\" text-decoration: underline; color:#99ebff;\">TOPO</span></a></p></body></html>","rejon":"Smoleń","wojewodztwo":"Małopolskie","powiat":"olkuski","gmina":"Wolbrom (gm. miejsko-wiejska)","nazwaOboczna":null,"foto":"<a href=\"/img/O.jpg\" target=\"_blank\">LINK</a>","KAT":"Skała","skaloplan":null},"geometry":{"type":"Point","coordinates":[19.679500633491678,50.429064380165492]}},
{"type":"Feature","properties":{"X":19.756168636000002,"Y":50.2393811564,"aktualnosc":"2026.05.27","Name":"Snopek","wysokosc":"12","LINK":"<a href=\"https://topo.wspinka.org/babie-doly/snopek\" target=\"_blank\"></a>","TOPO":null,"rejon":"Sułoszowa | Babie Doły","wojewodztwo":"małopolskie","powiat":"krakowski","gmina":"Sułoszowa (gm. wiejska)","nazwaOboczna":null,"foto":"<a href=\"./Skaly/Suloszowa/Babie_Doly/Snopek/img/O.jpg\" target=\"_blank\">FOTO</a>","KAT":"Skała","skaloplan":"<a href=\"./Skaly/Suloszowa/Babie_Doly/Krosna/T-Babie_Doly-Snopek.pdf\" target=\"_blank\">TOPO</a>"},"geometry":{"type":"Point","coordinates":[19.758400740288781,50.240572318240694]}},
{"type":"Feature","properties":{"X":19.756168636000002,"Y":50.2393811564,"aktualnosc":"2026.05.27","Name":"Krosna","wysokosc":"8","LINK":"<a href=\"https://topo.wspinka.org/babie-doly/krosna\" target=\"_blank\"></a>","TOPO":null,"rejon":"Sułoszowa | Babie Doły","wojewodztwo":"małopolskie","powiat":"krakowski","gmina":"Sułoszowa (gm. wiejska)","nazwaOboczna":null,"foto":"<a href=\"./Skaly/Suloszowa/Babie_Doly/Krosna/img/O.jpg\" target=\"_blank\">FOTO</a>","KAT":"Skała","skaloplan":"<a href=\"./Skaly/Suloszowa/Babie_Doly/Krosna/T-Babie_Doly-Krosna.pdf\" target=\"_blank\">TOPO</a>"},"geometry":{"type":"Point","coordinates":[19.760784145714091,50.241399872437007]}},
{"type":"Feature","properties":{"X":19.756168636000002,"Y":50.2393811564,"aktualnosc":"2026.05.27","Name":"Rzeszoto","wysokosc":"12","LINK":"<a href=\"https://topo.wspinka.org/babie-doly/rzeszoto\" target=\"_blank\">WSPINKA.pl</a>","TOPO":null,"rejon":"Sułoszowa | Babie Doły","wojewodztwo":"małopolskie","powiat":"krakowski","gmina":"Sułoszowa (gm. wiejska)","nazwaOboczna":null,"foto":"<a href=\"./Skaly/Suloszowa/Babie_Doly/Rzeszoto/img/O.jpg\" target=\"_blank\">FOTO</a>","KAT":"Skała","skaloplan":"<a href=\"./Skaly/Suloszowa/Babie_Doly/Krosna/T-Babie_Doly-Rzeszoto.pdf\" target=\"_blank\">TOPO</a>"},"geometry":{"type":"Point","coordinates":[19.762463063561817,50.242204473579299]}},
{"type":"Feature","properties":{"X":19.455354740299999,"Y":50.627922153299998,"aktualnosc":"2025-03-16","Name":"Koci Łeb","wysokosc":"8","LINK":"<a href=\"http://toprope.pl/index.php/topo/polska/1493-koci-leb-damiak-topo-rejonu-wspinaczkowego-2023\" target=\"_blank\">LINK</a>","TOPO":null,"rejon":"Mzurów|Damiak","wojewodztwo":"śląskie","powiat":"myszkowski","gmina":"Niegowa (gm. wiejska)","nazwaOboczna":null,"foto":"<a href=\".\\Skaly\\Niegowa\\Mzurow\\Koci_Leb\\img\\O.jpg\" target=\"_blank\">FOTO</a>","KAT":"Skała","skaloplan":null},"geometry":{"type":"Point","coordinates":[19.49163655250819,50.666141889432616]}},
{"type":"Feature","properties":{"X":19.455354740299999,"Y":50.627922153299998,"aktualnosc":"2025-03-16","Name":"Falista","wysokosc":"12","LINK":"<a href=\"http://toprope.pl/index.php/topo/polska/1493-koci-leb-damiak-topo-rejonu-wspinaczkowego-2023\" target=\"_blank\">LINK</a>","TOPO":null,"rejon":"Mzurów|Damiak","wojewodztwo":"śląskie","powiat":"myszkowski","gmina":"Niegowa (gm. wiejska)","nazwaOboczna":null,"foto":"<a href=\".\\Skaly\\Niegowa\\Mzurow\\Falista\\img\\O.jpg\" target=\"_blank\">FOTO</a>","KAT":"Skała","skaloplan":null},"geometry":{"type":"Point","coordinates":[19.491263368279547,50.666614957117396]}},
{"type":"Feature","properties":{"X":19.455354740299999,"Y":50.627922153299998,"aktualnosc":"2025-03-16","Name":"Kocia Płyta","wysokosc":"10","LINK":"<a href=\"http://toprope.pl/index.php/topo/polska/1493-koci-leb-damiak-topo-rejonu-wspinaczkowego-2023\" target=\"_blank\">LINK</a>","TOPO":null,"rejon":"Mzurów|Damiak","wojewodztwo":"śląskie","powiat":"myszkowski","gmina":"Niegowa (gm. wiejska)","nazwaOboczna":null,"foto":"<a href=\".\\Skaly\\Niegowa\\Mzurow\\Kocia_Plyta\\img\\O.jpg\" target=\"_blank\">FOTO</a>","KAT":"Skała","skaloplan":null},"geometry":{"type":"Point","coordinates":[19.491215248522419,50.666706072769223]}},
{"type":"Feature","properties":{"X":19.455354740299999,"Y":50.627922153299998,"aktualnosc":"2025-03-16","Name":"Drapak","wysokosc":"10","LINK":"<a href=\"http://toprope.pl/index.php/topo/polska/1493-koci-leb-damiak-topo-rejonu-wspinaczkowego-2023\" target=\"_blank\">LINK</a>","TOPO":null,"rejon":"Mzurów|Damiak","wojewodztwo":"śląskie","powiat":"myszkowski","gmina":"Niegowa (gm. wiejska)","nazwaOboczna":null,"foto":"<a href=\".\\Skaly\\Niegowa\\Mzurow\\Drapak\\img\\O.jpg\" target=\"_blank\">FOTO</a>","KAT":"Skała","skaloplan":null},"geometry":{"type":"Point","coordinates":[19.491393450136645,50.666725074339212]}},
{"type":"Feature","properties":{"X":19.455354740299999,"Y":50.627922153299998,"aktualnosc":"2025-03-16","Name":"Połogi Kamień","wysokosc":"10","LINK":"<a href=\"\" target=\"_blank\"></a>","TOPO":null,"rejon":"Mzurów|Bukowa Kępa","wojewodztwo":"śląskie","powiat":"myszkowski","gmina":"Niegowa (gm. wiejska)","nazwaOboczna":null,"foto":"<a href=\".\\Skaly\\Niegowa\\Mzurow\\Pologi_Kamien\\img\\O.jpg\" target=\"_blank\">FOTO</a>","KAT":"Skała","skaloplan":null},"geometry":{"type":"Point","coordinates":[19.497242542422747,50.674287114234062]}},
{"type":"Feature","properties":{"X":19.701970686300001,"Y":50.153139016099999,"aktualnosc":"2026.08.17","Name":"Bramka","wysokosc":"15","LINK":"<a href=\"https://topo.wspinka.org/skaly-nad-boiskiem/bramka\" target=\"_blank\">WSPINKA.PL</a>","TOPO":null,"rejon":"Dolina Szklarki | Dubie - Skały nad Boiskiem","wojewodztwo":"małopolskie","powiat":"krakowski","gmina":"Krzeszowice","nazwaOboczna":null,"foto":"<a href=\"./Skaly/Krzeszowice/Dubie/Skaly_nad_Boiskiem/Bramka/img/O.jpg\" target=\"_blank\"></a>","KAT":"Skała","skaloplan":"<a href=\"./Skaly/Krzeszowice/Dubie/Skaly_nad_Boiskiem/Bramka/T-Dubie_Bramka.pdf\" target=\"_blank\">TOPO</a>"},"geometry":{"type":"Point","coordinates":[19.694975299544268,50.153742084724733]}},
{"type":"Feature","properties":{"X":19.701970686300001,"Y":50.153139016099999,"aktualnosc":"2026.08.17","Name":"Trybuna","wysokosc":"12","LINK":"<a href=\"https://topo.wspinka.org/skaly-nad-boiskiem/trybuna\" target=\"_blank\">WSPINKA.PL</a>","TOPO":null,"rejon":"Dolina Szklarki | Dubie - Skały nad Boiskiem","wojewodztwo":"małopolskie","powiat":"krakowski","gmina":"Krzeszowice","nazwaOboczna":null,"foto":"<a href=\"./Skaly/Krzeszowice/Dubie/Skaly_nad_Boiskiem/Trybuna/img/O.jpg\" target=\"_blank\"></a>","KAT":"Skała","skaloplan":"<a href=\"./Skaly/Krzeszowice/Dubie/Skaly_nad_Boiskiem/Trybuna/T-Dubie_Trybuna.pdf\" target=\"_blank\">TOPO</a>"},"geometry":{"type":"Point","coordinates":[19.695086062538181,50.153887612176035]}},
{"type":"Feature","properties":{"X":19.701970686300001,"Y":50.153139016099999,"aktualnosc":"2026.08.17","Name":"Piłka","wysokosc":"10","LINK":"<a href=\"https://topo.wspinka.org/skaly-nad-boiskiem/pilka\" target=\"_blank\">WSPINKA.PL</a>","TOPO":null,"rejon":"Dolina Szklarki | Dubie - Skały nad Boiskiem","wojewodztwo":"małopolskie","powiat":"krakowski","gmina":"Krzeszowice","nazwaOboczna":null,"foto":"<a href=\"./Skaly/Krzeszowice/Dubie/Skaly_nad_Boiskiem/Pilka/img/O.jpg\" target=\"_blank\"></a>","KAT":"Skała","skaloplan":"<a href=\"./Skaly/Krzeszowice/Dubie/Skaly_nad_Boiskiem/Pilka/T-Dubie_Pilka.pdf\" target=\"_blank\">TOPO</a>"},"geometry":{"type":"Point","coordinates":[19.694859596324108,50.153961241127348]}},
{"type":"Feature","properties":{"X":19.701970686300001,"Y":50.153139016099999,"aktualnosc":"2026.08.17","Name":"Murawa","wysokosc":"14","LINK":"<a href=\"https://topo.wspinka.org/skaly-nad-boiskiem/murawa\" target=\"_blank\">WSPINKA.PL</a>","TOPO":null,"rejon":"Dolina Szklarki | Dubie - Skały nad Boiskiem","wojewodztwo":"małopolskie","powiat":"krakowski","gmina":"Krzeszowice","nazwaOboczna":null,"foto":"<a href=\"./Skaly/Krzeszowice/Dubie/Skaly_nad_Boiskiem/Murawa/img/O.jpg\" target=\"_blank\"></a>","KAT":"Skała","skaloplan":"<a href=\"./Skaly/Krzeszowice/Dubie/Skaly_nad_Boiskiem/Murawa/T-Dubie_Murawa.pdf\" target=\"_blank\">TOPO</a>"},"geometry":{"type":"Point","coordinates":[19.694784584216226,50.154077492287627]}},
{"type":"Feature","properties":{"X":19.701970686300001,"Y":50.153139016099999,"aktualnosc":"2026.08.17","Name":"Jupiter","wysokosc":"16","LINK":"<a href=\"https://topo.wspinka.org/skaly-nad-boiskiem/jupiter\" target=\"_blank\">WSPINKA.PL</a>","TOPO":null,"rejon":"Dolina Szklarki | Dubie - Skały nad Boiskiem","wojewodztwo":"małopolskie","powiat":"krakowski","gmina":"Krzeszowice","nazwaOboczna":null,"foto":"<a href=\"./Skaly/Krzeszowice/Dubie/Skaly_nad_Boiskiem/Jupiter/img/O.jpg\" target=\"_blank\"></a>","KAT":"Skała","skaloplan":"<a href=\"./Skaly/Krzeszowice/Dubie/Skaly_nad_Boiskiem/Jupiter/T-Dubie_Jupiter.pdf\" target=\"_blank\">TOPO</a>"},"geometry":{"type":"Point","coordinates":[19.694744753730248,50.154151646978846]}},
{"type":"Feature","properties":{"X":19.701970686300001,"Y":50.153139016099999,"aktualnosc":"2026.08.17","Name":"Slupek","wysokosc":"15","LINK":"<a href=\"https://topo.wspinka.org/skaly-nad-boiskiem/slupek\" target=\"_blank\"></a>","TOPO":null,"rejon":"Dolina Szklarki | Dubie - Skały nad Boiskiem","wojewodztwo":"małopolskie","powiat":"krakowski","gmina":"Krzeszowice","nazwaOboczna":null,"foto":"<a href=\"./Skaly/Krzeszowice/Dubie/Skaly_nad_Boiskiem/Bramka/img/O.jpg\" target=\"_blank\"></a>","KAT":"Skała","skaloplan":"<a href=\"./Skaly/Krzeszowice/Dubie/Skaly_nad_Boiskiem/Bramka/T-Dubie_Bramka.pdf\" target=\"_blank\"></a>"},"geometry":{"type":"Point","coordinates":[19.695143558551809,50.153709457977776]}},
{"type":"Feature","properties":{"X":19.209298571360002,"Y":50.822278386625399,"aktualnosc":"2026-09-10","Name":"Chełmo","wysokosc":"18","LINK":"<a href=\"./Skaly/Przedborz/Chelmo/link_HYP.html\" target=\"_blank\">OPIS</a>","TOPO":null,"rejon":"Wzgórza radomszczańskie","wojewodztwo":"łódzkie","powiat":"radomszczański","gmina":"Przedbórz (gm. miejska)","nazwaOboczna":"","foto":"<a href=\"./Skaly/Przedborz/Chelmo/img/O.jpg\" target=\"_blank\">FOTO</a>","KAT":"Skała","skaloplan":""},"geometry":{"type":"Point","coordinates":[19.740136085152503,51.057394576652499]}},
{"type":"Feature","properties":{"X":19.7696405460355,"Y":50.189391070670801,"aktualnosc":"2023","Name":"Wielka Turnia","wysokosc":"30","LINK":"<a href=\"https://topo.wspinka.org/grupa-wielkiej-turni/wielka-turnia\" target=\"_blank\">WSPINKA.ORG</a>","TOPO":"null","rejon":"Dolina Będkowska | Grupa Wielkiej Turni","wojewodztwo":"małopolskie","powiat":"krakowski","gmina":"Wielka Wieś-gmina wiejska","nazwaOboczna":null,"foto":null,"KAT":"Skała","skaloplan":null},"geometry":{"type":"Point","coordinates":[19.769528,50.189528]}},
{"type":"Feature","properties":{"X":19.7696405460355,"Y":50.189391070670801,"aktualnosc":"2023","Name":"Kurtyna","wysokosc":"20","LINK":"<a href=\"https://topo.wspinka.org/grupa-wielkiej-turni/kurtyna\" target=\"_blank\">WSPINKA.ORG</a>","TOPO":"null","rejon":"Dolina Będkowska | Grupa Wielkiej Turni","wojewodztwo":"małopolskie","powiat":"krakowski","gmina":"Wielka Wieś-gmina wiejska","nazwaOboczna":null,"foto":null,"KAT":"Skała","skaloplan":null},"geometry":{"type":"Point","coordinates":[19.769309,50.189431]}},
{"type":"Feature","properties":{"X":19.7696405460355,"Y":50.189391070670801,"aktualnosc":"2023","Name":"Średnik","wysokosc":"20","LINK":"<a href=\"https://topo.wspinka.org/grupa-wielkiej-turni/srednik\" target=\"_blank\">WSPINKA.ORG</a>","TOPO":"null","rejon":"Dolina Będkowska | Grupa Wielkiej Turni","wojewodztwo":"małopolskie","powiat":"krakowski","gmina":"Wielka Wieś-gmina wiejska","nazwaOboczna":null,"foto":null,"KAT":"Skała","skaloplan":null},"geometry":{"type":"Point","coordinates":[19.769034,50.189467]}},
{"type":"Feature","properties":{"X":19.7696405460355,"Y":50.189391070670801,"aktualnosc":"2023","Name":"Mur Skwirczyńskiego","wysokosc":"25","LINK":"<a href=\"https://topo.wspinka.org/grupa-wielkiej-turni/mur-skwirczynskiego\" target=\"_blank\">WSPINKA.ORG</a>","TOPO":"null","rejon":"Dolina Będkowska | Grupa Zaklętego Muru","wojewodztwo":"małopolskie","powiat":"krakowski","gmina":"Wielka Wieś-gmina wiejska","nazwaOboczna":null,"foto":null,"KAT":"Skała","skaloplan":null},"geometry":{"type":"Point","coordinates":[19.768713,50.189472]}},
{"type":"Feature","properties":{"X":19.7696405460355,"Y":50.189391070670801,"aktualnosc":"2023","Name":"Misiaczek","wysokosc":"14","LINK":"<a href=\"https://wspinanie.pl/topo/polska/podkrakowskie/bedkowska/misiaczek.htm\" target=\"_blank\">WSPINKA.ORG</a>","TOPO":"null","rejon":"Dolina Będkowska | Grupa Zaklętego Muru","wojewodztwo":"małopolskie","powiat":"krakowski","gmina":"Wielka Wieś-gmina wiejska","nazwaOboczna":null,"foto":null,"KAT":"Skała","skaloplan":null},"geometry":{"type":"Point","coordinates":[19.768278,50.189318]}},
{"type":"Feature","properties":{"X":19.7696405460355,"Y":50.189391070670801,"aktualnosc":"2023","Name":"Dwie Wieże","wysokosc":"18","LINK":"<a href=\"\" target=\"_blank\"></a>","TOPO":"null","rejon":"Dolina Będkowska | Grupa Zaklętego Muru","wojewodztwo":"małopolskie","powiat":"krakowski","gmina":"Wielka Wieś-gmina wiejska","nazwaOboczna":null,"foto":null,"KAT":"Skała","skaloplan":null},"geometry":{"type":"Point","coordinates":[19.768827,50.189265]}}
]
}
